leverage,r,rep,tau,recall,fp,h0,max_h_bg,time
0.3,5,0,0.3,1.0,0,0.3007454794627008,0.07901296289812282,0.007704496383666992
0.3,5,0,0.5,0.0,0,0.3007454794627008,0.07901296289812282,0.007704496383666992
0.3,5,1,0.3,1.0,0,0.3006437886337231,0.0815253127984267,0.00500178337097168
0.3,5,1,0.5,0.0,0,0.3006437886337231,0.0815253127984267,0.00500178337097168
0.3,5,2,0.3,1.0,0,0.3031105554018811,0.0746610763952476,0.003998517990112305
0.3,5,2,0.5,0.0,0,0.3031105554018811,0.0746610763952476,0.003998517990112305
0.3,5,3,0.3,1.0,0,0.3038558996506535,0.07611942210700584,0.0056383609771728516
0.3,5,3,0.5,0.0,0,0.3038558996506535,0.07611942210700584,0.0056383609771728516
0.3,5,4,0.3,1.0,0,0.30094358361786605,0.07362899834975334,0.00399327278137207
0.3,5,4,0.5,0.0,0,0.30094358361786605,0.07362899834975334,0.00399327278137207
0.3,5,5,0.3,1.0,0,0.30198968898997813,0.0639299076143046,0.005004167556762695
0.3,5,5,0.5,0.0,0,0.30198968898997813,0.0639299076143046,0.005004167556762695
0.3,5,6,0.3,1.0,0,0.3023189203599407,0.08258266152812192,0.004435062408447266
0.3,5,6,0.5,0.0,0,0.3023189203599407,0.08258266152812192,0.004435062408447266
0.3,5,7,0.3,1.0,0,0.30211471036465154,0.06342342836747139,0.00499272346496582
0.3,5,7,0.5,0.0,0,0.30211471036465154,0.06342342836747139,0.00499272346496582
0.3,5,8,0.3,1.0,0,0.3048517520677535,0.06528791315671886,0.006159782409667969
0.3,5,8,0.5,0.0,0,0.3048517520677535,0.06528791315671886,0.006159782409667969
0.3,5,9,0.3,1.0,0,0.3024358632601142,0.06820718889890047,0.004998445510864258
0.3,5,9,0.5,0.0,0,0.3024358632601142,0.06820718889890047,0.004998445510864258
0.3,5,10,0.3,1.0,0,0.3026771684177434,0.07260629085712066,0.004013776779174805
0.3,5,10,0.5,0.0,0,0.3026771684177434,0.07260629085712066,0.004013776779174805
0.3,5,11,0.3,1.0,0,0.3029184941155952,0.07496487747901837,0.006925344467163086
0.3,5,11,0.5,0.0,0,0.3029184941155952,0.07496487747901837,0.006925344467163086
0.3,5,12,0.3,1.0,0,0.30252134858406066,0.09659941111852337,0.004008054733276367
0.3,5,12,0.5,0.0,0,0.30252134858406066,0.09659941111852337,0.004008054733276367
0.3,5,13,0.3,1.0,0,0.3036788085573878,0.12799344267915483,0.004992008209228516
0.3,5,13,0.5,0.0,0,0.3036788085573878,0.12799344267915483,0.004992008209228516
0.3,5,14,0.3,1.0,0,0.3024698456460828,0.0792618717174508,0.003609180450439453
0.3,5,14,0.5,0.0,0,0.3024698456460828,0.0792618717174508,0.003609180450439453
0.3,5,15,0.3,1.0,0,0.3002272191528788,0.08934574483124222,0.004991292953491211
0.3,5,15,0.5,0.0,0,0.3002272191528788,0.08934574483124222,0.004991292953491211
0.3,5,16,0.3,1.0,0,0.3026575639749714,0.07759316601948964,0.004008293151855469
0.3,5,16,0.5,0.0,0,0.3026575639749714,0.07759316601948964,0.004008293151855469
0.3,5,17,0.3,1.0,0,0.30356898591673304,0.07529866076723918,0.0037043094635009766
0.3,5,17,0.5,0.0,0,0.30356898591673304,0.07529866076723918,0.0037043094635009766
0.3,5,18,0.3,1.0,0,0.3039604053146404,0.0805022552788172,0.005068540573120117
0.3,5,18,0.5,0.0,0,0.3039604053146404,0.0805022552788172,0.005068540573120117
0.3,5,19,0.3,1.0,0,0.30389560963454415,0.08585492694161168,0.003944873809814453
0.3,5,19,0.5,0.0,0,0.30389560963454415,0.08585492694161168,0.003944873809814453
0.3,5,20,0.3,1.0,0,0.3028370793068988,0.07463741197540719,0.00642085075378418
0.3,5,20,0.5,0.0,0,0.3028370793068988,0.07463741197540719,0.00642085075378418
0.3,5,21,0.3,1.0,0,0.3006913472360987,0.09986324173035269,0.003994464874267578
0.3,5,21,0.5,0.0,0,0.3006913472360987,0.09986324173035269,0.003994464874267578
0.3,5,22,0.3,1.0,0,0.3017204304241439,0.08218095733919832,0.005699634552001953
0.3,5,22,0.5,0.0,0,0.3017204304241439,0.08218095733919832,0.005699634552001953
0.3,5,23,0.3,1.0,0,0.30231216302477326,0.067995462899463,0.004015922546386719
0.3,5,23,0.5,0.0,0,0.30231216302477326,0.067995462899463,0.004015922546386719
0.3,5,24,0.3,1.0,0,0.30527849176632643,0.06614550121523957,0.005008697509765625
0.3,5,24,0.5,0.0,0,0.30527849176632643,0.06614550121523957,0.005008697509765625
0.3,5,25,0.3,1.0,0,0.3049754281443689,0.07805116693615922,0.006731271743774414
0.3,5,25,0.5,0.0,0,0.3049754281443689,0.07805116693615922,0.006731271743774414
0.3,5,26,0.3,1.0,0,0.30312251131480494,0.09624168845171915,0.005056619644165039
0.3,5,26,0.5,0.0,0,0.30312251131480494,0.09624168845171915,0.005056619644165039
0.3,5,27,0.3,1.0,0,0.3014022272833146,0.08541351823602492,0.003991603851318359
0.3,5,27,0.5,0.0,0,0.3014022272833146,0.08541351823602492,0.003991603851318359
0.3,5,28,0.3,1.0,0,0.30353401186186635,0.08206657854683905,0.0051386356353759766
0.3,5,28,0.5,0.0,0,0.30353401186186635,0.08206657854683905,0.0051386356353759766
0.3,5,29,0.3,1.0,0,0.30470457918353183,0.07218024764687893,0.005019664764404297
0.3,5,29,0.5,0.0,0,0.30470457918353183,0.07218024764687893,0.005019664764404297
0.3,5,30,0.3,1.0,0,0.30145055075392563,0.07328367555561334,0.0050008296966552734
0.3,5,30,0.5,0.0,0,0.30145055075392563,0.07328367555561334,0.0050008296966552734
0.3,5,31,0.3,1.0,0,0.3018955684174764,0.07267737544567542,0.011506319046020508
0.3,5,31,0.5,0.0,0,0.3018955684174764,0.07267737544567542,0.011506319046020508
0.3,5,32,0.3,1.0,0,0.30091286265743733,0.08751049489403888,0.019462108612060547
0.3,5,32,0.5,0.0,0,0.30091286265743733,0.08751049489403888,0.019462108612060547
0.3,5,33,0.3,1.0,0,0.3039941493917777,0.08990689901454463,0.013585567474365234
0.3,5,33,0.5,0.0,0,0.3039941493917777,0.08990689901454463,0.013585567474365234
0.3,5,34,0.3,1.0,0,0.30333887248223534,0.09713090305900364,0.011173725128173828
0.3,5,34,0.5,0.0,0,0.30333887248223534,0.09713090305900364,0.011173725128173828
0.3,5,35,0.3,1.0,0,0.3026490520129192,0.08835566244818008,0.012336015701293945
0.3,5,35,0.5,0.0,0,0.3026490520129192,0.08835566244818008,0.012336015701293945
0.3,5,36,0.3,1.0,0,0.30264846752185826,0.06383983090343742,0.008027315139770508
0.3,5,36,0.5,0.0,0,0.30264846752185826,0.06383983090343742,0.008027315139770508
0.3,5,37,0.3,1.0,0,0.301300835744493,0.08334640739189544,0.011785030364990234
0.3,5,37,0.5,0.0,0,0.301300835744493,0.08334640739189544,0.011785030364990234
0.3,5,38,0.3,1.0,0,0.3025155032419549,0.09162206489053265,0.0066051483154296875
0.3,5,38,0.5,0.0,0,0.3025155032419549,0.09162206489053265,0.0066051483154296875
0.3,5,39,0.3,1.0,0,0.30276633776423295,0.09247374690171205,0.006182193756103516
0.3,5,39,0.5,0.0,0,0.30276633776423295,0.09247374690171205,0.006182193756103516
0.3,5,40,0.3,1.0,0,0.31145401745009976,0.08462699085526557,0.0049877166748046875
0.3,5,40,0.5,0.0,0,0.31145401745009976,0.08462699085526557,0.0049877166748046875
0.3,5,41,0.3,1.0,0,0.3009246238483916,0.0792603557777513,0.004000663757324219
0.3,5,41,0.5,0.0,0,0.3009246238483916,0.0792603557777513,0.004000663757324219
0.3,5,42,0.3,1.0,0,0.30161965462719603,0.09027350940008863,0.005003452301025391
0.3,5,42,0.5,0.0,0,0.30161965462719603,0.09027350940008863,0.005003452301025391
0.3,5,43,0.3,1.0,0,0.30291889985231885,0.08373173229641263,0.004950761795043945
0.3,5,43,0.5,0.0,0,0.30291889985231885,0.08373173229641263,0.004950761795043945
0.3,5,44,0.3,1.0,0,0.3002162723590907,0.08025118964462544,0.005026340484619141
0.3,5,44,0.5,0.0,0,0.3002162723590907,0.08025118964462544,0.005026340484619141
0.3,5,45,0.3,1.0,0,0.3016136848079294,0.07628300781887631,0.0068547725677490234
0.3,5,45,0.5,0.0,0,0.3016136848079294,0.07628300781887631,0.0068547725677490234
0.3,5,46,0.3,1.0,0,0.3019333771044573,0.08504715870757294,0.004917621612548828
0.3,5,46,0.5,0.0,0,0.3019333771044573,0.08504715870757294,0.004917621612548828
0.3,5,47,0.3,1.0,0,0.30203866710366206,0.08442770413762044,0.006796121597290039
0.3,5,47,0.5,0.0,0,0.30203866710366206,0.08442770413762044,0.006796121597290039
0.3,5,48,0.3,1.0,0,0.301937576835636,0.06850140194769329,0.009389638900756836
0.3,5,48,0.5,0.0,0,0.301937576835636,0.06850140194769329,0.009389638900756836
0.3,5,49,0.3,1.0,0,0.3019856125343305,0.09472678069464811,0.005995035171508789
0.3,5,49,0.5,0.0,0,0.3019856125343305,0.09472678069464811,0.005995035171508789
0.3,5,50,0.3,1.0,0,0.30323093573417625,0.08375378444960599,0.007215261459350586
0.3,5,50,0.5,0.0,0,0.30323093573417625,0.08375378444960599,0.007215261459350586
0.3,5,51,0.3,1.0,0,0.30679490395784664,0.08819114084976702,0.0055103302001953125
0.3,5,51,0.5,0.0,0,0.30679490395784664,0.08819114084976702,0.0055103302001953125
0.3,5,52,0.3,1.0,0,0.30226857274121116,0.07472957891162661,0.006348371505737305
0.3,5,52,0.5,0.0,0,0.30226857274121116,0.07472957891162661,0.006348371505737305
0.3,5,53,0.3,1.0,0,0.30280521551639095,0.09631552466261047,0.007533550262451172
0.3,5,53,0.5,0.0,0,0.30280521551639095,0.09631552466261047,0.007533550262451172
0.3,5,54,0.3,1.0,0,0.30077345267553396,0.09377950471255034,0.0049970149993896484
0.3,5,54,0.5,0.0,0,0.30077345267553396,0.09377950471255034,0.0049970149993896484
0.3,5,55,0.3,1.0,0,0.3049663969980393,0.08328519082308364,0.007347822189331055
0.3,5,55,0.5,0.0,0,0.3049663969980393,0.08328519082308364,0.007347822189331055
0.3,5,56,0.3,1.0,0,0.30170074317699813,0.11975560142659092,0.006558656692504883
0.3,5,56,0.5,0.0,0,0.30170074317699813,0.11975560142659092,0.006558656692504883
0.3,5,57,0.3,1.0,0,0.30299198476855504,0.0674486310304621,0.008156538009643555
0.3,5,57,0.5,0.0,0,0.30299198476855504,0.0674486310304621,0.008156538009643555
0.3,5,58,0.3,1.0,0,0.30236914373686946,0.08799503650371604,0.006599903106689453
0.3,5,58,0.5,0.0,0,0.30236914373686946,0.08799503650371604,0.006599903106689453
0.3,5,59,0.3,1.0,0,0.30211993308356716,0.08826933646317603,0.007502555847167969
0.3,5,59,0.5,0.0,0,0.30211993308356716,0.08826933646317603,0.007502555847167969
0.3,5,60,0.3,1.0,0,0.3029808049135957,0.08723670365766668,0.006193876266479492
0.3,5,60,0.5,0.0,0,0.3029808049135957,0.08723670365766668,0.006193876266479492
0.3,5,61,0.3,1.0,0,0.30381175446605757,0.07716935580664992,0.0059549808502197266
0.3,5,61,0.5,0.0,0,0.30381175446605757,0.07716935580664992,0.0059549808502197266
0.3,5,62,0.3,1.0,0,0.30092206477910943,0.07841880010533488,0.005989551544189453
0.3,5,62,0.5,0.0,0,0.30092206477910943,0.07841880010533488,0.005989551544189453
0.3,5,63,0.3,1.0,0,0.3042413459758845,0.07020621023341855,0.005158424377441406
0.3,5,63,0.5,0.0,0,0.3042413459758845,0.07020621023341855,0.005158424377441406
0.3,5,64,0.3,1.0,0,0.30201715395679607,0.0840917909750523,0.004534006118774414
0.3,5,64,0.5,0.0,0,0.30201715395679607,0.0840917909750523,0.004534006118774414
0.3,5,65,0.3,1.0,0,0.3086798416750781,0.09772543205137935,0.006003379821777344
0.3,5,65,0.5,0.0,0,0.3086798416750781,0.09772543205137935,0.006003379821777344
0.3,5,66,0.3,1.0,0,0.30255845087955147,0.08808746240362535,0.00574493408203125
0.3,5,66,0.5,0.0,0,0.30255845087955147,0.08808746240362535,0.00574493408203125
0.3,5,67,0.3,1.0,0,0.30092131470866884,0.09961634888675025,0.004996299743652344
0.3,5,67,0.5,0.0,0,0.30092131470866884,0.09961634888675025,0.004996299743652344
0.3,5,68,0.3,1.0,0,0.30138426525624795,0.08119458454450929,0.004003763198852539
0.3,5,68,0.5,0.0,0,0.30138426525624795,0.08119458454450929,0.004003763198852539
0.3,5,69,0.3,1.0,0,0.3079848794745851,0.0975894552563905,0.005860090255737305
0.3,5,69,0.5,0.0,0,0.3079848794745851,0.0975894552563905,0.005860090255737305
0.3,5,70,0.3,1.0,0,0.3029729337537219,0.08158815568918844,0.005001544952392578
0.3,5,70,0.5,0.0,0,0.3029729337537219,0.08158815568918844,0.005001544952392578
0.3,5,71,0.3,1.0,0,0.30217030517449606,0.08243183810607965,0.003998756408691406
0.3,5,71,0.5,0.0,0,0.30217030517449606,0.08243183810607965,0.003998756408691406
0.3,5,72,0.3,1.0,0,0.30024196810608195,0.07223993510592588,0.004173755645751953
0.3,5,72,0.5,0.0,0,0.30024196810608195,0.07223993510592588,0.004173755645751953
0.3,5,73,0.3,1.0,0,0.3091797177648449,0.08223561426257502,0.005010128021240234
0.3,5,73,0.5,0.0,0,0.3091797177648449,0.08223561426257502,0.005010128021240234
0.3,5,74,0.3,1.0,0,0.3013421467019249,0.08523277193809727,0.003989696502685547
0.3,5,74,0.5,0.0,0,0.3013421467019249,0.08523277193809727,0.003989696502685547
0.3,5,75,0.3,1.0,0,0.30215306583224666,0.06550483777237875,0.006066560745239258
0.3,5,75,0.5,0.0,0,0.30215306583224666,0.06550483777237875,0.006066560745239258
0.3,5,76,0.3,1.0,0,0.30646763844866487,0.07852313689414996,0.005995512008666992
0.3,5,76,0.5,0.0,0,0.30646763844866487,0.07852313689414996,0.005995512008666992
0.3,5,77,0.3,1.0,0,0.3019239236097478,0.08305545555994813,0.01040196418762207
0.3,5,77,0.5,0.0,0,0.3019239236097478,0.08305545555994813,0.01040196418762207
0.3,5,78,0.3,1.0,0,0.30293767474582406,0.07268941855444255,0.008877992630004883
0.3,5,78,0.5,0.0,0,0.30293767474582406,0.07268941855444255,0.008877992630004883
0.3,5,79,0.3,1.0,0,0.301417417187115,0.07443717499538399,0.0069925785064697266
0.3,5,79,0.5,0.0,0,0.301417417187115,0.07443717499538399,0.0069925785064697266
0.3,5,80,0.3,1.0,0,0.30599155953512847,0.09330249133291388,0.008740901947021484
0.3,5,80,0.5,0.0,0,0.30599155953512847,0.09330249133291388,0.008740901947021484
0.3,5,81,0.3,1.0,0,0.3047112857640705,0.06696288715523438,0.006994962692260742
0.3,5,81,0.5,0.0,0,0.3047112857640705,0.06696288715523438,0.006994962692260742
0.3,5,82,0.3,1.0,0,0.30095936219686875,0.09090909630857272,0.006139516830444336
0.3,5,82,0.5,0.0,0,0.30095936219686875,0.09090909630857272,0.006139516830444336
0.3,5,83,0.3,1.0,0,0.30415278480410896,0.09931835433218697,0.0050013065338134766
0.3,5,83,0.5,0.0,0,0.30415278480410896,0.09931835433218697,0.0050013065338134766
0.3,5,84,0.3,1.0,0,0.3018699191575178,0.08775190377159854,0.0029993057250976562
0.3,5,84,0.5,0.0,0,0.3018699191575178,0.08775190377159854,0.0029993057250976562
0.3,5,85,0.3,1.0,0,0.3003760744286355,0.07574983399377236,0.005858659744262695
0.3,5,85,0.5,0.0,0,0.3003760744286355,0.07574983399377236,0.005858659744262695
0.3,5,86,0.3,1.0,0,0.3031678116129781,0.09242021976880035,0.0029811859130859375
0.3,5,86,0.5,0.0,0,0.3031678116129781,0.09242021976880035,0.0029811859130859375
0.3,5,87,0.3,1.0,0,0.301108367576058,0.0929639608958818,0.004004716873168945
0.3,5,87,0.5,0.0,0,0.301108367576058,0.0929639608958818,0.004004716873168945
0.3,5,88,0.3,1.0,0,0.3038491280199738,0.0907579827636322,0.0034317970275878906
0.3,5,88,0.5,0.0,0,0.3038491280199738,0.0907579827636322,0.0034317970275878906
0.3,5,89,0.3,1.0,0,0.3025391373885948,0.09549266996995782,0.003999471664428711
0.3,5,89,0.5,0.0,0,0.3025391373885948,0.09549266996995782,0.003999471664428711
0.3,5,90,0.3,1.0,0,0.30088917796196313,0.07401224630420676,0.00500941276550293
0.3,5,90,0.5,0.0,0,0.30088917796196313,0.07401224630420676,0.00500941276550293
0.3,5,91,0.3,1.0,0,0.3019359051581536,0.0721476986888154,0.004297971725463867
0.3,5,91,0.5,0.0,0,0.3019359051581536,0.0721476986888154,0.004297971725463867
0.3,5,92,0.3,1.0,0,0.3019857531662392,0.0859085753191384,0.006033897399902344
0.3,5,92,0.5,0.0,0,0.3019857531662392,0.0859085753191384,0.006033897399902344
0.3,5,93,0.3,1.0,0,0.30140657094216006,0.07392840913591091,0.004998445510864258
0.3,5,93,0.5,0.0,0,0.30140657094216006,0.07392840913591091,0.004998445510864258
0.3,5,94,0.3,1.0,0,0.30720269548015267,0.08240940233419461,0.0048580169677734375
0.3,5,94,0.5,0.0,0,0.30720269548015267,0.08240940233419461,0.0048580169677734375
0.3,5,95,0.3,1.0,0,0.3024397836970271,0.09474858473184641,0.005003452301025391
0.3,5,95,0.5,0.0,0,0.3024397836970271,0.09474858473184641,0.005003452301025391
0.3,5,96,0.3,1.0,0,0.3030227608770232,0.09653040491970148,0.0050046443939208984
0.3,5,96,0.5,0.0,0,0.3030227608770232,0.09653040491970148,0.0050046443939208984
0.3,5,97,0.3,1.0,0,0.3041552773691084,0.07945567299275254,0.005694389343261719
0.3,5,97,0.5,0.0,0,0.3041552773691084,0.07945567299275254,0.005694389343261719
0.3,5,98,0.3,1.0,0,0.30921951044471974,0.10197003285306128,0.004014730453491211
0.3,5,98,0.5,0.0,0,0.30921951044471974,0.10197003285306128,0.004014730453491211
0.3,5,99,0.3,1.0,0,0.309529759892207,0.07795079927699687,0.0039827823638916016
0.3,5,99,0.5,0.0,0,0.309529759892207,0.07795079927699687,0.0039827823638916016
0.3,20,0,0.3,1.0,0,0.30042610551646015,0.04764674227397206,0.006622314453125
0.3,20,0,0.5,0.0,0,0.30042610551646015,0.04764674227397206,0.006622314453125
0.3,20,1,0.3,1.0,0,0.30036573880357087,0.038296572351513514,0.005989789962768555
0.3,20,1,0.5,0.0,0,0.30036573880357087,0.038296572351513514,0.005989789962768555
0.3,20,2,0.3,1.0,0,0.3004738899087251,0.042531796598367144,0.004593372344970703
0.3,20,2,0.5,0.0,0,0.3004738899087251,0.042531796598367144,0.004593372344970703
0.3,20,3,0.3,1.0,0,0.30172176129480655,0.03894251932689471,0.004563093185424805
0.3,20,3,0.5,0.0,0,0.30172176129480655,0.03894251932689471,0.004563093185424805
0.3,20,4,0.3,1.0,0,0.3008447866439641,0.04360824094450128,0.005016803741455078
0.3,20,4,0.5,0.0,0,0.3008447866439641,0.04360824094450128,0.005016803741455078
0.3,20,5,0.3,1.0,0,0.3007593960754474,0.0388640402285835,0.0053060054779052734
0.3,20,5,0.5,0.0,0,0.3007593960754474,0.0388640402285835,0.0053060054779052734
0.3,20,6,0.3,1.0,0,0.3019111707848577,0.041460973777563054,0.0049936771392822266
0.3,20,6,0.5,0.0,0,0.3019111707848577,0.041460973777563054,0.0049936771392822266
0.3,20,7,0.3,1.0,0,0.30084316357362423,0.043349795000392224,0.0070037841796875
0.3,20,7,0.5,0.0,0,0.30084316357362423,0.043349795000392224,0.0070037841796875
0.3,20,8,0.3,1.0,0,0.3000977427255053,0.045784206098137006,0.0057125091552734375
0.3,20,8,0.5,0.0,0,0.3000977427255053,0.045784206098137006,0.0057125091552734375
0.3,20,9,0.3,1.0,0,0.3008863092270074,0.04043318120412641,0.0050466060638427734
0.3,20,9,0.5,0.0,0,0.3008863092270074,0.04043318120412641,0.0050466060638427734
0.3,20,10,0.3,1.0,0,0.3005295422538372,0.04473931536115822,0.004025697708129883
0.3,20,10,0.5,0.0,0,0.3005295422538372,0.04473931536115822,0.004025697708129883
0.3,20,11,0.3,1.0,0,0.30118147935575185,0.039131429389760684,0.006044149398803711
0.3,20,11,0.5,0.0,0,0.30118147935575185,0.039131429389760684,0.006044149398803711
0.3,20,12,0.3,1.0,0,0.30042578558027944,0.03728188857349801,0.00408625602722168
0.3,20,12,0.5,0.0,0,0.30042578558027944,0.03728188857349801,0.00408625602722168
0.3,20,13,0.3,1.0,0,0.30124635472401284,0.04485043994016035,0.0050792694091796875
0.3,20,13,0.5,0.0,0,0.30124635472401284,0.04485043994016035,0.0050792694091796875
0.3,20,14,0.3,1.0,0,0.3005129034756359,0.048811176314422236,0.006529092788696289
0.3,20,14,0.5,0.0,0,0.3005129034756359,0.048811176314422236,0.006529092788696289
0.3,20,15,0.3,1.0,0,0.30008631158055044,0.041384888090862035,0.008031368255615234
0.3,20,15,0.5,0.0,0,0.30008631158055044,0.041384888090862035,0.008031368255615234
0.3,20,16,0.3,1.0,0,0.30161006695742515,0.048752854224032485,0.006082773208618164
0.3,20,16,0.5,0.0,0,0.30161006695742515,0.048752854224032485,0.006082773208618164
0.3,20,17,0.3,1.0,0,0.3008102325662027,0.04927547000244617,0.003996849060058594
0.3,20,17,0.5,0.0,0,0.3008102325662027,0.04927547000244617,0.003996849060058594
0.3,20,18,0.3,1.0,0,0.3006740046740812,0.044379799299596186,0.006368875503540039
0.3,20,18,0.5,0.0,0,0.3006740046740812,0.044379799299596186,0.006368875503540039
0.3,20,19,0.3,1.0,0,0.30018901007569687,0.04214423110482097,0.004284381866455078
0.3,20,19,0.5,0.0,0,0.30018901007569687,0.04214423110482097,0.004284381866455078
0.3,20,20,0.3,1.0,0,0.3005445618312626,0.03855388074861187,0.004997968673706055
0.3,20,20,0.5,0.0,0,0.3005445618312626,0.03855388074861187,0.004997968673706055
0.3,20,21,0.3,1.0,0,0.3010237772222429,0.04141552156880716,0.00399327278137207
0.3,20,21,0.5,0.0,0,0.3010237772222429,0.04141552156880716,0.00399327278137207
0.3,20,22,0.3,1.0,0,0.30021274649307617,0.04215789319834182,0.0066318511962890625
0.3,20,22,0.5,0.0,0,0.30021274649307617,0.04215789319834182,0.0066318511962890625
0.3,20,23,0.3,1.0,0,0.30108933137648575,0.0408719333376905,0.0039980411529541016
0.3,20,23,0.5,0.0,0,0.30108933137648575,0.0408719333376905,0.0039980411529541016
0.3,20,24,0.3,1.0,0,0.30219990674711616,0.03813200347385592,0.007576465606689453
0.3,20,24,0.5,0.0,0,0.30219990674711616,0.03813200347385592,0.007576465606689453
0.3,20,25,0.3,1.0,0,0.30046372776247005,0.039994393240563766,0.007041215896606445
0.3,20,25,0.5,0.0,0,0.30046372776247005,0.039994393240563766,0.007041215896606445
0.3,20,26,0.3,1.0,0,0.3011601546252566,0.04402968626063314,0.003998517990112305
0.3,20,26,0.5,0.0,0,0.3011601546252566,0.04402968626063314,0.003998517990112305
0.3,20,27,0.3,1.0,0,0.3006161237906318,0.04841406163222277,0.006165742874145508
0.3,20,27,0.5,0.0,0,0.3006161237906318,0.04841406163222277,0.006165742874145508
0.3,20,28,0.3,1.0,0,0.300622203758734,0.05024562342671786,0.004112720489501953
0.3,20,28,0.5,0.0,0,0.300622203758734,0.05024562342671786,0.004112720489501953
0.3,20,29,0.3,1.0,0,0.3007929219040049,0.04033312697572243,0.004000186920166016
0.3,20,29,0.5,0.0,0,0.3007929219040049,0.04033312697572243,0.004000186920166016
0.3,20,30,0.3,1.0,0,0.30015106475829145,0.04642300055795265,0.004027843475341797
0.3,20,30,0.5,0.0,0,0.30015106475829145,0.04642300055795265,0.004027843475341797
0.3,20,31,0.3,1.0,0,0.3005107534953235,0.04250202160058847,0.005707263946533203
0.3,20,31,0.5,0.0,0,0.3005107534953235,0.04250202160058847,0.005707263946533203
0.3,20,32,0.3,1.0,0,0.3001241601535058,0.04551802049356488,0.0040051937103271484
0.3,20,32,0.5,0.0,0,0.3001241601535058,0.04551802049356488,0.0040051937103271484
0.3,20,33,0.3,1.0,0,0.30080969926808354,0.04850518009151621,0.00523066520690918
0.3,20,33,0.5,0.0,0,0.30080969926808354,0.04850518009151621,0.00523066520690918
0.3,20,34,0.3,1.0,0,0.3009377465788086,0.04277476889445929,0.004206180572509766
0.3,20,34,0.5,0.0,0,0.3009377465788086,0.04277476889445929,0.004206180572509766
0.3,20,35,0.3,1.0,0,0.3007722066399293,0.04167706180416329,0.006000041961669922
0.3,20,35,0.5,0.0,0,0.3007722066399293,0.04167706180416329,0.006000041961669922
0.3,20,36,0.3,1.0,0,0.30016133033270276,0.04075115565807449,0.003565073013305664
0.3,20,36,0.5,0.0,0,0.30016133033270276,0.04075115565807449,0.003565073013305664
0.3,20,37,0.3,1.0,0,0.3006229835461339,0.04120197130690113,0.004522562026977539
0.3,20,37,0.5,0.0,0,0.3006229835461339,0.04120197130690113,0.004522562026977539
0.3,20,38,0.3,1.0,0,0.30039740517400115,0.04751590986013288,0.004007577896118164
0.3,20,38,0.5,0.0,0,0.30039740517400115,0.04751590986013288,0.004007577896118164
0.3,20,39,0.3,1.0,0,0.30057588054226747,0.04915956231863043,0.0038781166076660156
0.3,20,39,0.5,0.0,0,0.30057588054226747,0.04915956231863043,0.0038781166076660156
0.3,20,40,0.3,1.0,0,0.30152701501053686,0.044703703339514546,0.005076169967651367
0.3,20,40,0.5,0.0,0,0.30152701501053686,0.044703703339514546,0.005076169967651367
0.3,20,41,0.3,1.0,0,0.30024642180237315,0.0418286755448544,0.004984378814697266
0.3,20,41,0.5,0.0,0,0.30024642180237315,0.0418286755448544,0.004984378814697266
0.3,20,42,0.3,1.0,0,0.30054653661608155,0.047590996189162856,0.0036716461181640625
0.3,20,42,0.5,0.0,0,0.30054653661608155,0.047590996189162856,0.0036716461181640625
0.3,20,43,0.3,1.0,0,0.30012967796421364,0.039104096956343495,0.005001544952392578
0.3,20,43,0.5,0.0,0,0.30012967796421364,0.039104096956343495,0.005001544952392578
0.3,20,44,0.3,1.0,0,0.30072025190019236,0.0432055414769572,0.004876852035522461
0.3,20,44,0.5,0.0,0,0.30072025190019236,0.0432055414769572,0.004876852035522461
0.3,20,45,0.3,1.0,0,0.3001789980677134,0.04478276676851161,0.005652189254760742
0.3,20,45,0.5,0.0,0,0.3001789980677134,0.04478276676851161,0.005652189254760742
0.3,20,46,0.3,1.0,0,0.30090063212258783,0.040906044641557344,0.005017280578613281
0.3,20,46,0.5,0.0,0,0.30090063212258783,0.040906044641557344,0.005017280578613281
0.3,20,47,0.3,1.0,0,0.3010875411687,0.03944271947908111,0.004986286163330078
0.3,20,47,0.5,0.0,0,0.3010875411687,0.03944271947908111,0.004986286163330078
0.3,20,48,0.3,1.0,0,0.30151871956324666,0.04772041498382512,0.004101991653442383
0.3,20,48,0.5,0.0,0,0.30151871956324666,0.04772041498382512,0.004101991653442383
0.3,20,49,0.3,1.0,0,0.3002643228945503,0.05066686406931428,0.004002809524536133
0.3,20,49,0.5,0.0,0,0.3002643228945503,0.05066686406931428,0.004002809524536133
0.3,20,50,0.3,1.0,0,0.30051324989440464,0.04953087375186039,0.0031502246856689453
0.3,20,50,0.5,0.0,0,0.30051324989440464,0.04953087375186039,0.0031502246856689453
0.3,20,51,0.3,1.0,0,0.3021179348363373,0.0481103976006133,0.004528045654296875
0.3,20,51,0.5,0.0,0,0.3021179348363373,0.0481103976006133,0.004528045654296875
0.3,20,52,0.3,1.0,0,0.3009006858780284,0.042392583233513,0.004015922546386719
0.3,20,52,0.5,0.0,0,0.3009006858780284,0.042392583233513,0.004015922546386719
0.3,20,53,0.3,1.0,0,0.3012360409139891,0.04150844590263986,0.005131959915161133
0.3,20,53,0.5,0.0,0,0.3012360409139891,0.04150844590263986,0.005131959915161133
0.3,20,54,0.3,1.0,0,0.300388803414136,0.05153982060367486,0.003997325897216797
0.3,20,54,0.5,0.0,0,0.300388803414136,0.05153982060367486,0.003997325897216797
0.3,20,55,0.3,1.0,0,0.30076798750451206,0.044307736103282605,0.0039997100830078125
0.3,20,55,0.5,0.0,0,0.30076798750451206,0.044307736103282605,0.0039997100830078125
0.3,20,56,0.3,1.0,0,0.30066913725652666,0.0399040533576782,0.005222320556640625
0.3,20,56,0.5,0.0,0,0.30066913725652666,0.0399040533576782,0.005222320556640625
0.3,20,57,0.3,1.0,0,0.30016684944333694,0.037914591797832,0.004004955291748047
0.3,20,57,0.5,0.0,0,0.30016684944333694,0.037914591797832,0.004004955291748047
0.3,20,58,0.3,1.0,0,0.30046890689511657,0.0471933216798701,0.005994319915771484
0.3,20,58,0.5,0.0,0,0.30046890689511657,0.0471933216798701,0.005994319915771484
0.3,20,59,0.3,1.0,0,0.30047362135376426,0.051131863211340084,0.005463123321533203
0.3,20,59,0.5,0.0,0,0.30047362135376426,0.051131863211340084,0.005463123321533203
0.3,20,60,0.3,1.0,0,0.30040277141673755,0.04028821496427727,0.006998538970947266
0.3,20,60,0.5,0.0,0,0.30040277141673755,0.04028821496427727,0.006998538970947266
0.3,20,61,0.3,1.0,0,0.30160857406023495,0.04530833702644582,0.00793313980102539
0.3,20,61,0.5,0.0,0,0.30160857406023495,0.04530833702644582,0.00793313980102539
0.3,20,62,0.3,1.0,0,0.30048247304716463,0.04077983965998161,0.004932403564453125
0.3,20,62,0.5,0.0,0,0.30048247304716463,0.04077983965998161,0.004932403564453125
0.3,20,63,0.3,1.0,0,0.3001157897674876,0.039344900638037014,0.005080699920654297
0.3,20,63,0.5,0.0,0,0.3001157897674876,0.039344900638037014,0.005080699920654297
0.3,20,64,0.3,1.0,0,0.3003984657263395,0.04588451521498603,0.004309177398681641
0.3,20,64,0.5,0.0,0,0.3003984657263395,0.04588451521498603,0.004309177398681641
0.3,20,65,0.3,1.0,0,0.3006383735720334,0.05024187364072779,0.004995107650756836
0.3,20,65,0.5,0.0,0,0.3006383735720334,0.05024187364072779,0.004995107650756836
0.3,20,66,0.3,1.0,0,0.30080005255854164,0.04185761312538201,0.004003763198852539
0.3,20,66,0.5,0.0,0,0.30080005255854164,0.04185761312538201,0.004003763198852539
0.3,20,67,0.3,1.0,0,0.30053671719716624,0.0497158719150842,0.0060198307037353516
0.3,20,67,0.5,0.0,0,0.30053671719716624,0.0497158719150842,0.0060198307037353516
0.3,20,68,0.3,1.0,0,0.30059879999647043,0.04175761496158545,0.003997087478637695
0.3,20,68,0.5,0.0,0,0.30059879999647043,0.04175761496158545,0.003997087478637695
0.3,20,69,0.3,1.0,0,0.30038522116250804,0.04703598553535156,0.00500035285949707
0.3,20,69,0.5,0.0,0,0.30038522116250804,0.04703598553535156,0.00500035285949707
0.3,20,70,0.3,1.0,0,0.30072663536951827,0.04140893278289271,0.0042531490325927734
0.3,20,70,0.5,0.0,0,0.30072663536951827,0.04140893278289271,0.0042531490325927734
0.3,20,71,0.3,1.0,0,0.3004619391682431,0.041298624726780114,0.004000186920166016
0.3,20,71,0.5,0.0,0,0.3004619391682431,0.041298624726780114,0.004000186920166016
0.3,20,72,0.3,1.0,0,0.30098503972167157,0.037583106669516246,0.004076957702636719
0.3,20,72,0.5,0.0,0,0.30098503972167157,0.037583106669516246,0.004076957702636719
0.3,20,73,0.3,1.0,0,0.30065834930592544,0.042360002592473404,0.005659818649291992
0.3,20,73,0.5,0.0,0,0.30065834930592544,0.042360002592473404,0.005659818649291992
0.3,20,74,0.3,1.0,0,0.30011640360154607,0.040266441854110616,0.004000663757324219
0.3,20,74,0.5,0.0,0,0.30011640360154607,0.040266441854110616,0.004000663757324219
0.3,20,75,0.3,1.0,0,0.30102060955751003,0.05042881158764706,0.0039997100830078125
0.3,20,75,0.5,0.0,0,0.30102060955751003,0.05042881158764706,0.0039997100830078125
0.3,20,76,0.3,1.0,0,0.300699822340964,0.040233609515636315,0.004228830337524414
0.3,20,76,0.5,0.0,0,0.300699822340964,0.040233609515636315,0.004228830337524414
0.3,20,77,0.3,1.0,0,0.300866957828313,0.047192936494863856,0.004000663757324219
0.3,20,77,0.5,0.0,0,0.300866957828313,0.047192936494863856,0.004000663757324219
0.3,20,78,0.3,1.0,0,0.3004166002704829,0.0478016482637954,0.005080699920654297
0.3,20,78,0.5,0.0,0,0.3004166002704829,0.0478016482637954,0.005080699920654297
0.3,20,79,0.3,1.0,0,0.3017405006498919,0.04496160676313882,0.004764080047607422
0.3,20,79,0.5,0.0,0,0.3017405006498919,0.04496160676313882,0.004764080047607422
0.3,20,80,0.3,1.0,0,0.3012112266222938,0.04300366539079308,0.004079103469848633
0.3,20,80,0.5,0.0,0,0.3012112266222938,0.04300366539079308,0.004079103469848633
0.3,20,81,0.3,1.0,0,0.3018236381836687,0.04178428166918432,0.0054056644439697266
0.3,20,81,0.5,0.0,0,0.3018236381836687,0.04178428166918432,0.0054056644439697266
0.3,20,82,0.3,1.0,0,0.30091211317134525,0.049176239602618986,0.004994869232177734
0.3,20,82,0.5,0.0,0,0.30091211317134525,0.049176239602618986,0.004994869232177734
0.3,20,83,0.3,1.0,0,0.30057744758228333,0.04143413329626344,0.005002498626708984
0.3,20,83,0.5,0.0,0,0.30057744758228333,0.04143413329626344,0.005002498626708984
0.3,20,84,0.3,1.0,0,0.30004666925077683,0.043260440259018436,0.005016326904296875
0.3,20,84,0.5,0.0,0,0.30004666925077683,0.043260440259018436,0.005016326904296875
0.3,20,85,0.3,1.0,0,0.30047333182284097,0.045752032554673396,0.00500178337097168
0.3,20,85,0.5,0.0,0,0.30047333182284097,0.045752032554673396,0.00500178337097168
0.3,20,86,0.3,1.0,0,0.3007217671414581,0.043842547899683504,0.003994941711425781
0.3,20,86,0.5,0.0,0,0.3007217671414581,0.043842547899683504,0.003994941711425781
0.3,20,87,0.3,1.0,0,0.3006649299092799,0.039100822401412175,0.005209445953369141
0.3,20,87,0.5,0.0,0,0.3006649299092799,0.039100822401412175,0.005209445953369141
0.3,20,88,0.3,1.0,0,0.30105039031731073,0.04578754833217039,0.0039980411529541016
0.3,20,88,0.5,0.0,0,0.30105039031731073,0.04578754833217039,0.0039980411529541016
0.3,20,89,0.3,1.0,0,0.30075153023706225,0.041562937753590865,0.0050051212310791016
0.3,20,89,0.5,0.0,0,0.30075153023706225,0.041562937753590865,0.0050051212310791016
0.3,20,90,0.3,1.0,0,0.30121157181983793,0.04184197443575437,0.0069158077239990234
0.3,20,90,0.5,0.0,0,0.30121157181983793,0.04184197443575437,0.0069158077239990234
0.3,20,91,0.3,1.0,0,0.30038264444886836,0.04425979381633847,0.005996227264404297
0.3,20,91,0.5,0.0,0,0.30038264444886836,0.04425979381633847,0.005996227264404297
0.3,20,92,0.3,1.0,0,0.30091759902213727,0.046623055108199446,0.004666805267333984
0.3,20,92,0.5,0.0,0,0.30091759902213727,0.046623055108199446,0.004666805267333984
0.3,20,93,0.3,1.0,0,0.30079790506062837,0.04441014241537236,0.003998517990112305
0.3,20,93,0.5,0.0,0,0.30079790506062837,0.04441014241537236,0.003998517990112305
0.3,20,94,0.3,1.0,0,0.30067098857026164,0.04185560561359125,0.003999233245849609
0.3,20,94,0.5,0.0,0,0.30067098857026164,0.04185560561359125,0.003999233245849609
0.3,20,95,0.3,1.0,0,0.3006178956607428,0.0417209497366851,0.004670143127441406
0.3,20,95,0.5,0.0,0,0.3006178956607428,0.0417209497366851,0.004670143127441406
0.3,20,96,0.3,1.0,0,0.30047797019135564,0.05216111147186312,0.005078315734863281
0.3,20,96,0.5,0.0,0,0.30047797019135564,0.05216111147186312,0.005078315734863281
0.3,20,97,0.3,1.0,0,0.30112972113668857,0.04140068126000916,0.003920793533325195
0.3,20,97,0.5,0.0,0,0.30112972113668857,0.04140068126000916,0.003920793533325195
0.3,20,98,0.3,1.0,0,0.3005030074326689,0.041543128123583434,0.006802558898925781
0.3,20,98,0.5,0.0,0,0.3005030074326689,0.041543128123583434,0.006802558898925781
0.3,20,99,0.3,1.0,0,0.3004369058714924,0.042186586043603376,0.003999948501586914
0.3,20,99,0.5,0.0,0,0.3004369058714924,0.042186586043603376,0.003999948501586914
0.6,5,0,0.3,1.0,0,0.6008564841086298,0.07754330348379748,0.0040094852447509766
0.6,5,0,0.5,1.0,0,0.6008564841086298,0.07754330348379748,0.0040094852447509766
0.6,5,1,0.3,1.0,0,0.6007336003858792,0.08089211181695678,0.004611492156982422
0.6,5,1,0.5,1.0,0,0.6007336003858792,0.08089211181695678,0.004611492156982422
0.6,5,2,0.3,1.0,0,0.6035484033500058,0.07345274626794324,0.006981611251831055
0.6,5,2,0.5,1.0,0,0.6035484033500058,0.07345274626794324,0.006981611251831055
0.6,5,3,0.3,1.0,0,0.6043309684372586,0.07469754872945096,0.008244037628173828
0.6,5,3,0.5,1.0,0,0.6043309684372586,0.07469754872945096,0.008244037628173828
0.6,5,4,0.3,1.0,0,0.6010877454371087,0.07341057453740112,0.003978729248046875
0.6,5,4,0.5,1.0,0,0.6010877454371087,0.07341057453740112,0.003978729248046875
0.6,5,5,0.3,1.0,0,0.6022980252532812,0.06229016134433458,0.004997968673706055
0.6,5,5,0.5,1.0,0,0.6022980252532812,0.06229016134433458,0.004997968673706055
0.6,5,6,0.3,1.0,0,0.6026778780575337,0.07945028157459784,0.004500627517700195
0.6,5,6,0.5,1.0,0,0.6026778780575337,0.07945028157459784,0.004500627517700195
0.6,5,7,0.3,1.0,0,0.6024165875465379,0.06334801313167877,0.00401759147644043
0.6,5,7,0.5,1.0,0,0.6024165875465379,0.06334801313167877,0.00401759147644043
0.6,5,8,0.3,1.0,0,0.6054693638060725,0.06348635482901245,0.004004240036010742
0.6,5,8,0.5,1.0,0,0.6054693638060725,0.06348635482901245,0.004004240036010742
0.6,5,9,0.3,1.0,0,0.6027876964015529,0.06758450116212775,0.003000974655151367
0.6,5,9,0.5,1.0,0,0.6027876964015529,0.06758450116212775,0.003000974655151367
0.6,5,10,0.3,1.0,0,0.6030904237188681,0.06985318537931577,0.006388187408447266
0.6,5,10,0.5,1.0,0,0.6030904237188681,0.06985318537931577,0.006388187408447266
0.6,5,11,0.3,1.0,0,0.6033268201109911,0.07426411385923688,0.0029990673065185547
0.6,5,11,0.5,1.0,0,0.6033268201109911,0.07426411385923688,0.0029990673065185547
0.6,5,12,0.3,1.0,0,0.602842057036747,0.09624637813449394,0.003997087478637695
0.6,5,12,0.5,1.0,0,0.602842057036747,0.09624637813449394,0.003997087478637695
0.6,5,13,0.3,1.0,0,0.6041989775814746,0.12293573308961737,0.0034809112548828125
0.6,5,13,0.5,1.0,0,0.6041989775814746,0.12293573308961737,0.0034809112548828125
0.6,5,14,0.3,1.0,0,0.6028193778993902,0.07656117535824467,0.003009796142578125
0.6,5,14,0.5,1.0,0,0.6028193778993902,0.07656117535824467,0.003009796142578125
0.6,5,15,0.3,1.0,0,0.6002509263796065,0.08818823646430209,0.005014181137084961
0.6,5,15,0.5,1.0,0,0.6002509263796065,0.08818823646430209,0.005014181137084961
0.6,5,16,0.3,1.0,0,0.6029973001548713,0.07692658613034777,0.004119157791137695
0.6,5,16,0.5,1.0,0,0.6029973001548713,0.07692658613034777,0.004119157791137695
0.6,5,17,0.3,1.0,0,0.6040369726734197,0.07483608661550362,0.008000612258911133
0.6,5,17,0.5,1.0,0,0.6040369726734197,0.07483608661550362,0.008000612258911133
0.6,5,18,0.3,1.0,0,0.6045267951300319,0.07927740458354263,0.008799314498901367
0.6,5,18,0.5,1.0,0,0.6045267951300319,0.07927740458354263,0.008799314498901367
0.6,5,19,0.3,1.0,0,0.6044761485441295,0.08281108188801543,0.0030984878540039062
0.6,5,19,0.5,1.0,0,0.6044761485441295,0.08281108188801543,0.0030984878540039062
0.6,5,20,0.3,1.0,0,0.6032462637788636,0.0727636349499185,0.004001140594482422
0.6,5,20,0.5,1.0,0,0.6032462637788636,0.0727636349499185,0.004001140594482422
0.6,5,21,0.3,1.0,0,0.6007841454554201,0.09984128747881385,0.004285573959350586
0.6,5,21,0.5,1.0,0,0.6007841454554201,0.09984128747881385,0.004285573959350586
0.6,5,22,0.3,1.0,0,0.6019413890346018,0.08072856373768095,0.004981040954589844
0.6,5,22,0.5,1.0,0,0.6019413890346018,0.08072856373768095,0.004981040954589844
0.6,5,23,0.3,1.0,0,0.6026270102337171,0.06795863769420821,0.0060160160064697266
0.6,5,23,0.5,1.0,0,0.6026270102337171,0.06795863769420821,0.0060160160064697266
0.6,5,24,0.3,1.0,0,0.6059758681565761,0.06561012672297185,0.007436990737915039
0.6,5,24,0.5,1.0,0,0.6059758681565761,0.06561012672297185,0.007436990737915039
0.6,5,25,0.3,1.0,0,0.6055815489707707,0.0720822329940118,0.00602269172668457
0.6,5,25,0.5,1.0,0,0.6055815489707707,0.0720822329940118,0.00602269172668457
0.6,5,26,0.3,1.0,0,0.6035234782657549,0.09623658743694966,0.005808591842651367
0.6,5,26,0.5,1.0,0,0.6035234782657549,0.09623658743694966,0.005808591842651367
0.6,5,27,0.3,1.0,0,0.6016030555084836,0.0854124167244127,0.00398707389831543
0.6,5,27,0.5,1.0,0,0.6016030555084836,0.0854124167244127,0.00398707389831543
0.6,5,28,0.3,1.0,0,0.6040454114194643,0.07936668605134549,0.005069255828857422
0.6,5,28,0.5,1.0,0,0.6040454114194643,0.07936668605134549,0.005069255828857422
0.6,5,29,0.3,1.0,0,0.6053282099663193,0.07127122494303428,0.003536224365234375
0.6,5,29,0.5,1.0,0,0.6053282099663193,0.07127122494303428,0.003536224365234375
0.6,5,30,0.3,1.0,0,0.6016296940572529,0.07182238871193716,0.004000663757324219
0.6,5,30,0.5,1.0,0,0.6016296940572529,0.07182238871193716,0.004000663757324219
0.6,5,31,0.3,1.0,0,0.6021638256794151,0.07236361530756118,0.003069162368774414
0.6,5,31,0.5,1.0,0,0.6021638256794151,0.07236361530756118,0.003069162368774414
0.6,5,32,0.3,1.0,0,0.6010290691356273,0.08726677753905918,0.002992391586303711
0.6,5,32,0.5,1.0,0,0.6010290691356273,0.08726677753905918,0.002992391586303711
0.6,5,33,0.3,1.0,0,0.6045328611299138,0.08634262671876974,0.006793022155761719
0.6,5,33,0.5,1.0,0,0.6045328611299138,0.08634262671876974,0.006793022155761719
0.6,5,34,0.3,1.0,0,0.6037826570138799,0.09416037747407063,0.0029985904693603516
0.6,5,34,0.5,1.0,0,0.6037826570138799,0.09416037747407063,0.0029985904693603516
0.6,5,35,0.3,1.0,0,0.6029986191186113,0.08487571032953771,0.003909111022949219
0.6,5,35,0.5,1.0,0,0.6029986191186113,0.08487571032953771,0.003909111022949219
0.6,5,36,0.3,1.0,0,0.603028259118858,0.06350280480380815,0.005155801773071289
0.6,5,36,0.5,1.0,0,0.603028259118858,0.06350280480380815,0.005155801773071289
0.6,5,37,0.3,1.0,0,0.6014746626159272,0.08291820767514049,0.005929470062255859
0.6,5,37,0.5,1.0,0,0.6014746626159272,0.08291820767514049,0.005929470062255859
0.6,5,38,0.3,1.0,0,0.602880488239963,0.08883329671809763,0.004072904586791992
0.6,5,38,0.5,1.0,0,0.602880488239963,0.08883329671809763,0.004072904586791992
0.6,5,39,0.3,1.0,0,0.6031533888120293,0.09245171270885107,0.003249645233154297
0.6,5,39,0.5,1.0,0,0.6031533888120293,0.09245171270885107,0.003249645233154297
0.6,5,40,0.3,1.0,0,0.6128120976771066,0.0831677880529245,0.00507044792175293
0.6,5,40,0.5,1.0,0,0.6128120976771066,0.0831677880529245,0.00507044792175293
0.6,5,41,0.3,1.0,0,0.6010437491727881,0.07610130933270184,0.003928422927856445
0.6,5,41,0.5,1.0,0,0.6010437491727881,0.07610130933270184,0.003928422927856445
0.6,5,42,0.3,1.0,0,0.6018778187294564,0.08778232063295131,0.006072998046875
0.6,5,42,0.5,1.0,0,0.6018778187294564,0.08778232063295131,0.006072998046875
0.6,5,43,0.3,1.0,0,0.6033330573535749,0.08069045698582329,0.0029871463775634766
0.6,5,43,0.5,1.0,0,0.6033330573535749,0.08069045698582329,0.0029871463775634766
0.6,5,44,0.3,1.0,0,0.6002518789341559,0.07931255694506834,0.005999565124511719
0.6,5,44,0.5,1.0,0,0.6002518789341559,0.07931255694506834,0.005999565124511719
0.6,5,45,0.3,1.0,0,0.6018002661108378,0.07618534585039324,0.003946542739868164
0.6,5,45,0.5,1.0,0,0.6018002661108378,0.07618534585039324,0.003946542739868164
0.6,5,46,0.3,1.0,0,0.6022058361625656,0.084728844818535,0.004997730255126953
0.6,5,46,0.5,1.0,0,0.6022058361625656,0.084728844818535,0.004997730255126953
0.6,5,47,0.3,1.0,0,0.6023166095767992,0.08418022086267694,0.004002809524536133
0.6,5,47,0.5,1.0,0,0.6023166095767992,0.08418022086267694,0.004002809524536133
0.6,5,48,0.3,1.0,0,0.6021873977802245,0.06843709467487377,0.004006147384643555
0.6,5,48,0.5,1.0,0,0.6021873977802245,0.06843709467487377,0.004006147384643555
0.6,5,49,0.3,1.0,0,0.6022726186355788,0.0947202676090679,0.006665945053100586
0.6,5,49,0.5,1.0,0,0.6022726186355788,0.0947202676090679,0.006665945053100586
0.6,5,50,0.3,1.0,0,0.6036359226045934,0.08306513431386968,0.0039217472076416016
0.6,5,50,0.5,1.0,0,0.6036359226045934,0.08306513431386968,0.0039217472076416016
0.6,5,51,0.3,1.0,0,0.6076541738597504,0.08808776491392538,0.0039997100830078125
0.6,5,51,0.5,1.0,0,0.6076541738597504,0.08808776491392538,0.0039997100830078125
0.6,5,52,0.3,1.0,0,0.6025534014724446,0.07117041993060672,0.006414651870727539
0.6,5,52,0.5,1.0,0,0.6025534014724446,0.07117041993060672,0.006414651870727539
0.6,5,53,0.3,1.0,0,0.6032234880475841,0.09518417690079514,0.0049250125885009766
0.6,5,53,0.5,1.0,0,0.6032234880475841,0.09518417690079514,0.0049250125885009766
0.6,5,54,0.3,1.0,0,0.6008884224169965,0.09357261372815426,0.0029981136322021484
0.6,5,54,0.5,1.0,0,0.6008884224169965,0.09357261372815426,0.0029981136322021484
0.6,5,55,0.3,1.0,0,0.605650853971488,0.08255827381830542,0.005410909652709961
0.6,5,55,0.5,1.0,0,0.605650853971488,0.08255827381830542,0.005410909652709961
0.6,5,56,0.3,1.0,0,0.6019716226809271,0.11929891400014035,0.004001140594482422
0.6,5,56,0.5,1.0,0,0.6019716226809271,0.11929891400014035,0.004001140594482422
0.6,5,57,0.3,1.0,0,0.6034271551067942,0.06700184450162983,0.004001617431640625
0.6,5,57,0.5,1.0,0,0.6034271551067942,0.06700184450162983,0.004001617431640625
0.6,5,58,0.3,1.0,0,0.6026958574350827,0.08776560980683995,0.0060672760009765625
0.6,5,58,0.5,1.0,0,0.6026958574350827,0.08776560980683995,0.0060672760009765625
0.6,5,59,0.3,1.0,0,0.6024410413952452,0.0875963835395996,0.005917787551879883
0.6,5,59,0.5,1.0,0,0.6024410413952452,0.0875963835395996,0.005917787551879883
0.6,5,60,0.3,1.0,0,0.6034162611718172,0.08647384352364508,0.004105329513549805
0.6,5,60,0.5,1.0,0,0.6034162611718172,0.08647384352364508,0.004105329513549805
0.6,5,61,0.3,1.0,0,0.604344321801149,0.07713144195677943,0.0036051273345947266
0.6,5,61,0.5,1.0,0,0.604344321801149,0.07713144195677943,0.0036051273345947266
0.6,5,62,0.3,1.0,0,0.601057487665707,0.07769336564018246,0.0040705204010009766
0.6,5,62,0.5,1.0,0,0.601057487665707,0.07769336564018246,0.0040705204010009766
0.6,5,63,0.3,1.0,0,0.6047754206075212,0.06931117783954757,0.004007816314697266
0.6,5,63,0.5,1.0,0,0.6047754206075212,0.06931117783954757,0.004007816314697266
0.6,5,64,0.3,1.0,0,0.602292772395182,0.08404450818528324,0.004545450210571289
0.6,5,64,0.5,1.0,0,0.602292772395182,0.08404450818528324,0.004545450210571289
0.6,5,65,0.3,1.0,0,0.6098165477096321,0.09651497948211447,0.0029985904693603516
0.6,5,65,0.5,1.0,0,0.6098165477096321,0.09651497948211447,0.0029985904693603516
0.6,5,66,0.3,1.0,0,0.6029504092144016,0.08373768806825367,0.004001140594482422
0.6,5,66,0.5,1.0,0,0.6029504092144016,0.08373768806825367,0.004001140594482422
0.6,5,67,0.3,1.0,0,0.601043212343927,0.09497719156505022,0.003718137741088867
0.6,5,67,0.5,1.0,0,0.601043212343927,0.09497719156505022,0.003718137741088867
0.6,5,68,0.3,1.0,0,0.6015470145582007,0.08034882967743519,0.003996610641479492
0.6,5,68,0.5,1.0,0,0.6015470145582007,0.08034882967743519,0.003996610641479492
0.6,5,69,0.3,1.0,0,0.6090431206554456,0.09453686809925406,0.00400233268737793
0.6,5,69,0.5,1.0,0,0.6090431206554456,0.09453686809925406,0.00400233268737793
0.6,5,70,0.3,1.0,0,0.6033700881188623,0.08153629964893629,0.002997875213623047
0.6,5,70,0.5,1.0,0,0.6033700881188623,0.08153629964893629,0.002997875213623047
0.6,5,71,0.3,1.0,0,0.6024320454176663,0.08242412433389334,0.0058515071868896484
0.6,5,71,0.5,1.0,0,0.6024320454176663,0.08242412433389334,0.0058515071868896484
0.6,5,72,0.3,1.0,0,0.6002799554473255,0.07108725424542645,0.0030846595764160156
0.6,5,72,0.5,1.0,0,0.6002799554473255,0.07108725424542645,0.0030846595764160156
0.6,5,73,0.3,1.0,0,0.6103711182198099,0.08186101888319175,0.0029311180114746094
0.6,5,73,0.5,1.0,0,0.6103711182198099,0.08186101888319175,0.0029311180114746094
0.6,5,74,0.3,1.0,0,0.60151621164676,0.08371119299583563,0.004636049270629883
0.6,5,74,0.5,1.0,0,0.60151621164676,0.08371119299583563,0.004636049270629883
0.6,5,75,0.3,1.0,0,0.602487208703121,0.0644273148481422,0.002996683120727539
0.6,5,75,0.5,1.0,0,0.602487208703121,0.0644273148481422,0.002996683120727539
0.6,5,76,0.3,1.0,0,0.6073436714975754,0.07825635039040768,0.005000591278076172
0.6,5,76,0.5,1.0,0,0.6073436714975754,0.07825635039040768,0.005000591278076172
0.6,5,77,0.3,1.0,0,0.6022016509637687,0.08247190752818181,0.003999948501586914
0.6,5,77,0.5,1.0,0,0.6022016509637687,0.08247190752818181,0.003999948501586914
0.6,5,78,0.3,1.0,0,0.603335470905706,0.06879268026994244,0.004038810729980469
0.6,5,78,0.5,1.0,0,0.603335470905706,0.06879268026994244,0.004038810729980469
0.6,5,79,0.3,1.0,0,0.6016403968496241,0.0728643129486646,0.005067110061645508
0.6,5,79,0.5,1.0,0,0.6016403968496241,0.0728643129486646,0.005067110061645508
0.6,5,80,0.3,1.0,0,0.6067726349586376,0.09330241900387333,0.003930568695068359
0.6,5,80,0.5,1.0,0,0.6067726349586376,0.09330241900387333,0.003930568695068359
0.6,5,81,0.3,1.0,0,0.6053423561380276,0.06505325888189453,0.005980491638183594
0.6,5,81,0.5,1.0,0,0.6053423561380276,0.06505325888189453,0.005980491638183594
0.6,5,82,0.3,1.0,0,0.6011167183099285,0.08634712371924361,0.0036153793334960938
0.6,5,82,0.5,1.0,0,0.6011167183099285,0.08634712371924361,0.0036153793334960938
0.6,5,83,0.3,1.0,0,0.6047206592237067,0.09825428460453704,0.0029196739196777344
0.6,5,83,0.5,1.0,0,0.6047206592237067,0.09825428460453704,0.0029196739196777344
0.6,5,84,0.3,1.0,0,0.6021557359786883,0.08321098568972071,0.003998756408691406
0.6,5,84,0.5,1.0,0,0.6021557359786883,0.08321098568972071,0.003998756408691406
0.6,5,85,0.3,1.0,0,0.6004304542075033,0.07367247778776707,0.00472259521484375
0.6,5,85,0.5,1.0,0,0.6004304542075033,0.07367247778776707,0.00472259521484375
0.6,5,86,0.3,1.0,0,0.6036069689736105,0.09240419094168235,0.004998445510864258
0.6,5,86,0.5,1.0,0,0.6036069689736105,0.09240419094168235,0.004998445510864258
0.6,5,87,0.3,1.0,0,0.6012841773676079,0.09181789111182728,0.0030968189239501953
0.6,5,87,0.5,1.0,0,0.6012841773676079,0.09181789111182728,0.0030968189239501953
0.6,5,88,0.3,1.0,0,0.604374176529726,0.08938119323523856,0.004626035690307617
0.6,5,88,0.5,1.0,0,0.604374176529726,0.08938119323523856,0.004626035690307617
0.6,5,89,0.3,1.0,0,0.6028840724641364,0.09427190510317593,0.006027936935424805
0.6,5,89,0.5,1.0,0,0.6028840724641364,0.09427190510317593,0.006027936935424805
0.6,5,90,0.3,1.0,0,0.60101808758122,0.07372549508065868,0.003068208694458008
0.6,5,90,0.5,1.0,0,0.60101808758122,0.07372549508065868,0.003068208694458008
0.6,5,91,0.3,1.0,0,0.6022122587673192,0.07101259074848007,0.00531458854675293
0.6,5,91,0.5,1.0,0,0.6022122587673192,0.07101259074848007,0.00531458854675293
0.6,5,92,0.3,1.0,0,0.6022519313001697,0.08338905186823828,0.003071308135986328
0.6,5,92,0.5,1.0,0,0.6022519313001697,0.08338905186823828,0.003071308135986328
0.6,5,93,0.3,1.0,0,0.6016041351693147,0.07339744754028729,0.0030786991119384766
0.6,5,93,0.5,1.0,0,0.6016041351693147,0.07339744754028729,0.0030786991119384766
0.6,5,94,0.3,1.0,0,0.6081828381503864,0.07528392155664071,0.004065752029418945
0.6,5,94,0.5,1.0,0,0.6081828381503864,0.07528392155664071,0.004065752029418945
0.6,5,95,0.3,1.0,0,0.6027884170029408,0.09030068918506137,0.004357576370239258
0.6,5,95,0.5,1.0,0,0.6027884170029408,0.09030068918506137,0.004357576370239258
0.6,5,96,0.3,1.0,0,0.6034785338203026,0.09399455778621346,0.0039980411529541016
0.6,5,96,0.5,1.0,0,0.6034785338203026,0.09399455778621346,0.0039980411529541016
0.6,5,97,0.3,1.0,0,0.6047914408705607,0.07678091928566898,0.0029349327087402344
0.6,5,97,0.5,1.0,0,0.6047914408705607,0.07678091928566898,0.0029349327087402344
0.6,5,98,0.3,1.0,0,0.6104344237421596,0.1005273305948951,0.003999471664428711
0.6,5,98,0.5,1.0,0,0.6104344237421596,0.1005273305948951,0.003999471664428711
0.6,5,99,0.3,1.0,0,0.6106797773434394,0.07637715010715,0.004075288772583008
0.6,5,99,0.5,1.0,0,0.6106797773434394,0.07637715010715,0.004075288772583008
0.6,20,0,0.3,1.0,0,0.6004853056253405,0.04576470442026724,0.003920555114746094
0.6,20,0,0.5,1.0,0,0.6004853056253405,0.04576470442026724,0.003920555114746094
0.6,20,1,0.3,1.0,0,0.6004208188360797,0.03739216680585443,0.00400090217590332
0.6,20,1,0.5,1.0,0,0.6004208188360797,0.03739216680585443,0.00400090217590332
0.6,20,2,0.3,1.0,0,0.6005389435796514,0.04244481533355339,0.003554821014404297
0.6,20,2,0.5,1.0,0,0.6005389435796514,0.04244481533355339,0.003554821014404297
0.6,20,3,0.3,1.0,0,0.6019722596047665,0.03870958144310497,0.0059947967529296875
0.6,20,3,0.5,1.0,0,0.6019722596047665,0.03870958144310497,0.0059947967529296875
0.6,20,4,0.3,1.0,0,0.600961259515243,0.04325192685151623,0.00400090217590332
0.6,20,4,0.5,1.0,0,0.600961259515243,0.04325192685151623,0.00400090217590332
0.6,20,5,0.3,1.0,0,0.6008635633406004,0.03854541783634729,0.0061872005462646484
0.6,20,5,0.5,1.0,0,0.6008635633406004,0.03854541783634729,0.0061872005462646484
0.6,20,6,0.3,1.0,0,0.602173284265174,0.03820903722422275,0.004075050354003906
0.6,20,6,0.5,1.0,0,0.602173284265174,0.03820903722422275,0.004075050354003906
0.6,20,7,0.3,1.0,0,0.6009589247359074,0.042939395090979326,0.003914833068847656
0.6,20,7,0.5,1.0,0,0.6009589247359074,0.042939395090979326,0.003914833068847656
0.6,20,8,0.3,1.0,0,0.6001115744080837,0.04575662000196559,0.006460666656494141
0.6,20,8,0.5,1.0,0,0.6001115744080837,0.04575662000196559,0.006460666656494141
0.6,20,9,0.3,1.0,0,0.6010084888061176,0.03999023914644097,0.007005453109741211
0.6,20,9,0.5,1.0,0,0.6010084888061176,0.03999023914644097,0.007005453109741211
0.6,20,10,0.3,1.0,0,0.6005997483750316,0.04472748072106878,0.0057260990142822266
0.6,20,10,0.5,1.0,0,0.6005997483750316,0.04472748072106878,0.0057260990142822266
0.6,20,11,0.3,1.0,0,0.6013379020672168,0.038252905538116624,0.005115509033203125
0.6,20,11,0.5,1.0,0,0.6013379020672168,0.038252905538116624,0.005115509033203125
0.6,20,12,0.3,1.0,0,0.6004792881201882,0.0365850814059852,0.003994941711425781
0.6,20,12,0.5,1.0,0,0.6004792881201882,0.0365850814059852,0.003994941711425781
0.6,20,13,0.3,1.0,0,0.6014298493551951,0.04279796375229112,0.007144451141357422
0.6,20,13,0.5,1.0,0,0.6014298493551951,0.04279796375229112,0.007144451141357422
0.6,20,14,0.3,1.0,0,0.6005866593695336,0.04835030357855789,0.0040721893310546875
0.6,20,14,0.5,1.0,0,0.6005866593695336,0.04835030357855789,0.0040721893310546875
0.6,20,15,0.3,1.0,0,0.6001000567999248,0.041379685086349725,0.004952907562255859
0.6,20,15,0.5,1.0,0,0.6001000567999248,0.041379685086349725,0.004952907562255859
0.6,20,16,0.3,1.0,0,0.6018414009567452,0.04809893760847176,0.004045009613037109
0.6,20,16,0.5,1.0,0,0.6018414009567452,0.04809893760847176,0.004045009613037109
0.6,20,17,0.3,1.0,0,0.6009162485766774,0.04899535260259089,0.003996849060058594
0.6,20,17,0.5,1.0,0,0.6009162485766774,0.04899535260259089,0.003996849060058594
0.6,20,18,0.3,1.0,0,0.600768052912896,0.042847499135212165,0.004777669906616211
0.6,20,18,0.5,1.0,0,0.600768052912896,0.042847499135212165,0.004777669906616211
0.6,20,19,0.3,1.0,0,0.6002130687129816,0.04183651161342538,0.005783796310424805
0.6,20,19,0.5,1.0,0,0.6002130687129816,0.04183651161342538,0.005783796310424805
0.6,20,20,0.3,1.0,0,0.6006230035504845,0.03829603649480554,0.004086494445800781
0.6,20,20,0.5,1.0,0,0.6006230035504845,0.03829603649480554,0.004086494445800781
0.6,20,21,0.3,1.0,0,0.6011672534475853,0.0404226632504099,0.003041982650756836
0.6,20,21,0.5,1.0,0,0.6011672534475853,0.0404226632504099,0.003041982650756836
0.6,20,22,0.3,1.0,0,0.60024175884739,0.041897937790698676,0.006831645965576172
0.6,20,22,0.5,1.0,0,0.60024175884739,0.041897937790698676,0.006831645965576172
0.6,20,23,0.3,1.0,0,0.6012338086201174,0.04066971515094973,0.004922628402709961
0.6,20,23,0.5,1.0,0,0.6012338086201174,0.04066971515094973,0.004922628402709961
0.6,20,24,0.3,1.0,0,0.6024910279435894,0.03720722712292781,0.0067064762115478516
0.6,20,24,0.5,1.0,0,0.6024910279435894,0.03720722712292781,0.0067064762115478516
0.6,20,25,0.3,1.0,0,0.6005298569126153,0.0398898147126971,0.007077217102050781
0.6,20,25,0.5,1.0,0,0.6005298569126153,0.0398898147126971,0.007077217102050781
0.6,20,26,0.3,1.0,0,0.601323864694554,0.04397863491757738,0.004745006561279297
0.6,20,26,0.5,1.0,0,0.601323864694554,0.04397863491757738,0.004745006561279297
0.6,20,27,0.3,1.0,0,0.6007028146585969,0.04813131573437041,0.006032466888427734
0.6,20,27,0.5,1.0,0,0.6007028146585969,0.04813131573437041,0.006032466888427734
0.6,20,28,0.3,1.0,0,0.6006961009067328,0.04707382174685877,0.00476837158203125
0.6,20,28,0.5,1.0,0,0.6006961009067328,0.04707382174685877,0.00476837158203125
0.6,20,29,0.3,1.0,0,0.6008979091737565,0.04033255840144262,0.0043561458587646484
0.6,20,29,0.5,1.0,0,0.6008979091737565,0.04033255840144262,0.0043561458587646484
0.6,20,30,0.3,1.0,0,0.6001714424901449,0.046109899036748246,0.004900932312011719
0.6,20,30,0.5,1.0,0,0.6001714424901449,0.046109899036748246,0.004900932312011719
0.6,20,31,0.3,1.0,0,0.6005879769990166,0.041969369581909964,0.004821300506591797
0.6,20,31,0.5,1.0,0,0.6005879769990166,0.041969369581909964,0.004821300506591797
0.6,20,32,0.3,1.0,0,0.6001457971770734,0.04534937862089602,0.004243612289428711
0.6,20,32,0.5,1.0,0,0.6001457971770734,0.04534937862089602,0.004243612289428711
0.6,20,33,0.3,1.0,0,0.6009235611304963,0.04737225450841924,0.005996227264404297
0.6,20,33,0.5,1.0,0,0.6009235611304963,0.04737225450841924,0.005996227264404297
0.6,20,34,0.3,1.0,0,0.6010530698460885,0.042773472440762884,0.005455970764160156
0.6,20,34,0.5,1.0,0,0.6010530698460885,0.042773472440762884,0.005455970764160156
0.6,20,35,0.3,1.0,0,0.6008801873220044,0.0408771889057322,0.004270315170288086
0.6,20,35,0.5,1.0,0,0.6008801873220044,0.0408771889057322,0.004270315170288086
0.6,20,36,0.3,1.0,0,0.6001835252311813,0.03956952506485348,0.003996610641479492
0.6,20,36,0.5,1.0,0,0.6001835252311813,0.03956952506485348,0.003996610641479492
0.6,20,37,0.3,1.0,0,0.6007177245358898,0.041057289476804516,0.0057179927825927734
0.6,20,37,0.5,1.0,0,0.6007177245358898,0.041057289476804516,0.0057179927825927734
0.6,20,38,0.3,1.0,0,0.6004540922201508,0.04686145597259047,0.004003286361694336
0.6,20,38,0.5,1.0,0,0.6004540922201508,0.04686145597259047,0.004003286361694336
0.6,20,39,0.3,1.0,0,0.600667718393198,0.04879178642548242,0.003998994827270508
0.6,20,39,0.5,1.0,0,0.600667718393198,0.04879178642548242,0.003998994827270508
0.6,20,40,0.3,1.0,0,0.6017316367169083,0.04408776769844873,0.0038869380950927734
0.6,20,40,0.5,1.0,0,0.6017316367169083,0.04408776769844873,0.0038869380950927734
0.6,20,41,0.3,1.0,0,0.6002828282660143,0.04099433772245434,0.006002902984619141
0.6,20,41,0.5,1.0,0,0.6002828282660143,0.04099433772245434,0.006002902984619141
0.6,20,42,0.3,1.0,0,0.6006189152715774,0.047377865869562386,0.003986358642578125
0.6,20,42,0.5,1.0,0,0.6006189152715774,0.047377865869562386,0.003986358642578125
0.6,20,43,0.3,1.0,0,0.6001507235133786,0.03852477957537018,0.006146669387817383
0.6,20,43,0.5,1.0,0,0.6001507235133786,0.03852477957537018,0.006146669387817383
0.6,20,44,0.3,1.0,0,0.6008125457602339,0.04179806520247335,0.005004405975341797
0.6,20,44,0.5,1.0,0,0.6008125457602339,0.04179806520247335,0.005004405975341797
0.6,20,45,0.3,1.0,0,0.6002076648242943,0.04280383934970144,0.004336357116699219
0.6,20,45,0.5,1.0,0,0.6002076648242943,0.04280383934970144,0.004336357116699219
0.6,20,46,0.3,1.0,0,0.6010307354068116,0.03974471559817591,0.005990028381347656
0.6,20,46,0.5,1.0,0,0.6010307354068116,0.03974471559817591,0.005990028381347656
0.6,20,47,0.3,1.0,0,0.6012442356323185,0.03836346186461582,0.00399470329284668
0.6,20,47,0.5,1.0,0,0.6012442356323185,0.03836346186461582,0.00399470329284668
0.6,20,48,0.3,1.0,0,0.6017367483210739,0.04503448342170152,0.0053637027740478516
0.6,20,48,0.5,1.0,0,0.6017367483210739,0.04503448342170152,0.0053637027740478516
0.6,20,49,0.3,1.0,0,0.600298072862134,0.050412823382625885,0.002992391586303711
0.6,20,49,0.5,1.0,0,0.600298072862134,0.050412823382625885,0.002992391586303711
0.6,20,50,0.3,1.0,0,0.6005855645954113,0.0493919116201026,0.003983736038208008
0.6,20,50,0.5,1.0,0,0.6005855645954113,0.0493919116201026,0.003983736038208008
0.6,20,51,0.3,1.0,0,0.6023976365499244,0.04759683323045417,0.004930973052978516
0.6,20,51,0.5,1.0,0,0.6023976365499244,0.04759683323045417,0.004930973052978516
0.6,20,52,0.3,1.0,0,0.6010395750031808,0.04236174186743317,0.004033327102661133
0.6,20,52,0.5,1.0,0,0.6010395750031808,0.04236174186743317,0.004033327102661133
0.6,20,53,0.3,1.0,0,0.6014043976083021,0.041371737714406255,0.005011796951293945
0.6,20,53,0.5,1.0,0,0.6014043976083021,0.041371737714406255,0.005011796951293945
0.6,20,54,0.3,1.0,0,0.6004465638243967,0.051296802622626834,0.004000186920166016
0.6,20,54,0.5,1.0,0,0.6004465638243967,0.051296802622626834,0.004000186920166016
0.6,20,55,0.3,1.0,0,0.6008807626519743,0.044177902802509744,0.006976127624511719
0.6,20,55,0.5,1.0,0,0.6008807626519743,0.044177902802509744,0.006976127624511719
0.6,20,56,0.3,1.0,0,0.6007632379828586,0.039903384071862905,0.004998207092285156
0.6,20,56,0.5,1.0,0,0.6007632379828586,0.039903384071862905,0.004998207092285156
0.6,20,57,0.3,1.0,0,0.600192239448172,0.03743911946852866,0.005193233489990234
0.6,20,57,0.5,1.0,0,0.600192239448172,0.03743911946852866,0.005193233489990234
0.6,20,58,0.3,1.0,0,0.6005428203773383,0.04708711899983331,0.0049839019775390625
0.6,20,58,0.5,1.0,0,0.6005428203773383,0.04708711899983331,0.0049839019775390625
0.6,20,59,0.3,1.0,0,0.6005357859806495,0.04985364815546171,0.003998756408691406
0.6,20,59,0.5,1.0,0,0.6005357859806495,0.04985364815546171,0.003998756408691406
0.6,20,60,0.3,1.0,0,0.600466565318469,0.03900902349744817,0.00571751594543457
0.6,20,60,0.5,1.0,0,0.600466565318469,0.03900902349744817,0.00571751594543457
0.6,20,61,0.3,1.0,0,0.6018383418335933,0.04425899615236639,0.0040171146392822266
0.6,20,61,0.5,1.0,0,0.6018383418335933,0.04425899615236639,0.0040171146392822266
0.6,20,62,0.3,1.0,0,0.6005536997189157,0.04071783978576858,0.004278421401977539
0.6,20,62,0.5,1.0,0,0.6005536997189157,0.04071783978576858,0.004278421401977539
0.6,20,63,0.3,1.0,0,0.6001311212406107,0.03872892503194785,0.0048100948333740234
0.6,20,63,0.5,1.0,0,0.6001311212406107,0.03872892503194785,0.0048100948333740234
0.6,20,64,0.3,1.0,0,0.6004539473431357,0.045838748790481165,0.0039806365966796875
0.6,20,64,0.5,1.0,0,0.6004539473431357,0.045838748790481165,0.0039806365966796875
0.6,20,65,0.3,1.0,0,0.6007263699875075,0.04910444106186045,0.0040090084075927734
0.6,20,65,0.5,1.0,0,0.6007263699875075,0.04910444106186045,0.0040090084075927734
0.6,20,66,0.3,1.0,0,0.6009136597757855,0.041856778892309675,0.003340482711791992
0.6,20,66,0.5,1.0,0,0.6009136597757855,0.041856778892309675,0.003340482711791992
0.6,20,67,0.3,1.0,0,0.6006181565590648,0.04928382667560896,0.00402379035949707
0.6,20,67,0.5,1.0,0,0.6006181565590648,0.04928382667560896,0.00402379035949707
0.6,20,68,0.3,1.0,0,0.6006825569103786,0.041537495504880194,0.0030019283294677734
0.6,20,68,0.5,1.0,0,0.6006825569103786,0.041537495504880194,0.0030019283294677734
0.6,20,69,0.3,1.0,0,0.6004434936582561,0.04647989973877943,0.004670381546020508
0.6,20,69,0.5,1.0,0,0.6004434936582561,0.04647989973877943,0.004670381546020508
0.6,20,70,0.3,1.0,0,0.6008198001639856,0.04094622812657463,0.0049762725830078125
0.6,20,70,0.5,1.0,0,0.6008198001639856,0.04094622812657463,0.0049762725830078125
0.6,20,71,0.3,1.0,0,0.6005228489428075,0.0400689248490223,0.00400543212890625
0.6,20,71,0.5,1.0,0,0.6005228489428075,0.0400689248490223,0.00400543212890625
0.6,20,72,0.3,1.0,0,0.6011277760526299,0.03754533701758248,0.006105184555053711
0.6,20,72,0.5,1.0,0,0.6011277760526299,0.03754533701758248,0.006105184555053711
0.6,20,73,0.3,1.0,0,0.6007536955165983,0.04223592778470859,0.004992961883544922
0.6,20,73,0.5,1.0,0,0.6007536955165983,0.04223592778470859,0.004992961883544922
0.6,20,74,0.3,1.0,0,0.6001329333782383,0.039532866359206345,0.0040204524993896484
0.6,20,74,0.5,1.0,0,0.6001329333782383,0.039532866359206345,0.0040204524993896484
0.6,20,75,0.3,1.0,0,0.6011701668571098,0.04993627770771719,0.006430864334106445
0.6,20,75,0.5,1.0,0,0.6011701668571098,0.04993627770771719,0.006430864334106445
0.6,20,76,0.3,1.0,0,0.6007893005328696,0.03997234520132329,0.0040018558502197266
0.6,20,76,0.5,1.0,0,0.6007893005328696,0.03997234520132329,0.0040018558502197266
0.6,20,77,0.3,1.0,0,0.6009937168330961,0.04708229996691369,0.003999948501586914
0.6,20,77,0.5,1.0,0,0.6009937168330961,0.04708229996691369,0.003999948501586914
0.6,20,78,0.3,1.0,0,0.6004711572095547,0.04774453130179871,0.0044786930084228516
0.6,20,78,0.5,1.0,0,0.6004711572095547,0.04774453130179871,0.0044786930084228516
0.6,20,79,0.3,1.0,0,0.6019875206798083,0.044960413019942934,0.003987312316894531
0.6,20,79,0.5,1.0,0,0.6019875206798083,0.044960413019942934,0.003987312316894531
0.6,20,80,0.3,1.0,0,0.6013718733807266,0.04295161045193873,0.00570988655090332
0.6,20,80,0.5,1.0,0,0.6013718733807266,0.04295161045193873,0.00570988655090332
0.6,20,81,0.3,1.0,0,0.6020786466915202,0.0406656879040155,0.005445003509521484
0.6,20,81,0.5,1.0,0,0.6020786466915202,0.0406656879040155,0.005445003509521484
0.6,20,82,0.3,1.0,0,0.6010483435443836,0.04735720720911488,0.004014015197753906
0.6,20,82,0.5,1.0,0,0.6010483435443836,0.04735720720911488,0.004014015197753906
0.6,20,83,0.3,1.0,0,0.6006582270610434,0.04124081574318327,0.005650520324707031
0.6,20,83,0.5,1.0,0,0.6006582270610434,0.04124081574318327,0.005650520324707031
0.6,20,84,0.3,1.0,0,0.6000542362438254,0.043246467971786856,0.004216909408569336
0.6,20,84,0.5,1.0,0,0.6000542362438254,0.043246467971786856,0.004216909408569336
0.6,20,85,0.3,1.0,0,0.6005419598473577,0.04551762566063485,0.003997802734375
0.6,20,85,0.5,1.0,0,0.6005419598473577,0.04551762566063485,0.003997802734375
0.6,20,86,0.3,1.0,0,0.6008173546485257,0.04326585321195697,0.004751443862915039
0.6,20,86,0.5,1.0,0,0.6008173546485257,0.04326585321195697,0.004751443862915039
0.6,20,87,0.3,1.0,0,0.6007602400181182,0.038505575688335326,0.006229400634765625
0.6,20,87,0.5,1.0,0,0.6007602400181182,0.038505575688335326,0.006229400634765625
0.6,20,88,0.3,1.0,0,0.6012022996319885,0.04476276741676679,0.005613088607788086
0.6,20,88,0.5,1.0,0,0.6012022996319885,0.04476276741676679,0.005613088607788086
0.6,20,89,0.3,1.0,0,0.6008626876694589,0.04078520091208521,0.00801539421081543
0.6,20,89,0.5,1.0,0,0.6008626876694589,0.04078520091208521,0.00801539421081543
0.6,20,90,0.3,1.0,0,0.6013614355340345,0.04143527685618218,0.00838327407836914
0.6,20,90,0.5,1.0,0,0.6013614355340345,0.04143527685618218,0.00838327407836914
0.6,20,91,0.3,1.0,0,0.6004392787991997,0.044259311169454404,0.004793882369995117
0.6,20,91,0.5,1.0,0,0.6004392787991997,0.044259311169454404,0.004793882369995117
0.6,20,92,0.3,1.0,0,0.601052162889587,0.04647730711086536,0.00501561164855957
0.6,20,92,0.5,1.0,0,0.601052162889587,0.04647730711086536,0.00501561164855957
0.6,20,93,0.3,1.0,0,0.6009133353963104,0.04438904063274492,0.0036554336547851562
0.6,20,93,0.5,1.0,0,0.6009133353963104,0.04438904063274492,0.0036554336547851562
0.6,20,94,0.3,1.0,0,0.6007702643215009,0.040372493942742615,0.005019664764404297
0.6,20,94,0.5,1.0,0,0.6007702643215009,0.040372493942742615,0.005019664764404297
0.6,20,95,0.3,1.0,0,0.6007040856512429,0.041176135871384835,0.004014015197753906
0.6,20,95,0.5,1.0,0,0.6007040856512429,0.041176135871384835,0.004014015197753906
0.6,20,96,0.3,1.0,0,0.600551141331574,0.050740941000379236,0.0029997825622558594
0.6,20,96,0.5,1.0,0,0.600551141331574,0.050740941000379236,0.0029997825622558594
0.6,20,97,0.3,1.0,0,0.6012930820605267,0.04115054579036669,0.0058367252349853516
0.6,20,97,0.5,1.0,0,0.6012930820605267,0.04115054579036669,0.0058367252349853516
0.6,20,98,0.3,1.0,0,0.6005643159826152,0.04063504461023609,0.004021406173706055
0.6,20,98,0.5,1.0,0,0.6005643159826152,0.04063504461023609,0.004021406173706055
0.6,20,99,0.3,1.0,0,0.6004998588434811,0.041950976741153376,0.0046231746673583984
0.6,20,99,0.5,1.0,0,0.6004998588434811,0.041950976741153376,0.0046231746673583984
0.9,5,0,0.3,1.0,0,0.9003222343227658,0.07623570560839169,0.0030121803283691406
0.9,5,0,0.5,1.0,0,0.9003222343227658,0.07623570560839169,0.0030121803283691406
0.9,5,1,0.3,1.0,0,0.9002745307478551,0.08033344232298725,0.0048367977142333984
0.9,5,1,0.5,1.0,0,0.9002745307478551,0.08033344232298725,0.0048367977142333984
0.9,5,2,0.3,1.0,0,0.9013271144202072,0.07241431952384213,0.00299835205078125
0.9,5,2,0.5,1.0,0,0.9013271144202072,0.07241431952384213,0.00299835205078125
0.9,5,3,0.3,1.0,0,0.9016024523347597,0.07344042532421646,0.004439592361450195
0.9,5,3,0.5,1.0,0,0.9016024523347597,0.07344042532421646,0.004439592361450195
0.9,5,4,0.3,1.0,0,0.9004101466592077,0.07322152528927904,0.004875898361206055
0.9,5,4,0.5,1.0,0,0.9004101466592077,0.07322152528927904,0.004875898361206055
0.9,5,5,0.3,1.0,0,0.9008671129749485,0.06193777584451003,0.003017425537109375
0.9,5,5,0.5,1.0,0,0.9008671129749485,0.06193777584451003,0.003017425537109375
0.9,5,6,0.3,1.0,0,0.9010101395699992,0.0766355081307821,0.0052525997161865234
0.9,5,6,0.5,1.0,0,0.9010101395699992,0.0766355081307821,0.0052525997161865234
0.9,5,7,0.3,1.0,0,0.9009053258478761,0.06333545175381187,0.0029931068420410156
0.9,5,7,0.5,1.0,0,0.9009053258478761,0.06333545175381187,0.0029931068420410156
0.9,5,8,0.3,1.0,0,0.9020278839827357,0.06207460114301353,0.002804994583129883
0.9,5,8,0.5,1.0,0,0.9020278839827357,0.06207460114301353,0.002804994583129883
0.9,5,9,0.3,1.0,0,0.9010452038013674,0.06757753275337504,0.003992557525634766
0.9,5,9,0.5,1.0,0,0.9010452038013674,0.06757753275337504,0.003992557525634766
0.9,5,10,0.3,1.0,0,0.9011653415394795,0.06981841881682861,0.004245758056640625
0.9,5,10,0.5,1.0,0,0.9011653415394795,0.06981841881682861,0.004245758056640625
0.9,5,11,0.3,1.0,0,0.9012437815837154,0.07373764113723542,0.003973722457885742
0.9,5,11,0.5,1.0,0,0.9012437815837154,0.07373764113723542,0.003973722457885742
0.9,5,12,0.3,1.0,0,0.9010546815087674,0.09592310791375505,0.003200054168701172
0.9,5,12,0.5,1.0,0,0.9010546815087674,0.09592310791375505,0.003200054168701172
0.9,5,13,0.3,1.0,0,0.9015707201158812,0.11803549002887818,0.0030019283294677734
0.9,5,13,0.5,1.0,0,0.9015707201158812,0.11803549002887818,0.0030019283294677734
0.9,5,14,0.3,1.0,0,0.9010552600330602,0.07412524155366292,0.006525993347167969
0.9,5,14,0.5,1.0,0,0.9010552600330602,0.07412524155366292,0.006525993347167969
0.9,5,15,0.3,1.0,0,0.9000920348393509,0.08714599983247594,0.005285501480102539
0.9,5,15,0.5,1.0,0,0.9000920348393509,0.08714599983247594,0.005285501480102539
0.9,5,16,0.3,1.0,0,0.9011126472230138,0.07636465362882053,0.00536656379699707
0.9,5,16,0.5,1.0,0,0.9011126472230138,0.07636465362882053,0.00536656379699707
0.9,5,17,0.3,1.0,0,0.9015009810891637,0.0744560425556329,0.004007577896118164
0.9,5,17,0.5,1.0,0,0.9015009810891637,0.0744560425556329,0.004007577896118164
0.9,5,18,0.3,1.0,0,0.9016945952493834,0.07819658748437248,0.005420207977294922
0.9,5,18,0.5,1.0,0,0.9016945952493834,0.07819658748437248,0.005420207977294922
0.9,5,19,0.3,1.0,0,0.9016815405298154,0.08204468853075772,0.004651308059692383
0.9,5,19,0.5,1.0,0,0.9016815405298154,0.08204468853075772,0.004651308059692383
0.9,5,20,0.3,1.0,0,0.9012167534960202,0.07116222806017486,0.006907463073730469
0.9,5,20,0.5,1.0,0,0.9012167534960202,0.07116222806017486,0.006907463073730469
0.9,5,21,0.3,1.0,0,0.9002926320457848,0.09982065526570984,0.005479097366333008
0.9,5,21,0.5,1.0,0,0.9002926320457848,0.09982065526570984,0.005479097366333008
0.9,5,22,0.3,1.0,0,0.9007212533863062,0.07942559394187043,0.00401759147644043
0.9,5,22,0.5,1.0,0,0.9007212533863062,0.07942559394187043,0.00401759147644043
0.9,5,23,0.3,1.0,0,0.9009803059255861,0.06792831101474878,0.003989696502685547
0.9,5,23,0.5,1.0,0,0.9009803059255861,0.06792831101474878,0.003989696502685547
0.9,5,24,0.3,1.0,0,0.902221477049044,0.06517702523786713,0.004274606704711914
0.9,5,24,0.5,1.0,0,0.902221477049044,0.06517702523786713,0.004274606704711914
0.9,5,25,0.3,1.0,0,0.9020625111064747,0.06921527461425654,0.0029845237731933594
0.9,5,25,0.5,1.0,0,0.9020625111064747,0.06921527461425654,0.0029845237731933594
0.9,5,26,0.3,1.0,0,0.9013081892291881,0.09623193207433636,0.003997325897216797
0.9,5,26,0.5,1.0,0,0.9013081892291881,0.09623193207433636,0.003997325897216797
0.9,5,27,0.3,1.0,0,0.9006008903372128,0.08541147226324174,0.004233837127685547
0.9,5,27,0.5,1.0,0,0.9006008903372128,0.08541147226324174,0.004233837127685547
0.9,5,28,0.3,1.0,0,0.9015162697366451,0.07683189438279138,0.0036516189575195312
0.9,5,28,0.5,1.0,0,0.9015162697366451,0.07683189438279138,0.0036516189575195312
0.9,5,29,0.3,1.0,0,0.9019817376056207,0.07055831613101393,0.00400090217590332
0.9,5,29,0.5,1.0,0,0.9019817376056207,0.07055831613101393,0.00400090217590332
0.9,5,30,0.3,1.0,0,0.9006036922823782,0.07062469620876052,0.002996206283569336
0.9,5,30,0.5,1.0,0,0.9006036922823782,0.07062469620876052,0.002996206283569336
0.9,5,31,0.3,1.0,0,0.9008101201471471,0.07229666594045428,0.00544285774230957
0.9,5,31,0.5,1.0,0,0.9008101201471471,0.07229666594045428,0.00544285774230957
0.9,5,32,0.3,1.0,0,0.90038217290061,0.08705260296945135,0.004057884216308594
0.9,5,32,0.5,1.0,0,0.90038217290061,0.08705260296945135,0.004057884216308594
0.9,5,33,0.3,1.0,0,0.9016887721662119,0.0831445467079899,0.003983259201049805
0.9,5,33,0.5,1.0,0,0.9016887721662119,0.0831445467079899,0.003983259201049805
0.9,5,34,0.3,1.0,0,0.9014080898427843,0.09133870833544934,0.0042171478271484375
0.9,5,34,0.5,1.0,0,0.9014080898427843,0.09133870833544934,0.0042171478271484375
0.9,5,35,0.3,1.0,0,0.9011159325564668,0.08160494218637068,0.0032219886779785156
0.9,5,35,0.5,1.0,0,0.9011159325564668,0.08160494218637068,0.0032219886779785156
0.9,5,36,0.3,1.0,0,0.9011346290620406,0.06350280130816123,0.00400233268737793
0.9,5,36,0.5,1.0,0,0.9011346290620406,0.06350280130816123,0.00400233268737793
0.9,5,37,0.3,1.0,0,0.9005496926246841,0.08254811008194439,0.0030138492584228516
0.9,5,37,0.5,1.0,0,0.9005496926246841,0.08254811008194439,0.0030138492584228516
0.9,5,38,0.3,1.0,0,0.9010803552921348,0.08618511867850444,0.0032722949981689453
0.9,5,38,0.5,1.0,0,0.9010803552921348,0.08618511867850444,0.0032722949981689453
0.9,5,39,0.3,1.0,0,0.9011790119470403,0.09243250764138766,0.004744052886962891
0.9,5,39,0.5,1.0,0,0.9011790119470403,0.09243250764138766,0.004744052886962891
0.9,5,40,0.3,1.0,0,0.9047122169318591,0.08189515030856011,0.003974199295043945
0.9,5,40,0.5,1.0,0,0.9047122169318591,0.08189515030856011,0.003974199295043945
0.9,5,41,0.3,1.0,0,0.9003879785693756,0.07305013995174979,0.0029993057250976562
0.9,5,41,0.5,1.0,0,0.9003879785693756,0.07305013995174979,0.0029993057250976562
0.9,5,42,0.3,1.0,0,0.9007105066048057,0.08549499334822655,0.0042095184326171875
0.9,5,42,0.5,1.0,0,0.9007105066048057,0.08549499334822655,0.0042095184326171875
0.9,5,43,0.3,1.0,0,0.9012475489119591,0.07772854406962697,0.0050427913665771484
0.9,5,43,0.5,1.0,0,0.9012475489119591,0.07772854406962697,0.0050427913665771484
0.9,5,44,0.3,1.0,0,0.9000957187800495,0.07848372597127536,0.005016326904296875
0.9,5,44,0.5,1.0,0,0.9000957187800495,0.07848372597127536,0.005016326904296875
0.9,5,45,0.3,1.0,0,0.9006636552610169,0.07610471774264818,0.0030469894409179688
0.9,5,45,0.5,1.0,0,0.9006636552610169,0.07610471774264818,0.0030469894409179688
0.9,5,46,0.3,1.0,0,0.9008255497956192,0.08445672598324121,0.0035262107849121094
0.9,5,46,0.5,1.0,0,0.9008255497956192,0.08445672598324121,0.0035262107849121094
0.9,5,47,0.3,1.0,0,0.9008646642026125,0.0839718616500536,0.0030143260955810547
0.9,5,47,0.5,1.0,0,0.9008646642026125,0.0839718616500536,0.0030143260955810547
0.9,5,48,0.3,1.0,0,0.9008128207578641,0.06838636433936564,0.0030002593994140625
0.9,5,48,0.5,1.0,0,0.9008128207578641,0.06838636433936564,0.0030002593994140625
0.9,5,49,0.3,1.0,0,0.9008523193419685,0.09471466625151909,0.0029859542846679688
0.9,5,49,0.5,1.0,0,0.9008523193419685,0.09471466625151909,0.0029859542846679688
0.9,5,50,0.3,1.0,0,0.901347416797015,0.08248890736416611,0.004227876663208008
0.9,5,50,0.5,1.0,0,0.901347416797015,0.08248890736416611,0.004227876663208008
0.9,5,51,0.3,1.0,0,0.9028339590081215,0.08799630009833613,0.0030858516693115234
0.9,5,51,0.5,1.0,0,0.9028339590081215,0.08799630009833613,0.0030858516693115234
0.9,5,52,0.3,1.0,0,0.9009467294044373,0.06866853690623713,0.003997325897216797
0.9,5,52,0.5,1.0,0,0.9009467294044373,0.06866853690623713,0.003997325897216797
0.9,5,53,0.3,1.0,0,0.9012117107906685,0.09418016736220909,0.003940582275390625
0.9,5,53,0.5,1.0,0,0.9012117107906685,0.09418016736220909,0.003940582275390625
0.9,5,54,0.3,1.0,0,0.9003341976270348,0.09339280230213365,0.004023313522338867
0.9,5,54,0.5,1.0,0,0.9003341976270348,0.09339280230213365,0.004023313522338867
0.9,5,55,0.3,1.0,0,0.9021079824504687,0.08192597954568172,0.004001140594482422
0.9,5,55,0.5,1.0,0,0.9021079824504687,0.08192597954568172,0.004001140594482422
0.9,5,56,0.3,1.0,0,0.9007460035062607,0.1188805728504184,0.004002094268798828
0.9,5,56,0.5,1.0,0,0.9007460035062607,0.1188805728504184,0.004002094268798828
0.9,5,57,0.3,1.0,0,0.9012853869192515,0.06674948962601054,0.005549907684326172
0.9,5,57,0.5,1.0,0,0.9012853869192515,0.06674948962601054,0.005549907684326172
0.9,5,58,0.3,1.0,0,0.9010069207874162,0.0875715584423509,0.0041141510009765625
0.9,5,58,0.5,1.0,0,0.9010069207874162,0.0875715584423509,0.0041141510009765625
0.9,5,59,0.3,1.0,0,0.9009191989761871,0.08699695364996983,0.003928422927856445
0.9,5,59,0.5,1.0,0,0.9009191989761871,0.08699695364996983,0.003928422927856445
0.9,5,60,0.3,1.0,0,0.9012817665537234,0.08580241481948221,0.0053942203521728516
0.9,5,60,0.5,1.0,0,0.9012817665537234,0.08580241481948221,0.0053942203521728516
0.9,5,61,0.3,1.0,0,0.901623320049122,0.07710080817576968,0.0029120445251464844
0.9,5,61,0.5,1.0,0,0.901623320049122,0.07710080817576968,0.0029120445251464844
0.9,5,62,0.3,1.0,0,0.9003973636880386,0.07738927818830979,0.0040357112884521484
0.9,5,62,0.5,1.0,0,0.9003973636880386,0.07738927818830979,0.0040357112884521484
0.9,5,63,0.3,1.0,0,0.9017694661236128,0.06859330403861386,0.0039141178131103516
0.9,5,63,0.5,1.0,0,0.9017694661236128,0.06859330403861386,0.0039141178131103516
0.9,5,64,0.3,1.0,0,0.9008558727896964,0.08400478550314992,0.0035920143127441406
0.9,5,64,0.5,1.0,0,0.9008558727896964,0.08400478550314992,0.0035920143127441406
0.9,5,65,0.3,1.0,0,0.9036411268552279,0.09543563340183195,0.0041866302490234375
0.9,5,65,0.5,1.0,0,0.9036411268552279,0.09543563340183195,0.0041866302490234375
0.9,5,66,0.3,1.0,0,0.9011118678922013,0.07949244899708015,0.00400853157043457
0.9,5,66,0.5,1.0,0,0.9011118678922013,0.07949244899708015,0.00400853157043457
0.9,5,67,0.3,1.0,0,0.9003887705694665,0.09044479743291095,0.0029265880584716797
0.9,5,67,0.5,1.0,0,0.9003887705694665,0.09044479743291095,0.0029265880584716797
0.9,5,68,0.3,1.0,0,0.9005710580157427,0.07964884076014359,0.004618406295776367
0.9,5,68,0.5,1.0,0,0.9005710580157427,0.07964884076014359,0.004618406295776367
0.9,5,69,0.3,1.0,0,0.9033584096448335,0.09181372049578385,0.0029985904693603516
0.9,5,69,0.5,1.0,0,0.9033584096448335,0.09181372049578385,0.0029985904693603516
0.9,5,70,0.3,1.0,0,0.9012552062699128,0.08149294864033842,0.004006147384643555
0.9,5,70,0.5,1.0,0,0.9012552062699128,0.08149294864033842,0.004006147384643555
0.9,5,71,0.3,1.0,0,0.9008990439814677,0.08241810885891401,0.003999233245849609
0.9,5,71,0.5,1.0,0,0.9008990439814677,0.08241810885891401,0.003999233245849609
0.9,5,72,0.3,1.0,0,0.9001059209490754,0.07010759517381468,0.004240512847900391
0.9,5,72,0.5,1.0,0,0.9001059209490754,0.07010759517381468,0.004240512847900391
0.9,5,73,0.3,1.0,0,0.9038434293988935,0.08153905163160612,0.00504612922668457
0.9,5,73,0.5,1.0,0,0.9038434293988935,0.08153905163160612,0.00504612922668457
0.9,5,74,0.3,1.0,0,0.9005638573355012,0.0823907508133179,0.002958536148071289
0.9,5,74,0.5,1.0,0,0.9005638573355012,0.0823907508133179,0.002958536148071289
0.9,5,75,0.3,1.0,0,0.9009385611897328,0.06356279760078908,0.003978729248046875
0.9,5,75,0.5,1.0,0,0.9009385611897328,0.06356279760078908,0.003978729248046875
0.9,5,76,0.3,1.0,0,0.9027337862705515,0.07803225596299941,0.0040776729583740234
0.9,5,76,0.5,1.0,0,0.9027337862705515,0.07803225596299941,0.0040776729583740234
0.9,5,77,0.3,1.0,0,0.9008256685922694,0.0819707539688701,0.00395965576171875
0.9,5,77,0.5,1.0,0,0.9008256685922694,0.0819707539688701,0.00395965576171875
0.9,5,78,0.3,1.0,0,0.9012437103610972,0.06509944143848059,0.00395512580871582
0.9,5,78,0.5,1.0,0,0.9012437103610972,0.06509944143848059,0.00395512580871582
0.9,5,79,0.3,1.0,0,0.9006200168756919,0.07148346647245497,0.0036356449127197266
0.9,5,79,0.5,1.0,0,0.9006200168756919,0.07148346647245497,0.0036356449127197266
0.9,5,80,0.3,1.0,0,0.9025142703228289,0.09330233841092511,0.004003763198852539
0.9,5,80,0.5,1.0,0,0.9025142703228289,0.09330233841092511,0.004003763198852539
0.9,5,81,0.3,1.0,0,0.9019886285779748,0.06328166283541091,0.00399327278137207
0.9,5,81,0.5,1.0,0,0.9019886285779748,0.06328166283541091,0.00399327278137207
0.9,5,82,0.3,1.0,0,0.9004237960226604,0.0819628611572533,0.003003358840942383
0.9,5,82,0.5,1.0,0,0.9004237960226604,0.0819628611572533,0.003003358840942383
0.9,5,83,0.3,1.0,0,0.9017605834090168,0.09728454210156873,0.003325223922729492
0.9,5,83,0.5,1.0,0,0.9017605834090168,0.09728454210156873,0.003325223922729492
0.9,5,84,0.3,1.0,0,0.9008126776990854,0.07885986264775655,0.0039942264556884766
0.9,5,84,0.5,1.0,0,0.9008126776990854,0.07885986264775655,0.0039942264556884766
0.9,5,85,0.3,1.0,0,0.9001615801520566,0.07362579281316237,0.0030050277709960938
0.9,5,85,0.5,1.0,0,0.9001615801520566,0.07362579281316237,0.0030050277709960938
0.9,5,86,0.3,1.0,0,0.9013473089660774,0.09239036633367911,0.002994537353515625
0.9,5,86,0.5,1.0,0,0.9013473089660774,0.09239036633367911,0.002994537353515625
0.9,5,87,0.3,1.0,0,0.9004859241603039,0.09077000400514404,0.0049893856048583984
0.9,5,87,0.5,1.0,0,0.9004859241603039,0.09077000400514404,0.0049893856048583984
0.9,5,88,0.3,1.0,0,0.9016312079786002,0.08810665478554604,0.00693202018737793
0.9,5,88,0.5,1.0,0,0.9016312079786002,0.08810665478554604,0.00693202018737793
0.9,5,89,0.3,1.0,0,0.9010758267014953,0.09313879044582529,0.004331827163696289
0.9,5,89,0.5,1.0,0,0.9010758267014953,0.09313879044582529,0.004331827163696289
0.9,5,90,0.3,1.0,0,0.9003821258635005,0.07357971573649973,0.004924297332763672
0.9,5,90,0.5,1.0,0,0.9003821258635005,0.07357971573649973,0.004924297332763672
0.9,5,91,0.3,1.0,0,0.9008288477584655,0.07014811171210805,0.0030007362365722656
0.9,5,91,0.5,1.0,0,0.9008288477584655,0.07014811171210805,0.0030007362365722656
0.9,5,92,0.3,1.0,0,0.9008393119996306,0.08110088736686875,0.0032205581665039062
0.9,5,92,0.5,1.0,0,0.9008393119996306,0.08110088736686875,0.0032205581665039062
0.9,5,93,0.3,1.0,0,0.9006003641820911,0.07295314025493188,0.0035202503204345703
0.9,5,93,0.5,1.0,0,0.9006003641820911,0.07295314025493188,0.0035202503204345703
0.9,5,94,0.3,1.0,0,0.9030462812871783,0.07375260665382796,0.0029976367950439453
0.9,5,94,0.5,1.0,0,0.9030462812871783,0.07375260665382796,0.0029976367950439453
0.9,5,95,0.3,1.0,0,0.9010445718306581,0.08643715044056173,0.003000020980834961
0.9,5,95,0.5,1.0,0,0.9010445718306581,0.08643715044056173,0.003000020980834961
0.9,5,96,0.3,1.0,0,0.9013086946923689,0.09166605315925039,0.00407862663269043
0.9,5,96,0.5,1.0,0,0.9013086946923689,0.09166605315925039,0.00407862663269043
0.9,5,97,0.3,1.0,0,0.9018040531366797,0.07425711799049672,0.004010677337646484
0.9,5,97,0.5,1.0,0,0.9018040531366797,0.07425711799049672,0.004010677337646484
0.9,5,98,0.3,1.0,0,0.9038712349521104,0.09922664062397842,0.003003358840942383
0.9,5,98,0.5,1.0,0,0.9038712349521104,0.09922664062397842,0.003003358840942383
0.9,5,99,0.3,1.0,0,0.9039361345494211,0.07583050486892112,0.00399327278137207
0.9,5,99,0.5,1.0,0,0.9039361345494211,0.07583050486892112,0.00399327278137207
0.9,20,0,0.3,1.0,0,0.9001815309834348,0.04418923484726551,0.00562596321105957
0.9,20,0,0.5,1.0,0,0.9001815309834348,0.04418923484726551,0.00562596321105957
0.9,20,1,0.3,1.0,0,0.900158541547147,0.03738559258590772,0.005071401596069336
0.9,20,1,0.5,1.0,0,0.900158541547147,0.03738559258590772,0.005071401596069336
0.9,20,2,0.3,1.0,0,0.900201408551477,0.042405664574427085,0.004000425338745117
0.9,20,2,0.5,1.0,0,0.900201408551477,0.042405664574427085,0.004000425338745117
0.9,20,3,0.3,1.0,0,0.9007401635059417,0.03854592144265925,0.006984710693359375
0.9,20,3,0.5,1.0,0,0.9007401635059417,0.03854592144265925,0.006984710693359375
0.9,20,4,0.3,1.0,0,0.9003592724574281,0.04297853484350135,0.006536722183227539
0.9,20,4,0.5,1.0,0,0.9003592724574281,0.04297853484350135,0.006536722183227539
0.9,20,5,0.3,1.0,0,0.9003226363290158,0.03850112006997985,0.004374980926513672
0.9,20,5,0.5,1.0,0,0.9003226363290158,0.03850112006997985,0.004374980926513672
0.9,20,6,0.3,1.0,0,0.9008115191672659,0.03763200153096609,0.003966569900512695
0.9,20,6,0.5,1.0,0,0.9008115191672659,0.03763200153096609,0.003966569900512695
0.9,20,7,0.3,1.0,0,0.9003582724802239,0.042623616403870766,0.005589485168457031
0.9,20,7,0.5,1.0,0,0.9003582724802239,0.042623616403870766,0.005589485168457031
0.9,20,8,0.3,1.0,0,0.9000418078804548,0.045735382707387605,0.0054509639739990234
0.9,20,8,0.5,1.0,0,0.9000418078804548,0.045735382707387605,0.0054509639739990234
0.9,20,9,0.3,1.0,0,0.9003769123925102,0.03971368520662438,0.0029969215393066406
0.9,20,9,0.5,1.0,0,0.9003769123925102,0.03971368520662438,0.0029969215393066406
0.9,20,10,0.3,1.0,0,0.9002234846208925,0.04471846254531476,0.0051746368408203125
0.9,20,10,0.5,1.0,0,0.9002234846208925,0.04471846254531476,0.0051746368408203125
0.9,20,11,0.3,1.0,0,0.9004983282444776,0.037594319304891224,0.0047740936279296875
0.9,20,11,0.5,1.0,0,0.9004983282444776,0.037594319304891224,0.0047740936279296875
0.9,20,12,0.3,1.0,0,0.9001778945780329,0.036171655164968154,0.005391836166381836
0.9,20,12,0.5,1.0,0,0.9001778945780329,0.036171655164968154,0.005391836166381836
0.9,20,13,0.3,1.0,0,0.9005372926120966,0.041153056567503635,0.005410194396972656
0.9,20,13,0.5,1.0,0,0.9005372926120966,0.041153056567503635,0.005410194396972656
0.9,20,14,0.3,1.0,0,0.9002200774474102,0.04800493659421887,0.004130363464355469
0.9,20,14,0.5,1.0,0,0.9002200774474102,0.04800493659421887,0.004130363464355469
0.9,20,15,0.3,1.0,0,0.9000378985531945,0.04137600033244134,0.005082607269287109
0.9,20,15,0.5,1.0,0,0.9000378985531945,0.04137600033244134,0.005082607269287109
0.9,20,16,0.3,1.0,0,0.9006903565578758,0.04758413446002341,0.0027909278869628906
0.9,20,16,0.5,1.0,0,0.9006903565578758,0.04758413446002341,0.0027909278869628906
0.9,20,17,0.3,1.0,0,0.9003410168760838,0.048774186391535794,0.005738019943237305
0.9,20,17,0.5,1.0,0,0.9003410168760838,0.048774186391535794,0.005738019943237305
0.9,20,18,0.3,1.0,0,0.9002873679039257,0.0416011030223563,0.002996683120727539
0.9,20,18,0.5,1.0,0,0.9002873679039257,0.0416011030223563,0.002996683120727539
0.9,20,19,0.3,1.0,0,0.9000791533155608,0.041616687401521794,0.0066187381744384766
0.9,20,19,0.5,1.0,0,0.9000791533155608,0.041616687401521794,0.0066187381744384766
0.9,20,20,0.3,1.0,0,0.9002337360118494,0.038119302600188365,0.003045320510864258
0.9,20,20,0.5,1.0,0,0.9002337360118494,0.038119302600188365,0.003045320510864258
0.9,20,21,0.3,1.0,0,0.9004368181972262,0.03967464516282128,0.003997802734375
0.9,20,21,0.5,1.0,0,0.9004368181972262,0.03967464516282128,0.003997802734375
0.9,20,22,0.3,1.0,0,0.900090338291899,0.04172119795752169,0.003803253173828125
0.9,20,22,0.5,1.0,0,0.900090338291899,0.04172119795752169,0.003803253173828125
0.9,20,23,0.3,1.0,0,0.9004596524167583,0.0405226838167173,0.004663228988647461
0.9,20,23,0.5,1.0,0,0.9004596524167583,0.0405226838167173,0.004663228988647461
0.9,20,24,0.3,1.0,0,0.9009273954520626,0.036990605873887306,0.0049970149993896484
0.9,20,24,0.5,1.0,0,0.9009273954520626,0.036990605873887306,0.0049970149993896484
0.9,20,25,0.3,1.0,0,0.9001986277743539,0.039813396169537385,0.0046346187591552734
0.9,20,25,0.5,1.0,0,0.9001986277743539,0.039813396169537385,0.0046346187591552734
0.9,20,26,0.3,1.0,0,0.9004956779354945,0.043942527245582015,0.004048824310302734
0.9,20,26,0.5,1.0,0,0.9004956779354945,0.043942527245582015,0.004048824310302734
0.9,20,27,0.3,1.0,0,0.9002631478777543,0.047919372457384854,0.004001140594482422
0.9,20,27,0.5,1.0,0,0.9002631478777543,0.047919372457384854,0.004001140594482422
0.9,20,28,0.3,1.0,0,0.900257197154033,0.04422560101491178,0.006343841552734375
0.9,20,28,0.5,1.0,0,0.900257197154033,0.04422560101491178,0.006343841552734375
0.9,20,29,0.3,1.0,0,0.9003345014440025,0.040332152518933885,0.003998756408691406
0.9,20,29,0.5,1.0,0,0.9003345014440025,0.040332152518933885,0.003998756408691406
0.9,20,30,0.3,1.0,0,0.900063986984132,0.04587073227054845,0.0050127506256103516
0.9,20,30,0.5,1.0,0,0.900063986984132,0.04587073227054845,0.0050127506256103516
0.9,20,31,0.3,1.0,0,0.9002215409880182,0.0415619251873645,0.003926753997802734
0.9,20,31,0.5,1.0,0,0.9002215409880182,0.0415619251873645,0.003926753997802734
0.9,20,32,0.3,1.0,0,0.9000556798341495,0.045347142223091524,0.007926464080810547
0.9,20,32,0.5,1.0,0,0.9000556798341495,0.045347142223091524,0.007926464080810547
0.9,20,33,0.3,1.0,0,0.9003457693988162,0.046466687266536806,0.006001710891723633
0.9,20,33,0.5,1.0,0,0.9003457693988162,0.046466687266536806,0.006001710891723633
0.9,20,34,0.3,1.0,0,0.9003900434135429,0.042772514324952125,0.003759145736694336
0.9,20,34,0.5,1.0,0,0.9003900434135429,0.042772514324952125,0.003759145736694336
0.9,20,35,0.3,1.0,0,0.9003293683608791,0.04032377411147878,0.00299835205078125
0.9,20,35,0.5,1.0,0,0.9003293683608791,0.04032377411147878,0.00299835205078125
0.9,20,36,0.3,1.0,0,0.9000686084187994,0.039468984540414004,0.0040132999420166016
0.9,20,36,0.5,1.0,0,0.9000686084187994,0.039468984540414004,0.0040132999420166016
0.9,20,37,0.3,1.0,0,0.9002705377798311,0.040951503378928056,0.0038030147552490234
0.9,20,37,0.5,1.0,0,0.9002705377798311,0.040951503378928056,0.0038030147552490234
0.9,20,38,0.3,1.0,0,0.9001702335373627,0.04635433594204029,0.0050029754638671875
0.9,20,38,0.5,1.0,0,0.9001702335373627,0.04635433594204029,0.0050029754638671875
0.9,20,39,0.3,1.0,0,0.9002527790462379,0.048513197740782076,0.0029823780059814453
0.9,20,39,0.5,1.0,0,0.9002527790462379,0.048513197740782076,0.0029823780059814453
0.9,20,40,0.3,1.0,0,0.9006455038112731,0.04362019778945368,0.0057659149169921875
0.9,20,40,0.5,1.0,0,0.9006455038112731,0.04362019778945368,0.0057659149169921875
0.9,20,41,0.3,1.0,0,0.9001063761560213,0.040989276994919784,0.0044095516204833984
0.9,20,41,0.5,1.0,0,0.9001063761560213,0.040989276994919784,0.0044095516204833984
0.9,20,42,0.3,1.0,0,0.9002306113502145,0.04721562068405035,0.0039882659912109375
0.9,20,42,0.5,1.0,0,0.9002306113502145,0.04721562068405035,0.0039882659912109375
0.9,20,43,0.3,1.0,0,0.9000571728234469,0.03811580791108931,0.004603147506713867
0.9,20,43,0.5,1.0,0,0.9000571728234469,0.03811580791108931,0.004603147506713867
0.9,20,44,0.3,1.0,0,0.9003019430002409,0.04065358854532774,0.0035076141357421875
0.9,20,44,0.5,1.0,0,0.9003019430002409,0.04065358854532774,0.0035076141357421875
0.9,20,45,0.3,1.0,0,0.9000786650866822,0.04155799622489503,0.0050013065338134766
0.9,20,45,0.5,1.0,0,0.9000786650866822,0.04155799622489503,0.0050013065338134766
0.9,20,46,0.3,1.0,0,0.9003867347101564,0.03974445349270778,0.003997087478637695
0.9,20,46,0.5,1.0,0,0.9003867347101564,0.03974445349270778,0.003997087478637695
0.9,20,47,0.3,1.0,0,0.9004666935664823,0.037982496268932214,0.005524158477783203
0.9,20,47,0.5,1.0,0,0.9004666935664823,0.037982496268932214,0.005524158477783203
0.9,20,48,0.3,1.0,0,0.9006511122409292,0.04274548604499178,0.0029993057250976562
0.9,20,48,0.5,1.0,0,0.9006511122409292,0.04274548604499178,0.0029993057250976562
0.9,20,49,0.3,1.0,0,0.9001107572542216,0.050214642562121464,0.0030040740966796875
0.9,20,49,0.5,1.0,0,0.9001107572542216,0.050214642562121464,0.0030040740966796875
0.9,20,50,0.3,1.0,0,0.9002192866854404,0.0492836847630587,0.00421142578125
0.9,20,50,0.5,1.0,0,0.9002192866854404,0.0492836847630587,0.00421142578125
0.9,20,51,0.3,1.0,0,0.9008925095617796,0.04720135079839814,0.003998279571533203
0.9,20,51,0.5,1.0,0,0.9008925095617796,0.04720135079839814,0.003998279571533203
0.9,20,52,0.3,1.0,0,0.9003923048469613,0.0423390750186917,0.005990743637084961
0.9,20,52,0.5,1.0,0,0.9003923048469613,0.0423390750186917,0.005990743637084961
0.9,20,53,0.3,1.0,0,0.9005243205450397,0.041270425578971856,0.004106760025024414
0.9,20,53,0.5,1.0,0,0.9005243205450397,0.041270425578971856,0.004106760025024414
0.9,20,54,0.3,1.0,0,0.9001680048761777,0.0511023576191721,0.00799703598022461
0.9,20,54,0.5,1.0,0,0.9001680048761777,0.0511023576191721,0.00799703598022461
0.9,20,55,0.3,1.0,0,0.9003309670484542,0.04408416876041128,0.007071971893310547
0.9,20,55,0.5,1.0,0,0.9003309670484542,0.04408416876041128,0.007071971893310547
0.9,20,56,0.3,1.0,0,0.900285769493956,0.0399028861528403,0.004031658172607422
0.9,20,56,0.5,1.0,0,0.900285769493956,0.0399028861528403,0.004031658172607422
0.9,20,57,0.3,1.0,0,0.9000724842419396,0.037101297666219175,0.003990888595581055
0.9,20,57,0.5,1.0,0,0.9000724842419396,0.037101297666219175,0.003990888595581055
0.9,20,58,0.3,1.0,0,0.9002053417648523,0.047005678895765166,0.004013776779174805
0.9,20,58,0.5,1.0,0,0.9002053417648523,0.047005678895765166,0.004013776779174805
0.9,20,59,0.3,1.0,0,0.9001995038195366,0.048791734364127336,0.0031549930572509766
0.9,20,59,0.5,1.0,0,0.9001995038195366,0.048791734364127336,0.0031549930572509766
0.9,20,60,0.3,1.0,0,0.9001765499639636,0.03802686321615277,0.005023956298828125
0.9,20,60,0.5,1.0,0,0.9001765499639636,0.03802686321615277,0.005023956298828125
0.9,20,61,0.3,1.0,0,0.9006888647265636,0.043490009055853325,0.003001689910888672
0.9,20,61,0.5,1.0,0,0.9006888647265636,0.043490009055853325,0.003001689910888672
0.9,20,62,0.3,1.0,0,0.9002081865677017,0.04067421532659243,0.0067098140716552734
0.9,20,62,0.5,1.0,0,0.9002081865677017,0.04067421532659243,0.0067098140716552734
0.9,20,63,0.3,1.0,0,0.9000488615479281,0.03847278684363561,0.003996133804321289
0.9,20,63,0.5,1.0,0,0.9000488615479281,0.03847278684363561,0.003996133804321289
0.9,20,64,0.3,1.0,0,0.9001698657159714,0.04580453254058043,0.0040035247802734375
0.9,20,64,0.5,1.0,0,0.9001698657159714,0.04580453254058043,0.0040035247802734375
0.9,20,65,0.3,1.0,0,0.9002715033232878,0.04817014428850683,0.005313873291015625
0.9,20,65,0.5,1.0,0,0.9002715033232878,0.04817014428850683,0.005313873291015625
0.9,20,66,0.3,1.0,0,0.9003423458218078,0.04185615127245798,0.003998279571533203
0.9,20,66,0.5,1.0,0,0.9003423458218078,0.04185615127245798,0.003998279571533203
0.9,20,67,0.3,1.0,0,0.9002330015068254,0.0489396746563751,0.00400233268737793
0.9,20,67,0.5,1.0,0,0.9002330015068254,0.0489396746563751,0.00400233268737793
0.9,20,68,0.3,1.0,0,0.9002554391336164,0.041374954255227234,0.003658771514892578
0.9,20,68,0.5,1.0,0,0.9002554391336164,0.041374954255227234,0.003658771514892578
0.9,20,69,0.3,1.0,0,0.900167130183131,0.0460607364646309,0.00700068473815918
0.9,20,69,0.5,1.0,0,0.900167130183131,0.0460607364646309,0.00700068473815918
0.9,20,70,0.3,1.0,0,0.9003046431077864,0.04059762986305203,0.0074727535247802734
0.9,20,70,0.5,1.0,0,0.9003046431077864,0.04059762986305203,0.0074727535247802734
0.9,20,71,0.3,1.0,0,0.9001947443530582,0.039091907248379784,0.0029976367950439453
0.9,20,71,0.5,1.0,0,0.9001947443530582,0.039091907248379784,0.0029976367950439453
0.9,20,72,0.3,1.0,0,0.9004232385992943,0.037520326369722044,0.002982616424560547
0.9,20,72,0.5,1.0,0,0.9004232385992943,0.037520326369722044,0.002982616424560547
0.9,20,73,0.3,1.0,0,0.9002828893733343,0.04214376563460124,0.004113197326660156
0.9,20,73,0.5,1.0,0,0.9002828893733343,0.04214376563460124,0.004113197326660156
0.9,20,74,0.3,1.0,0,0.900049848329435,0.038979700546552705,0.00298309326171875
0.9,20,74,0.5,1.0,0,0.900049848329435,0.038979700546552705,0.00298309326171875
0.9,20,75,0.3,1.0,0,0.9004395635768757,0.04953984874848177,0.004000425338745117
0.9,20,75,0.5,1.0,0,0.9004395635768757,0.04953984874848177,0.004000425338745117
0.9,20,76,0.3,1.0,0,0.9002932442268828,0.039804025933057645,0.0039980411529541016
0.9,20,76,0.5,1.0,0,0.9002932442268828,0.039804025933057645,0.0039980411529541016
0.9,20,77,0.3,1.0,0,0.9003732472311026,0.047001044612560695,0.0058443546295166016
0.9,20,77,0.5,1.0,0,0.9003732472311026,0.047001044612560695,0.0058443546295166016
0.9,20,78,0.3,1.0,0,0.9001754000516841,0.04770119447378788,0.0030748844146728516
0.9,20,78,0.5,1.0,0,0.9001754000516841,0.04770119447378788,0.0030748844146728516
0.9,20,79,0.3,1.0,0,0.9007443281193198,0.04495946997159584,0.002918243408203125
0.9,20,79,0.5,1.0,0,0.9007443281193198,0.04495946997159584,0.002918243408203125
0.9,20,80,0.3,1.0,0,0.9005110498623821,0.04291436025579215,0.0042552947998046875
0.9,20,80,0.5,1.0,0,0.9005110498623821,0.04291436025579215,0.0042552947998046875
0.9,20,81,0.3,1.0,0,0.9007774524539203,0.03979619877832682,0.0029306411743164062
0.9,20,81,0.5,1.0,0,0.9007774524539203,0.03979619877832682,0.0029306411743164062
0.9,20,82,0.3,1.0,0,0.9003944767539525,0.04582865068941343,0.002928495407104492
0.9,20,82,0.5,1.0,0,0.9003944767539525,0.04582865068941343,0.002928495407104492
0.9,20,83,0.3,1.0,0,0.9002463453192807,0.04121266033014987,0.004069328308105469
0.9,20,83,0.5,1.0,0,0.9002463453192807,0.04121266033014987,0.004069328308105469
0.9,20,84,0.3,1.0,0,0.9000205856424678,0.043236954936318135,0.003907918930053711
0.9,20,84,0.5,1.0,0,0.9000205856424678,0.043236954936318135,0.003907918930053711
0.9,20,85,0.3,1.0,0,0.900203466869301,0.04533477773337681,0.004072427749633789
0.9,20,85,0.5,1.0,0,0.900203466869301,0.04533477773337681,0.004072427749633789
0.9,20,86,0.3,1.0,0,0.9003045101087249,0.042820912267154294,0.003931283950805664
0.9,20,86,0.5,1.0,0,0.9003045101087249,0.042820912267154294,0.003931283950805664
0.9,20,87,0.3,1.0,0,0.9002851155054074,0.0380914835728266,0.005971193313598633
0.9,20,87,0.5,1.0,0,0.9002851155054074,0.0380914835728266,0.005971193313598633
0.9,20,88,0.3,1.0,0,0.9004511180977685,0.04419591912487229,0.00410771369934082
0.9,20,88,0.5,1.0,0,0.9004511180977685,0.04419591912487229,0.00410771369934082
0.9,20,89,0.3,1.0,0,0.9003243677797165,0.040193952330672765,0.004922389984130859
0.9,20,89,0.5,1.0,0,0.9003243677797165,0.040193952330672765,0.004922389984130859
0.9,20,90,0.3,1.0,0,0.9005044201900794,0.041144464297177295,0.005042076110839844
0.9,20,90,0.5,1.0,0,0.9005044201900794,0.041144464297177295,0.005042076110839844
0.9,20,91,0.3,1.0,0,0.9001652049342471,0.044258966009994766,0.004021644592285156
0.9,20,91,0.5,1.0,0,0.9001652049342471,0.044258966009994766,0.004021644592285156
0.9,20,92,0.3,1.0,0,0.9003952888219653,0.04636492644834535,0.004079341888427734
0.9,20,92,0.5,1.0,0,0.9003952888219653,0.04636492644834535,0.004079341888427734
0.9,20,93,0.3,1.0,0,0.9003427484510927,0.04437295643744863,0.0029938220977783203
0.9,20,93,0.5,1.0,0,0.9003427484510927,0.04437295643744863,0.0029938220977783203
0.9,20,94,0.3,1.0,0,0.9002896795254847,0.039847142168362194,0.007360935211181641
0.9,20,94,0.5,1.0,0,0.9002896795254847,0.039847142168362194,0.007360935211181641
0.9,20,95,0.3,1.0,0,0.9002634514906017,0.04077749035260194,0.005931377410888672
0.9,20,95,0.5,1.0,0,0.9002634514906017,0.04077749035260194,0.005931377410888672
0.9,20,96,0.3,1.0,0,0.9002078936000413,0.04955145660814399,0.005627632141113281
0.9,20,96,0.5,1.0,0,0.9002078936000413,0.04955145660814399,0.005627632141113281
0.9,20,97,0.3,1.0,0,0.9004851624109425,0.04114638562893842,0.00600433349609375
0.9,20,97,0.5,1.0,0,0.9004851624109425,0.04114638562893842,0.00600433349609375
0.9,20,98,0.3,1.0,0,0.9002089284205098,0.03994758663509779,0.003998517990112305
0.9,20,98,0.5,1.0,0,0.9002089284205098,0.03994758663509779,0.003998517990112305
0.9,20,99,0.3,1.0,0,0.9001875491834261,0.04181199790169548,0.005153179168701172
0.9,20,99,0.5,1.0,0,0.9001875491834261,0.04181199790169548,0.005153179168701172
0.99,5,0,0.3,1.0,0,0.9900355089456461,0.07587382290026479,0.00400233268737793
0.99,5,0,0.5,1.0,0,0.9900355089456461,0.07587382290026479,0.00400233268737793
0.99,5,1,0.3,1.0,0,0.9900301751737329,0.08018030991020006,0.003070831298828125
0.99,5,1,0.5,1.0,0,0.9900301751737329,0.08018030991020006,0.003070831298828125
0.99,5,2,0.3,1.0,0,0.9901459131860698,0.0721311145996896,0.005862236022949219
0.99,5,2,0.5,1.0,0,0.9901459131860698,0.0721311145996896,0.005862236022949219
0.99,5,3,0.3,1.0,0,0.9901753084513572,0.07308908627267215,0.00509190559387207
0.99,5,3,0.5,1.0,0,0.9901753084513572,0.07308908627267215,0.00509190559387207
0.99,5,4,0.3,1.0,0,0.9900452472246979,0.07316877593379224,0.006000041961669922
0.99,5,4,0.5,1.0,0,0.9900452472246979,0.07316877593379224,0.006000041961669922
0.99,5,5,0.3,1.0,0,0.9900957163444655,0.061893870333489136,0.0036826133728027344
0.99,5,5,0.5,1.0,0,0.9900957163444655,0.061893870333489136,0.0036826133728027344
0.99,5,6,0.3,1.0,0,0.9901114964200685,0.0765345684557482,0.004000186920166016
0.99,5,6,0.5,1.0,0,0.9901114964200685,0.0765345684557482,0.004000186920166016
0.99,5,7,0.3,1.0,0,0.9900995943602768,0.06333233221427137,0.004002571105957031
0.99,5,7,0.5,1.0,0,0.9900995943602768,0.06333233221427137,0.004002571105957031
0.99,5,8,0.3,1.0,0,0.9902221358508848,0.06171447178916639,0.0030782222747802734
0.99,5,8,0.5,1.0,0,0.9902221358508848,0.06171447178916639,0.0030782222747802734
0.99,5,9,0.3,1.0,0,0.9901150356969313,0.06757583743310164,0.006865024566650391
0.99,5,9,0.5,1.0,0,0.9901150356969313,0.06757583743310164,0.006865024566650391
0.99,5,10,0.3,1.0,0,0.9901286193051136,0.06980913667887131,0.005013227462768555
0.99,5,10,0.5,1.0,0,0.9901286193051136,0.06980913667887131,0.005013227462768555
0.99,5,11,0.3,1.0,0,0.9901367215906963,0.07367817861757002,0.006684303283691406
0.99,5,11,0.5,1.0,0,0.9901367215906963,0.07367817861757002,0.006684303283691406
0.99,5,12,0.3,1.0,0,0.9901155074789996,0.09582954780562597,0.0029861927032470703
0.99,5,12,0.5,1.0,0,0.9901155074789996,0.09582954780562597,0.0029861927032470703
0.99,5,13,0.3,1.0,0,0.9901727411554954,0.1165874222920614,0.003998279571533203
0.99,5,13,0.5,1.0,0,0.9901727411554954,0.1165874222920614,0.003998279571533203
0.99,5,14,0.3,1.0,0,0.9901160474703977,0.07344210523004913,0.003011465072631836
0.99,5,14,0.5,1.0,0,0.9901160474703977,0.07344210523004913,0.003011465072631836
0.99,5,15,0.3,1.0,0,0.9900100206974759,0.08684775004969132,0.003820657730102539
0.99,5,15,0.5,1.0,0,0.9900100206974759,0.08684775004969132,0.003820657730102539
0.99,5,16,0.3,1.0,0,0.9901218787064135,0.07621364080156479,0.0039861202239990234
0.99,5,16,0.5,1.0,0,0.9901218787064135,0.07621364080156479,0.0039861202239990234
0.99,5,17,0.3,1.0,0,0.9901645831711369,0.07435409477755485,0.0030143260955810547
0.99,5,17,0.5,1.0,0,0.9901645831711369,0.07435409477755485,0.0030143260955810547
0.99,5,18,0.3,1.0,0,0.9901864395708266,0.07789716327086947,0.004109621047973633
0.99,5,18,0.5,1.0,0,0.9901864395708266,0.07789716327086947,0.004109621047973633
0.99,5,19,0.3,1.0,0,0.9901853119637295,0.08204288840247631,0.004034757614135742
0.99,5,19,0.5,1.0,0,0.9901853119637295,0.08204288840247631,0.004034757614135742
0.99,5,20,0.3,1.0,0,0.9901339099579665,0.07072731142956752,0.003015279769897461
0.99,5,20,0.5,1.0,0,0.9901339099579665,0.07072731142956752,0.003015279769897461
0.99,5,21,0.3,1.0,0,0.9900321258602638,0.09981415103780523,0.003996372222900391
0.99,5,21,0.5,1.0,0,0.9900321258602638,0.09981415103780523,0.003996372222900391
0.99,5,22,0.3,1.0,0,0.9900790178528178,0.07906164269010842,0.002901792526245117
0.99,5,22,0.5,1.0,0,0.9900790178528178,0.07906164269010842,0.002901792526245117
0.99,5,23,0.3,1.0,0,0.9901076470691884,0.06792063348634013,0.0030007362365722656
0.99,5,23,0.5,1.0,0,0.9901076470691884,0.06792063348634013,0.0030007362365722656
0.99,5,24,0.3,1.0,0,0.990243671275362,0.06506304612076037,0.003998279571533203
0.99,5,24,0.5,1.0,0,0.990243671275362,0.06506304612076037,0.003998279571533203
0.99,5,25,0.3,1.0,0,0.9902255656703101,0.06908536839934434,0.003017425537109375
0.99,5,25,0.5,1.0,0,0.9902255656703101,0.06908536839934434,0.003017425537109375
0.99,5,26,0.3,1.0,0,0.9901433279353045,0.09623055825085908,0.0041866302490234375
0.99,5,26,0.5,1.0,0,0.9901433279353045,0.09623055825085908,0.0041866302490234375
0.99,5,27,0.3,1.0,0,0.9900661084958156,0.08541121224955853,0.007035255432128906
0.99,5,27,0.5,1.0,0,0.9900661084958156,0.08541121224955853,0.007035255432128906
0.99,5,28,0.3,1.0,0,0.9901669037014668,0.07610609819691717,0.006403207778930664
0.99,5,28,0.5,1.0,0,0.9901669037014668,0.07610609819691717,0.006403207778930664
0.99,5,29,0.3,1.0,0,0.9902173963308278,0.07037578354892242,0.002612590789794922
0.99,5,29,0.5,1.0,0,0.9902173963308278,0.07037578354892242,0.002612590789794922
0.99,5,30,0.3,1.0,0,0.9900660395549963,0.07031176021908576,0.004015445709228516
0.99,5,30,0.5,1.0,0,0.9900660395549963,0.07031176021908576,0.004015445709228516
0.99,5,31,0.3,1.0,0,0.9900890884599676,0.07227902438156923,0.004000425338745117
0.99,5,31,0.5,1.0,0,0.9900890884599676,0.07227902438156923,0.004000425338745117
0.99,5,32,0.3,1.0,0,0.990041852776484,0.08699349143627752,0.003681182861328125
0.99,5,32,0.5,1.0,0,0.990041852776484,0.08699349143627752,0.003681182861328125
0.99,5,33,0.3,1.0,0,0.9901853749662285,0.08225300495523612,0.004999637603759766
0.99,5,33,0.5,1.0,0,0.9901853749662285,0.08225300495523612,0.004999637603759766
0.99,5,34,0.3,1.0,0,0.990154477292278,0.0905146868842287,0.0029990673065185547
0.99,5,34,0.5,1.0,0,0.990154477292278,0.0905146868842287,0.0029990673065185547
0.99,5,35,0.3,1.0,0,0.9901223876912437,0.08066014066593606,0.003004312515258789
0.99,5,35,0.5,1.0,0,0.9901223876912437,0.08066014066593606,0.003004312515258789
0.99,5,36,0.3,1.0,0,0.9901248450868153,0.06350279572928057,0.006079673767089844
0.99,5,36,0.5,1.0,0,0.9901248450868153,0.06350279572928057,0.006079673767089844
0.99,5,37,0.3,1.0,0,0.9900603137010453,0.08244738545773483,0.005352973937988281
0.99,5,37,0.5,1.0,0,0.9900603137010453,0.08244738545773483,0.005352973937988281
0.99,5,38,0.3,1.0,0,0.9901189255356732,0.08541732101883374,0.006412982940673828
0.99,5,38,0.5,1.0,0,0.9901189255356732,0.08541732101883374,0.006412982940673828
0.99,5,39,0.3,1.0,0,0.990129600004102,0.0924273229077098,0.0034494400024414062
0.99,5,39,0.5,1.0,0,0.990129600004102,0.0924273229077098,0.0034494400024414062
0.99,5,40,0.3,1.0,0,0.9905150437654754,0.0815459954730975,0.0060007572174072266
0.99,5,40,0.5,1.0,0,0.9905150437654754,0.0815459954730975,0.0060007572174072266
0.99,5,41,0.3,1.0,0,0.9900425073035121,0.07215540040811413,0.003012418746948242
0.99,5,41,0.5,1.0,0,0.9900425073035121,0.07215540040811413,0.003012418746948242
0.99,5,42,0.3,1.0,0,0.9900785253440701,0.08484225739787744,0.0058972835540771484
0.99,5,42,0.5,1.0,0,0.9900785253440701,0.08484225739787744,0.0058972835540771484
0.99,5,43,0.3,1.0,0,0.9901372111240524,0.0768575129867311,0.004985809326171875
0.99,5,43,0.5,1.0,0,0.9901372111240524,0.0768575129867311,0.004985809326171875
0.99,5,44,0.3,1.0,0,0.9900105990106084,0.07825340697182365,0.0038750171661376953
0.99,5,44,0.5,1.0,0,0.9900105990106084,0.07825340697182365,0.0038750171661376953
0.99,5,45,0.3,1.0,0,0.9900724325922553,0.07608369068768067,0.0030024051666259766
0.99,5,45,0.5,1.0,0,0.9900724325922553,0.07608369068768067,0.0030024051666259766
0.99,5,46,0.3,1.0,0,0.9900907705054403,0.08438210934334121,0.003996849060058594
0.99,5,46,0.5,1.0,0,0.9900907705054403,0.08438210934334121,0.003996849060058594
0.99,5,47,0.3,1.0,0,0.9900949516735401,0.08391759838535781,0.002899646759033203
0.99,5,47,0.5,1.0,0,0.9900949516735401,0.08391759838535781,0.002899646759033203
0.99,5,48,0.3,1.0,0,0.990089063835428,0.06837393922218088,0.0038115978240966797
0.99,5,48,0.5,1.0,0,0.990089063835428,0.06837393922218088,0.0038115978240966797
0.99,5,49,0.3,1.0,0,0.9900938085132995,0.09471314195394899,0.005017280578613281
0.99,5,49,0.5,1.0,0,0.9900938085132995,0.09471314195394899,0.005017280578613281
0.99,5,50,0.3,1.0,0,0.990147497516391,0.0823333431846613,0.003000497817993164
0.99,5,50,0.5,1.0,0,0.990147497516391,0.0823333431846613,0.003000497817993164
0.99,5,51,0.3,1.0,0,0.9903103732989703,0.08797062205588627,0.006471157073974609
0.99,5,51,0.5,1.0,0,0.9903103732989703,0.08797062205588627,0.006471157073974609
0.99,5,52,0.3,1.0,0,0.9901036338902959,0.06816075583285164,0.0030689239501953125
0.99,5,52,0.5,1.0,0,0.9901036338902959,0.06816075583285164,0.0030689239501953125
0.99,5,53,0.3,1.0,0,0.9901335396963669,0.09389895849017241,0.003927469253540039
0.99,5,53,0.5,1.0,0,0.9901335396963669,0.09389895849017241,0.003927469253540039
0.99,5,54,0.3,1.0,0,0.9900368247998579,0.09334402733506537,0.004000186920166016
0.99,5,54,0.5,1.0,0,0.9900368247998579,0.09334402733506537,0.004000186920166016
0.99,5,55,0.3,1.0,0,0.9902315901281856,0.08175117255540068,0.002905607223510742
0.99,5,55,0.5,1.0,0,0.9902315901281856,0.08175117255540068,0.002905607223510742
0.99,5,56,0.3,1.0,0,0.9900824531249953,0.11875937749974884,0.00405120849609375
0.99,5,56,0.5,1.0,0,0.9900824531249953,0.11875937749974884,0.00405120849609375
0.99,5,57,0.3,1.0,0,0.9901415133295557,0.06668338834476921,0.004019021987915039
0.99,5,57,0.5,1.0,0,0.9901415133295557,0.06668338834476921,0.004019021987915039
0.99,5,58,0.3,1.0,0,0.9901106174134509,0.08751943879503812,0.0029296875
0.99,5,58,0.5,1.0,0,0.9901106174134509,0.08751943879503812,0.0029296875
0.99,5,59,0.3,1.0,0,0.9901013715226661,0.08683176931563139,0.004849910736083984
0.99,5,59,0.5,1.0,0,0.9901013715226661,0.08683176931563139,0.004849910736083984
0.99,5,60,0.3,1.0,0,0.9901411382701893,0.08561788619261006,0.0030770301818847656
0.99,5,60,0.5,1.0,0,0.9901411382701893,0.08561788619261006,0.0030770301818847656
0.99,5,61,0.3,1.0,0,0.9901784363867904,0.07709269946184134,0.0039212703704833984
0.99,5,61,0.5,1.0,0,0.9901784363867904,0.07709269946184134,0.0039212703704833984
0.99,5,62,0.3,1.0,0,0.990043764220066,0.07734505267450764,0.0051348209381103516
0.99,5,62,0.5,1.0,0,0.990043764220066,0.07734505267450764,0.0051348209381103516
0.99,5,63,0.3,1.0,0,0.9901937342528718,0.06840778492741614,0.0042645931243896484
0.99,5,63,0.5,1.0,0,0.9901937342528718,0.06840778492741614,0.0042645931243896484
0.99,5,64,0.3,1.0,0,0.990093989545467,0.08399414561787731,0.00293731689453125
0.99,5,64,0.5,1.0,0,0.990093989545467,0.08399414561787731,0.00293731689453125
0.99,5,65,0.3,1.0,0,0.9903993104391987,0.09513375704183155,0.003997087478637695
0.99,5,65,0.5,1.0,0,0.9903993104391987,0.09513375704183155,0.003997087478637695
0.99,5,66,0.3,1.0,0,0.9901226781472924,0.07824172557476543,0.003453969955444336
0.99,5,66,0.5,1.0,0,0.9901226781472924,0.07824172557476543,0.003453969955444336
0.99,5,67,0.3,1.0,0,0.9900426523587583,0.08911541167787197,0.004522085189819336
0.99,5,67,0.5,1.0,0,0.9900426523587583,0.08911541167787197,0.004522085189819336
0.99,5,68,0.3,1.0,0,0.9900623638825398,0.0794653248209879,0.0030837059020996094
0.99,5,68,0.5,1.0,0,0.9900623638825398,0.0794653248209879,0.0030837059020996094
0.99,5,69,0.3,1.0,0,0.9903684608257327,0.0910555191252499,0.00390934944152832
0.99,5,69,0.5,1.0,0,0.9903684608257327,0.0910555191252499,0.00390934944152832
0.99,5,70,0.3,1.0,0,0.9901377281759731,0.08148151525421568,0.006154775619506836
0.99,5,70,0.5,1.0,0,0.9901377281759731,0.08148151525421568,0.006154775619506836
0.99,5,71,0.3,1.0,0,0.9900982684693951,0.0824168092470612,0.0029938220977783203
0.99,5,71,0.5,1.0,0,0.9900982684693951,0.0824168092470612,0.0029938220977783203
0.99,5,72,0.3,1.0,0,0.9900117042203397,0.06984338356474944,0.004915714263916016
0.99,5,72,0.5,1.0,0,0.9900117042203397,0.06984338356474944,0.004915714263916016
0.99,5,73,0.3,1.0,0,0.9904213740956411,0.08145004153217332,0.0031290054321289062
0.99,5,73,0.5,1.0,0,0.9904213740956411,0.08145004153217332,0.0031290054321289062
0.99,5,74,0.3,1.0,0,0.9900617992688034,0.08203072453647435,0.003681182861328125
0.99,5,74,0.5,1.0,0,0.9900617992688034,0.08203072453647435,0.003681182861328125
0.99,5,75,0.3,1.0,0,0.9901036113133792,0.06348630762481935,0.004939556121826172
0.99,5,75,0.5,1.0,0,0.9901036113133792,0.06348630762481935,0.004939556121826172
0.99,5,76,0.3,1.0,0,0.9903001585812584,0.07797226436629039,0.0029838085174560547
0.99,5,76,0.5,1.0,0,0.9903001585812584,0.07797226436629039,0.0029838085174560547
0.99,5,77,0.3,1.0,0,0.9900908729864046,0.08183576965467,0.0066776275634765625
0.99,5,77,0.5,1.0,0,0.9900908729864046,0.08183576965467,0.0066776275634765625
0.99,5,78,0.3,1.0,0,0.9901365405002087,0.06403815311271077,0.005012035369873047
0.99,5,78,0.5,1.0,0,0.9901365405002087,0.06403815311271077,0.005012035369873047
0.99,5,79,0.3,1.0,0,0.9900684869942474,0.07110344422589641,0.004998683929443359
0.99,5,79,0.5,1.0,0,0.9900684869942474,0.07110344422589641,0.004998683929443359
0.99,5,80,0.3,1.0,0,0.9902756589214737,0.09330230519876158,0.0031435489654541016
0.99,5,80,0.5,1.0,0,0.9902756589214737,0.09330230519876158,0.0031435489654541016
0.99,5,81,0.3,1.0,0,0.9902182388047256,0.06277426197891162,0.005000591278076172
0.99,5,81,0.5,1.0,0,0.9902182388047256,0.06277426197891162,0.005000591278076172
0.99,5,82,0.3,1.0,0,0.9900468971558275,0.08068515311972312,0.0030145645141601562
0.99,5,82,0.5,1.0,0,0.9900468971558275,0.08068515311972312,0.0030145645141601562
0.99,5,83,0.3,1.0,0,0.9901933639034778,0.09701038086052187,0.0038232803344726562
0.99,5,83,0.5,1.0,0,0.9901933639034778,0.09701038086052187,0.0038232803344726562
0.99,5,84,0.3,1.0,0,0.990089671823353,0.07759201401084269,0.006122589111328125
0.99,5,84,0.5,1.0,0,0.990089671823353,0.07759201401084269,0.006122589111328125
0.99,5,85,0.3,1.0,0,0.9900177846877579,0.07361365936006051,0.0030176639556884766
0.99,5,85,0.5,1.0,0,0.9900177846877579,0.07361365936006051,0.0030176639556884766
0.99,5,86,0.3,1.0,0,0.9901480460217041,0.09238677078451236,0.003979921340942383
0.99,5,86,0.5,1.0,0,0.9901480460217041,0.09238677078451236,0.003979921340942383
0.99,5,87,0.3,1.0,0,0.9900537031322142,0.09046817582501439,0.0029022693634033203
0.99,5,87,0.5,1.0,0,0.9900537031322142,0.09046817582501439,0.0029022693634033203
0.99,5,88,0.3,1.0,0,0.9901791309061693,0.0877421922137382,0.002995014190673828
0.99,5,88,0.5,1.0,0,0.9901791309061693,0.0877421922137382,0.002995014190673828
0.99,5,89,0.3,1.0,0,0.990118118814764,0.0928123120215931,0.0029952526092529297
0.99,5,89,0.5,1.0,0,0.990118118814764,0.0928123120215931,0.0029952526092529297
0.99,5,90,0.3,1.0,0,0.9900420623476387,0.07354052436559361,0.0030975341796875
0.99,5,90,0.5,1.0,0,0.9900420623476387,0.07354052436559361,0.0030975341796875
0.99,5,91,0.3,1.0,0,0.9900911805579369,0.06992964351162329,0.003536701202392578
0.99,5,91,0.5,1.0,0,0.9900911805579369,0.06992964351162329,0.003536701202392578
0.99,5,92,0.3,1.0,0,0.990092099668771,0.08045931569434857,0.004009723663330078
0.99,5,92,0.5,1.0,0,0.990092099668771,0.08045931569434857,0.004009723663330078
0.99,5,93,0.3,1.0,0,0.9900660031149103,0.07283375696412103,0.003004789352416992
0.99,5,93,0.5,1.0,0,0.9900660031149103,0.07283375696412103,0.003004789352416992
0.99,5,94,0.3,1.0,0,0.9903345374528514,0.07339458236893577,0.003981828689575195
0.99,5,94,0.5,1.0,0,0.9903345374528514,0.07339458236893577,0.003981828689575195
0.99,5,95,0.3,1.0,0,0.9901149200749553,0.08638325093366886,0.004806995391845703
0.99,5,95,0.5,1.0,0,0.9901149200749553,0.08638325093366886,0.004806995391845703
0.99,5,96,0.3,1.0,0,0.9901442940562947,0.09100071453062794,0.0029783248901367188
0.99,5,96,0.5,1.0,0,0.9901442940562947,0.09100071453062794,0.0029783248901367188
0.99,5,97,0.3,1.0,0,0.9901990430177599,0.07353150380993287,0.004004478454589844
0.99,5,97,0.5,1.0,0,0.9901990430177599,0.07353150380993287,0.004004478454589844
0.99,5,98,0.3,1.0,0,0.9904246535011336,0.09886306257710527,0.004969358444213867
0.99,5,98,0.5,1.0,0,0.9904246535011336,0.09886306257710527,0.004969358444213867
0.99,5,99,0.3,1.0,0,0.9904304387322959,0.0758305289387176,0.0040130615234375
0.99,5,99,0.5,1.0,0,0.9904304387322959,0.0758305289387176,0.0040130615234375
0.99,20,0,0.3,1.0,0,0.9900199463883113,0.043769986852733596,0.005017518997192383
0.99,20,0,0.5,1.0,0,0.9900199463883113,0.043769986852733596,0.005017518997192383
0.99,20,1,0.3,1.0,0,0.9900174814279947,0.037384081932950015,0.003985404968261719
0.99,20,1,0.5,1.0,0,0.9900174814279947,0.037384081932950015,0.003985404968261719
0.99,20,2,0.3,1.0,0,0.9900221215023116,0.042395935356410466,0.0060808658599853516
0.99,20,2,0.5,1.0,0,0.9900221215023116,0.042395935356410466,0.0060808658599853516
0.99,20,3,0.3,1.0,0,0.9900814843676704,0.03850629277364675,0.0029802322387695312
0.99,20,3,0.5,1.0,0,0.9900814843676704,0.03850629277364675,0.0029802322387695312
0.99,20,4,0.3,1.0,0,0.9900394653705931,0.042909012328166525,0.0040128231048583984
0.99,20,4,0.5,1.0,0,0.9900394653705931,0.042909012328166525,0.0040128231048583984
0.99,20,5,0.3,1.0,0,0.9900354337387036,0.038490177445974924,0.004169464111328125
0.99,20,5,0.5,1.0,0,0.9900354337387036,0.038490177445974924,0.004169464111328125
0.99,20,6,0.3,1.0,0,0.9900891284514093,0.03762980372370154,0.0029840469360351562
0.99,20,6,0.5,1.0,0,0.9900891284514093,0.03762980372370154,0.0029840469360351562
0.99,20,7,0.3,1.0,0,0.9900393486411624,0.04254268620581439,0.005027055740356445
0.99,20,7,0.5,1.0,0,0.9900393486411624,0.04254268620581439,0.005027055740356445
0.99,20,8,0.3,1.0,0,0.9900045973507697,0.045729894976908624,0.00390934944152832
0.99,20,8,0.5,1.0,0,0.9900045973507697,0.045729894976908624,0.00390934944152832
0.99,20,9,0.3,1.0,0,0.9900414028740143,0.03965112914896242,0.004022121429443359
0.99,20,9,0.5,1.0,0,0.9900414028740143,0.03965112914896242,0.004022121429443359
0.99,20,10,0.3,1.0,0,0.9900245119569901,0.044716060201005985,0.003077983856201172
0.99,20,10,0.5,1.0,0,0.9900245119569901,0.044716060201005985,0.003077983856201172
0.99,20,11,0.3,1.0,0,0.9900546543488629,0.037430864887659766,0.0030031204223632812
0.99,20,11,0.5,1.0,0,0.9900546543488629,0.037430864887659766,0.0030031204223632812
0.99,20,12,0.3,1.0,0,0.9900194750479695,0.036167685713536714,0.005999088287353516
0.99,20,12,0.5,1.0,0,0.9900194750479695,0.036167685713536714,0.005999088287353516
0.99,20,13,0.3,1.0,0,0.9900591802731517,0.040728118600880124,0.004014730453491211
0.99,20,13,0.5,1.0,0,0.9900591802731517,0.040728118600880124,0.004014730453491211
0.99,20,14,0.3,1.0,0,0.990024216269998,0.047917673790886295,0.005090475082397461
0.99,20,14,0.5,1.0,0,0.990024216269998,0.047917673790886295,0.005090475082397461
0.99,20,15,0.3,1.0,0,0.9900041895108829,0.04137511142120547,0.0034296512603759766
0.99,20,15,0.5,1.0,0,0.9900041895108829,0.04137511142120547,0.0034296512603759766
0.99,20,16,0.3,1.0,0,0.9900759621535391,0.04745089180215135,0.00399327278137207
0.99,20,16,0.5,1.0,0,0.9900759621535391,0.04745089180215135,0.00399327278137207
0.99,20,17,0.3,1.0,0,0.9900373840103789,0.0487165886226838,0.0040667057037353516
0.99,20,17,0.5,1.0,0,0.9900373840103789,0.0487165886226838,0.0040667057037353516
0.99,20,18,0.3,1.0,0,0.9900315816473291,0.041275508362381017,0.004008769989013672
0.99,20,18,0.5,1.0,0,0.9900315816473291,0.041275508362381017,0.004008769989013672
0.99,20,19,0.3,1.0,0,0.9900086679577199,0.04156271819274583,0.005070686340332031
0.99,20,19,0.5,1.0,0,0.9900086679577199,0.04156271819274583,0.005070686340332031
0.99,20,20,0.3,1.0,0,0.9900257205148711,0.03807687177880494,0.004006147384643555
0.99,20,20,0.5,1.0,0,0.9900257205148711,0.03807687177880494,0.004006147384643555
0.99,20,21,0.3,1.0,0,0.9900480152716363,0.03948661927773431,0.005640268325805664
0.99,20,21,0.5,1.0,0,0.9900480152716363,0.03948661927773431,0.005640268325805664
0.99,20,22,0.3,1.0,0,0.9900099219701204,0.0416785531977945,0.004015922546386719
0.99,20,22,0.5,1.0,0,0.9900099219701204,0.0416785531977945,0.004015922546386719
0.99,20,23,0.3,1.0,0,0.9900504168366667,0.04048662447389406,0.003003358840942383
0.99,20,23,0.5,1.0,0,0.9900504168366667,0.04048662447389406,0.003003358840942383
0.99,20,24,0.3,1.0,0,0.9901017166699035,0.03697921850409825,0.0050029754638671875
0.99,20,24,0.5,1.0,0,0.9901017166699035,0.03697921850409825,0.0050029754638671875
0.99,20,25,0.3,1.0,0,0.9900218481659582,0.03979443803088312,0.0038633346557617188
0.99,20,25,0.5,1.0,0,0.9900218481659582,0.03979443803088312,0.0038633346557617188
0.99,20,26,0.3,1.0,0,0.9900545003470598,0.043933773572735174,0.006003618240356445
0.99,20,26,0.5,1.0,0,0.9900545003470598,0.043933773572735174,0.006003618240356445
0.99,20,27,0.3,1.0,0,0.9900289294298088,0.047866019838434214,0.004002094268798828
0.99,20,27,0.5,1.0,0,0.9900289294298088,0.047866019838434214,0.004002094268798828
0.99,20,28,0.3,1.0,0,0.9900280941769681,0.04343860341807778,0.005112648010253906
0.99,20,28,0.5,1.0,0,0.9900280941769681,0.04343860341807778,0.005112648010253906
0.99,20,29,0.3,1.0,0,0.9900366858425348,0.040332054647739014,0.0039136409759521484
0.99,20,29,0.5,1.0,0,0.9900366858425348,0.040332054647739014,0.0039136409759521484
0.99,20,30,0.3,1.0,0,0.9900070229527245,0.04581008537089207,0.005708932876586914
0.99,20,30,0.5,1.0,0,0.9900070229527245,0.04581008537089207,0.005708932876586914
0.99,20,31,0.3,1.0,0,0.9900244289271843,0.04145834924464518,0.003207683563232422
0.99,20,31,0.5,1.0,0,0.9900244289271843,0.04145834924464518,0.003207683563232422
0.99,20,32,0.3,1.0,0,0.990006178792014,0.045346958921202205,0.005997896194458008
0.99,20,32,0.5,1.0,0,0.990006178792014,0.045346958921202205,0.005997896194458008
0.99,20,33,0.3,1.0,0,0.9900380133436849,0.04623061350522766,0.0043261051177978516
0.99,20,33,0.5,1.0,0,0.9900380133436849,0.04623061350522766,0.0043261051177978516
0.99,20,34,0.3,1.0,0,0.990042659338679,0.04277226116881147,0.005426168441772461
0.99,20,34,0.5,1.0,0,0.990042659338679,0.04277226116881147,0.005426168441772461
0.99,20,35,0.3,1.0,0,0.9900362008543441,0.040191508242888266,0.0030574798583984375
0.99,20,35,0.5,1.0,0,0.9900362008543441,0.040191508242888266,0.0030574798583984375
0.99,20,36,0.3,1.0,0,0.9900075361973344,0.03946893480845609,0.003942728042602539
0.99,20,36,0.5,1.0,0,0.9900075361973344,0.03946893480845609,0.003942728042602539
0.99,20,37,0.3,1.0,0,0.9900298379152347,0.04092489864352714,0.00481724739074707
0.99,20,37,0.5,1.0,0,0.9900298379152347,0.04092489864352714,0.00481724739074707
0.99,20,38,0.3,1.0,0,0.9900187249676772,0.04622450372117968,0.003927946090698242
0.99,20,38,0.5,1.0,0,0.9900187249676772,0.04622450372117968,0.003927946090698242
0.99,20,39,0.3,1.0,0,0.9900279367522806,0.048442465124202076,0.004072666168212891
0.99,20,39,0.5,1.0,0,0.9900279367522806,0.048442465124202076,0.004072666168212891
0.99,20,40,0.3,1.0,0,0.9900708298354708,0.043502347568651484,0.004181385040283203
0.99,20,40,0.5,1.0,0,0.9900708298354708,0.043502347568651484,0.004181385040283203
0.99,20,41,0.3,1.0,0,0.9900117195215304,0.040988038574007346,0.00507044792175293
0.99,20,41,0.5,1.0,0,0.9900117195215304,0.040988038574007346,0.00507044792175293
0.99,20,42,0.3,1.0,0,0.9900252931314518,0.04717454864772325,0.004014015197753906
0.99,20,42,0.5,1.0,0,0.9900252931314518,0.04717454864772325,0.004014015197753906
0.99,20,43,0.3,1.0,0,0.9900063241660413,0.03801592253801221,0.0058710575103759766
0.99,20,43,0.5,1.0,0,0.9900063241660413,0.03801592253801221,0.0058710575103759766
0.99,20,44,0.3,1.0,0,0.9900330746643408,0.040353156013454065,0.004016876220703125
0.99,20,44,0.5,1.0,0,0.9900330746643408,0.040353156013454065,0.004016876220703125
0.99,20,45,0.3,1.0,0,0.9900086957541894,0.04140771114051661,0.0049991607666015625
0.99,20,45,0.5,1.0,0,0.9900086957541894,0.04140771114051661,0.0049991607666015625
0.99,20,46,0.3,1.0,0,0.9900425619014245,0.039744392869624105,0.005453824996948242
0.99,20,46,0.5,1.0,0,0.9900425619014245,0.039744392869624105,0.005453824996948242
0.99,20,47,0.3,1.0,0,0.9900513563432276,0.03798225449864624,0.005921840667724609
0.99,20,47,0.5,1.0,0,0.9900513563432276,0.03798225449864624,0.005921840667724609
0.99,20,48,0.3,1.0,0,0.9900716420835729,0.042131112703869905,0.005074977874755859
0.99,20,48,0.5,1.0,0,0.9900716420835729,0.042131112703869905,0.005074977874755859
0.99,20,49,0.3,1.0,0,0.9900121305314243,0.05016353169220972,0.006024837493896484
0.99,20,49,0.5,1.0,0,0.9900121305314243,0.05016353169220972,0.006024837493896484
0.99,20,50,0.3,1.0,0,0.9900241090938926,0.049255767898528424,0.0029976367950439453
0.99,20,50,0.5,1.0,0,0.9900241090938926,0.049255767898528424,0.0029976367950439453
0.99,20,51,0.3,1.0,0,0.9900978819661538,0.047100584287020124,0.00767207145690918
0.99,20,51,0.5,1.0,0,0.9900978819661538,0.047100584287020124,0.00767207145690918
0.99,20,52,0.3,1.0,0,0.9900432950843794,0.0423333115981207,0.0059239864349365234
0.99,20,52,0.5,1.0,0,0.9900432950843794,0.0423333115981207,0.0059239864349365234
0.99,20,53,0.3,1.0,0,0.9900575721757551,0.041245478904830164,0.006490945816040039
0.99,20,53,0.5,1.0,0,0.9900575721757551,0.041245478904830164,0.006490945816040039
0.99,20,54,0.3,1.0,0,0.9900185114893377,0.05105140931937844,0.0050618648529052734
0.99,20,54,0.5,1.0,0,0.9900185114893377,0.05105140931937844,0.0050618648529052734
0.99,20,55,0.3,1.0,0,0.9900364503148813,0.04406097752142531,0.0030035972595214844
0.99,20,55,0.5,1.0,0,0.9900364503148813,0.04406097752142531,0.0030035972595214844
0.99,20,56,0.3,1.0,0,0.9900314172325111,0.03990274169789757,0.006093025207519531
0.99,20,56,0.5,1.0,0,0.9900314172325111,0.03990274169789757,0.006093025207519531
0.99,20,57,0.3,1.0,0,0.9900079946488357,0.03701859842314911,0.003998756408691406
0.99,20,57,0.5,1.0,0,0.9900079946488357,0.03701859842314911,0.003998756408691406
0.99,20,58,0.3,1.0,0,0.9900226869676219,0.0469847032242706,0.00400853157043457
0.99,20,58,0.5,1.0,0,0.9900226869676219,0.0469847032242706,0.00400853157043457
0.99,20,59,0.3,1.0,0,0.9900218739035986,0.048508739190472536,0.0051805973052978516
0.99,20,59,0.5,1.0,0,0.9900218739035986,0.048508739190472536,0.0051805973052978516
0.99,20,60,0.3,1.0,0,0.9900195075842054,0.037780221225216036,0.005003452301025391
0.99,20,60,0.5,1.0,0,0.9900195075842054,0.037780221225216036,0.005003452301025391
0.99,20,61,0.3,1.0,0,0.9900757796046178,0.043300465359813786,0.0059969425201416016
0.99,20,61,0.5,1.0,0,0.9900757796046178,0.043300465359813786,0.0059969425201416016
0.99,20,62,0.3,1.0,0,0.9900229327924284,0.04066353671211407,0.005342721939086914
0.99,20,62,0.5,1.0,0,0.9900229327924284,0.04066353671211407,0.005342721939086914
0.99,20,63,0.3,1.0,0,0.9900053586179449,0.03841397239590261,0.0030753612518310547
0.99,20,63,0.5,1.0,0,0.9900053586179449,0.03841397239590261,0.0030753612518310547
0.99,20,64,0.3,1.0,0,0.9900186689061948,0.04579620397175982,0.003923892974853516
0.99,20,64,0.5,1.0,0,0.9900186689061948,0.04579620397175982,0.003923892974853516
0.99,20,65,0.3,1.0,0,0.9900298236476603,0.04792386954378701,0.0047740936279296875
0.99,20,65,0.5,1.0,0,0.9900298236476603,0.04792386954378701,0.0047740936279296875
0.99,20,66,0.3,1.0,0,0.9900376519446311,0.04185597097962203,0.004000425338745117
0.99,20,66,0.5,1.0,0,0.9900376519446311,0.04185597097962203,0.004000425338745117
0.99,20,67,0.3,1.0,0,0.9900256981375716,0.0488505094048196,0.003995418548583984
0.99,20,67,0.5,1.0,0,0.9900256981375716,0.0488505094048196,0.003995418548583984
0.99,20,68,0.3,1.0,0,0.9900280752825883,0.04133410232372338,0.0039331912994384766
0.99,20,68,0.5,1.0,0,0.9900280752825883,0.04133410232372338,0.0039331912994384766
0.99,20,69,0.3,1.0,0,0.990018430399849,0.04595498110728231,0.0050029754638671875
0.99,20,69,0.5,1.0,0,0.990018430399849,0.04595498110728231,0.0050029754638671875
0.99,20,70,0.3,1.0,0,0.9900333704548467,0.040509178725041665,0.003082752227783203
0.99,20,70,0.5,1.0,0,0.9900333704548467,0.040509178725041665,0.003082752227783203
0.99,20,71,0.3,1.0,0,0.9900213546133463,0.03883884532475468,0.005263328552246094
0.99,20,71,0.5,1.0,0,0.9900213546133463,0.03883884532475468,0.005263328552246094
0.99,20,72,0.3,1.0,0,0.990046585279688,0.037514441524640084,0.004996299743652344
0.99,20,72,0.5,1.0,0,0.990046585279688,0.037514441524640084,0.004996299743652344
0.99,20,73,0.3,1.0,0,0.9900311368763426,0.0421204788203078,0.0050029754638671875
0.99,20,73,0.5,1.0,0,0.9900311368763426,0.0421204788203078,0.0050029754638671875
0.99,20,74,0.3,1.0,0,0.9900054842269069,0.03884004072354687,0.006484508514404297
0.99,20,74,0.5,1.0,0,0.9900054842269069,0.03884004072354687,0.006484508514404297
0.99,20,75,0.3,1.0,0,0.9900484046615461,0.049436008159873056,0.0030031204223632812
0.99,20,75,0.5,1.0,0,0.9900484046615461,0.049436008159873056,0.0030031204223632812
0.99,20,76,0.3,1.0,0,0.9900321179865271,0.039765137346224534,0.004074573516845703
0.99,20,76,0.5,1.0,0,0.9900321179865271,0.039765137346224534,0.004074573516845703
0.99,20,77,0.3,1.0,0,0.9900410988027936,0.046981068797847844,0.005179643630981445
0.99,20,77,0.5,1.0,0,0.9900410988027936,0.046981068797847844,0.005179643630981445
0.99,20,78,0.3,1.0,0,0.9900192284107421,0.04769022058246923,0.005078315734863281
0.99,20,78,0.5,1.0,0,0.9900192284107421,0.04769022058246923,0.005078315734863281
0.99,20,79,0.3,1.0,0,0.9900818609386923,0.04495919152805364,0.003923177719116211
0.99,20,79,0.5,1.0,0,0.9900818609386923,0.04495919152805364,0.003923177719116211
0.99,20,80,0.3,1.0,0,0.9900560537362946,0.042905097840247056,0.006146669387817383
0.99,20,80,0.5,1.0,0,0.9900560537362946,0.042905097840247056,0.006146669387817383
0.99,20,81,0.3,1.0,0,0.990085452415568,0.039575568331886496,0.003919839859008789
0.99,20,81,0.5,1.0,0,0.990085452415568,0.039575568331886496,0.003919839859008789
0.99,20,82,0.3,1.0,0,0.9900434743217896,0.04542122756297454,0.004998207092285156
0.99,20,82,0.5,1.0,0,0.9900434743217896,0.04542122756297454,0.004998207092285156
0.99,20,83,0.3,1.0,0,0.9900270764447067,0.04120573319521074,0.003429412841796875
0.99,20,83,0.5,1.0,0,0.9900270764447067,0.04120573319521074,0.003429412841796875
0.99,20,84,0.3,1.0,0,0.9900022781213754,0.043234716483877084,0.004918336868286133
0.99,20,84,0.5,1.0,0,0.9900022781213754,0.043234716483877084,0.004918336868286133
0.99,20,85,0.3,1.0,0,0.9900223970068377,0.045287407895405314,0.004075527191162109
0.99,20,85,0.5,1.0,0,0.9900223970068377,0.045287407895405314,0.004075527191162109
0.99,20,86,0.3,1.0,0,0.9900333970226839,0.04270691189792511,0.005484819412231445
0.99,20,86,0.5,1.0,0,0.9900333970226839,0.04270691189792511,0.005484819412231445
0.99,20,87,0.3,1.0,0,0.9900313704508681,0.03799245212248617,0.006083965301513672
0.99,20,87,0.5,1.0,0,0.9900313704508681,0.03799245212248617,0.006083965301513672
0.99,20,88,0.3,1.0,0,0.990049650130602,0.04413601369717196,0.0071010589599609375
0.99,20,88,0.5,1.0,0,0.990049650130602,0.04413601369717196,0.0071010589599609375
0.99,20,89,0.3,1.0,0,0.9900357331819242,0.0400444232105498,0.004124641418457031
0.99,20,89,0.5,1.0,0,0.9900357331819242,0.0400444232105498,0.004124641418457031
0.99,20,90,0.3,1.0,0,0.9900551813989976,0.04107330915454174,0.0039920806884765625
0.99,20,90,0.5,1.0,0,0.9900551813989976,0.04107330915454174,0.0039920806884765625
0.99,20,91,0.3,1.0,0,0.9900181996271536,0.04425888598999472,0.004095554351806641
0.99,20,91,0.5,1.0,0,0.9900181996271536,0.04425888598999472,0.004095554351806641
0.99,20,92,0.3,1.0,0,0.9900435309976726,0.04633618210654838,0.005440950393676758
0.99,20,92,0.5,1.0,0,0.9900435309976726,0.04633618210654838,0.005440950393676758
0.99,20,93,0.3,1.0,0,0.9900377234489394,0.044368821027670834,0.004073143005371094
0.99,20,93,0.5,1.0,0,0.9900377234489394,0.044368821027670834,0.004073143005371094
0.99,20,94,0.3,1.0,0,0.9900319158701687,0.03971551650653486,0.003926277160644531
0.99,20,94,0.5,1.0,0,0.9900319158701687,0.03971551650653486,0.003926277160644531
0.99,20,95,0.3,1.0,0,0.9900289542825864,0.04067816054440442,0.006295204162597656
0.99,20,95,0.5,1.0,0,0.9900289542825864,0.04067816054440442,0.006295204162597656
0.99,20,96,0.3,1.0,0,0.9900229360866581,0.04923207819861863,0.00400543212890625
0.99,20,96,0.5,1.0,0,0.9900229360866581,0.04923207819861863,0.00400543212890625
0.99,20,97,0.3,1.0,0,0.9900533973262162,0.04114532168734186,0.004166364669799805
0.99,20,97,0.5,1.0,0,0.9900533973262162,0.04114532168734186,0.004166364669799805
0.99,20,98,0.3,1.0,0,0.9900228439186533,0.039775680374623736,0.004009723663330078
0.99,20,98,0.5,1.0,0,0.9900228439186533,0.039775680374623736,0.004009723663330078
0.99,20,99,0.3,1.0,0,0.9900206382504577,0.0417811252304804,0.003996610641479492
0.99,20,99,0.5,1.0,0,0.9900206382504577,0.0417811252304804,0.003996610641479492
