firm_id,year,y,x1,x2,x3,x4,x5,x6,x7,x8,x9,x10
109,2015,10.2404069900513,20.867357170784334,0.085476,1.0,0.0,0.0033872868509803,0.1367189202920511,0.150205696216113,-0.003637,0.72819,-0.217904
109,2016,9.93954086303711,20.265152109676023,0.081176,1.0,0.0,0.0022932215743448,0.2012233151294104,-0.0295557619652234,0.008629,0.494528,0.100678
109,2017,9.98184967041016,20.260853689554768,0.049861,1.0,0.0,0.0013696208780435,0.2028115906924501,0.0186153511089975,0.001547,0.490804,-0.202686
109,2018,10.3429393768311,20.240525687014262,0.060459,1.0,0.0,0.0059584642038205,0.3827146471480825,-0.0354801636960801,0.00534,0.475007,-0.012679
109,2019,10.4148683547974,20.23577238837257,0.052711,1.0,0.9215015529879842,0.0007405924601405,0.0,0.1212440311567875,0.00889,0.463615,-0.177663
109,2020,10.2756404876709,20.257699740966,0.049847,1.0,1.0697577176270965,0.0035714261948208,0.3747231349160291,0.0951277607564969,0.01088,0.464384,-0.046601
109,2021,10.1721391677856,20.307649214487583,0.054185,1.0,1.409967886225494,0.0016950291054416,0.3477504747268668,-0.0186742530797046,0.010913,0.479568,-0.235114
109,2022,10.7132110595703,20.22703952813381,0.048129,1.0,1.328018561415732,0.0077476613775156,0.34556462118262,0.1353285380482512,0.016635,0.419243,-0.102167
109,2023,10.1889276504517,20.16210250309427,0.042871,1.0,1.388614196803677,0.0020407322742136,0.0,0.2016235299685813,0.023385,0.356894,-0.445302
109,2024,9.97868919372559,20.337886671144,0.033894,1.0,1.426903535635628,0.0008631965177431,0.0,0.1604570980818469,0.054012,0.406552,0.062243
224,2015,9.67719268798828,23.38614538461284,0.026216,0.5714285714285714,1.0947192996872146,0.0045017862089184,0.1836141549188022,0.0342082469806852,0.012601,0.636919,0.034506
224,2016,9.03479480743408,23.18433832543862,0.033037,0.5714285714285714,1.107275549564286,0.0026109310542394,0.2672292581652274,0.0304282458414859,0.019095,0.547908,0.215266
224,2017,9.21677112579346,23.53263743123913,0.035867,0.5714285714285714,1.119514774104979,0.0074650902372131,0.1990369730177301,0.0433551148971965,0.034573,0.642835,-0.015386
224,2018,9.17325878143311,23.466643215809288,0.025747,0.8,1.244106136577485,0.0264311494023446,0.2576259688431411,0.0270776865456485,0.036383,0.589001,-0.206213
224,2019,9.30943298339844,23.63851232897789,0.033201,0.8333333333333334,1.5741299642023316,0.0073925668807954,0.2447498468425096,-0.0541997133498413,0.023945,0.615132,-0.133129
224,2020,10.2833814620972,23.797560961890262,0.031654,0.75,1.7045026839466657,0.0088029464534944,0.2658365649849949,0.1443277041409593,0.044054,0.629761,0.214494
224,2021,10.804102897644,24.020912760497374,0.038096,0.8,1.882106877836339,0.012155522497198,0.2806918768133787,0.0320754343018568,0.030835,0.575808,-0.021348
224,2022,11.2961730957031,24.048767197837837,0.035298,0.8,1.941559654352845,0.0050601147844207,0.2876877715705191,0.0322042652329738,0.024765,0.569897,-0.079376
224,2023,11.5166788101196,24.03317561250556,0.040103,0.8,2.5378768351746803,-0.0044362648803989,0.2664371436664508,0.0731204735223348,0.030107,0.53323,0.019318
5,2015,12.5927238464355,21.81162405813372,0.083998,0.8,2.516191152963009,0.0174615825582981,0.305477566375195,0.0133308302377914,0.002862,0.267673,-0.119224
5,2016,12.4548187255859,22.139018574505634,0.089219,0.8,3.280650585880154,0.007994060031652,0.2146237990417474,-0.0134150524507295,-0.021184,0.164936,0.113247
5,2017,12.2150211334229,22.1573371127766,0.077501,0.8,2.6455357179584715,0.0085171383116375,0.2427718966254621,-0.0067970508367496,0.017556,0.160336,0.224184
5,2018,12.9293174743652,22.25348810656569,0.069627,0.6666666666666667,3.297171602727268,0.0135403863115027,0.2257671864545667,-0.0996912843188899,-0.013488,0.251066,-0.623458
5,2019,12.7766637802124,22.234296754307632,0.044885,0.6666666666666667,2.464048164794728,0.0,0.3933235083203454,0.0845535150593517,-0.004089,0.149354,-0.180461
5,2020,12.5359563827515,22.32659463714233,0.049832,0.6666666666666667,3.184546645494573,0.0058010686858689,0.4287834183181954,0.0003885530301714,0.008753,0.215358,0.031439
5,2021,13.8960857391357,22.44112532853659,0.053227,0.6666666666666667,4.512647832322996,0.0060769664827817,0.4542255567613175,-0.0007962154627878,0.013479,0.288691,0.088843
5,2022,13.8587198257446,22.44908800593917,0.045239,0.6666666666666667,2.837226515387239,0.0,0.4142584831550849,0.0872755139301994,0.019902,0.282367,0.057688
5,2023,13.8845100402832,22.4548899415114,0.043632,0.625,3.398180854022076,0.0109463054449879,0.3788404740050604,0.0327031060296029,0.022503,0.272204,-0.078566
5,2024,13.7818431854248,22.378088196355208,0.040281,0.8333333333333334,3.1125341579659667,0.0076094392871459,0.3670878353841136,0.0442006646460346,0.027342,0.19052,-0.095157
75,2015,12.606348991394,23.797286613594835,0.120654,0.75,8.39012881721644,0.0555964794449373,0.4360604465558445,0.2061649398426887,0.025687,0.387465,0.026459
75,2016,12.4606647491455,23.799625399590308,0.135742,0.7777777777777778,10.037612693955849,0.03124370365487,0.5095369233011529,0.0452323343773444,0.026254,0.365342,0.072004
75,2017,12.2885284423828,24.1128042009743,0.111534,0.75,7.542939666439017,0.0381353846750341,0.5887477715533111,0.0647911270744509,0.027222,0.511848,0.003681
75,2018,13.0902414321899,24.818226710110235,0.02653,0.375,6.234972956874018,0.0352775019858237,0.7445226754244489,0.0593836719797593,0.016388,0.566855,-0.076185
75,2019,13.0617532730103,24.90456773687713,0.03604,0.375,6.13205557552244,0.0224052066952768,0.7665438877423029,0.0727362485855974,0.012672,0.591951,-0.222738
75,2020,13.0447340011597,25.02133738834637,0.033738,0.2857142857142857,7.066580959171839,0.0234474231468865,0.7800940592841595,0.090770455824181,0.020046,0.543647,-0.240656
75,2021,13.2469682693481,25.110682117317157,0.03175,0.625,6.497530851527859,0.0272052191559682,0.7377409299114291,0.0628229684678744,0.019177,0.566435,-0.012657
75,2022,13.1967430114746,25.117583544841704,0.034824,0.625,9.486419384326805,0.0456200161081038,0.6581630866092593,0.0483100554620273,0.001331,0.626341,-0.146403
75,2023,14.2297534942627,25.129696229193875,0.026202,0.625,10.365238579688436,0.0430313601715553,0.6496257218458928,0.0482785563664845,-0.025738,0.646316,-0.129419
75,2024,14.2194061279297,25.120614064285657,0.025662,0.625,9.992846856580648,0.0390940568551646,0.6246062025603502,0.0708050126923207,-0.008511,0.640881,0.167935
156,2015,9.7946195602417,25.518179113557697,0.145568,0.5555555555555556,12.177801916785324,0.0,0.1038961462215086,0.0612492870504455,0.030938,0.641433,0.39951
156,2016,9.80233287811279,25.67656088890825,0.150642,0.5555555555555556,12.606637219009867,0.0,0.0,0.0371376179382072,-0.00994,0.711347,0.246253
156,2017,10.0289745330811,25.69281670625727,0.147217,0.5714285714285714,11.912114579724484,0.0277455353165359,0.0,0.0501518679745237,0.037415,0.684777,0.428301
156,2018,9.80017280578613,25.5857935360526,0.042701,0.4,12.753126273561437,0.0243407592867295,0.0,-0.0712433910993433,-0.053725,0.745184,0.38353
156,2019,9.88232612609863,25.673458282287843,0.052601,0.3333333333333333,13.82893175323708,0.0,0.0,0.0527368371590132,0.040911,0.731206,0.349663
156,2020,9.80009746551514,25.738124905003943,0.049236,0.3333333333333333,14.585413777947451,0.0,0.0,0.0679301449559108,0.031345,0.693813,0.014526
156,2021,9.54928302764893,25.85176371909023,0.047542,0.3333333333333333,16.41960404671463,0.0,0.0,0.0931690441812258,0.041691,0.684246,-0.001877
156,2022,9.49067306518555,25.921506338073627,0.043372,0.3333333333333333,17.56935647485233,0.0,0.0,0.0418764870596034,0.043059,0.670948,-0.071633
156,2023,9.55131149291992,26.026363350366378,0.045326,0.3333333333333333,21.555823533094067,0.0,0.0,0.0866134787214928,0.045984,0.659972,0.215025
156,2024,9.61135578155518,26.057544909926605,0.036909,0.3333333333333333,21.029812408952072,0.0,0.0,0.0553717207666502,0.040302,0.647361,0.134148
396,2015,9.7448034286499,24.3984536678097,0.038885,0.8,2.0077760496554986,0.0037951392490292,0.1460251855530316,0.0427668654851495,-0.004937,0.779422,0.107814
396,2016,8.38987636566162,24.433438879802285,0.042337,0.8333333333333334,2.1487839931454227,0.0041064731049651,0.0384222544840192,0.0507718778221099,0.005253,0.767378,0.1336
396,2017,10.5035429000854,23.44466546124829,0.116359,0.875,6.330115463865467,0.0149694449031052,0.2666679513426694,-0.026488090012321,0.04579,0.502777,0.414324
396,2018,10.7706899642944,23.49599350406728,0.060574,0.7142857142857143,7.487601721548328,0.0162355800399619,0.2884983707182288,0.002803359694209,0.066014,0.584406,0.752433
396,2019,11.2021350860596,23.799227538411703,0.054171,0.7142857142857143,8.915300315965087,0.060465251140108,0.1680375141454933,0.0050369278059859,0.053799,0.600809,0.310116
396,2020,10.9687767028809,24.038551854530468,0.050393,0.625,7.728540464411469,0.0376457564891999,0.1575540629884955,0.0060749574029089,0.035401,0.660481,0.978627
396,2021,11.0252504348755,24.210969288612844,0.060576,0.625,7.775538007760422,0.0349505949296158,0.182402532481675,-0.0088310118237182,0.020864,0.670954,0.264241
396,2022,11.1295223236084,24.245840364226886,0.067202,0.625,10.702713220712306,0.0126659345287336,0.1834177535556408,-0.0118577268850711,0.00668,0.561631,0.467518
396,2023,11.3287839889526,24.25349603503066,0.065856,0.6666666666666667,11.496279937987229,0.0225796745273904,0.1809862603208313,0.0128069358525212,-0.025554,0.593417,0.764277
237,2015,13.2825384140015,25.439573210449144,0.064955,0.625,3.6009317888952634,0.0157371117978954,0.3664613806683114,0.0661633648896453,0.028903,0.663286,0.110913
237,2016,12.6908807754517,25.714628508069374,0.07976,0.625,4.006482271175456,0.0,0.3503595559033075,0.0545614881107978,0.014528,0.689087,-0.01942
237,2017,12.5997371673584,25.800275366225723,0.084749,0.5714285714285714,4.23132522168789,0.0123675714792396,0.3410910979665962,0.0574545268024531,0.022114,0.662227,-0.022556
237,2018,12.515025138855,25.984732183998023,0.037929,0.625,5.00257158437332,1.9572305156182148e-05,0.4291462485803167,0.0544011438902762,0.021089,0.684216,0.047438
237,2019,13.6437177658081,25.828270777775305,0.02529,0.4,7.292214192272824,0.0,0.5234595844450982,0.0697024721149218,0.022189,0.612465,0.071785
237,2020,14.1578722000122,26.27586985090823,0.030914,0.4,8.53365226848677,0.0,0.5309210256100386,0.0647450444970012,0.01964,0.650817,0.443339
237,2021,14.0043544769287,26.45574309019777,0.026864,0.5714285714285714,5.364044906658018,0.0,0.5414655625622973,0.1064947347471602,0.048453,0.612464,-0.086165
237,2022,14.1044788360596,26.609359401675125,0.021258,0.5,6.4714707630288455,0.0,0.5668382801295543,0.0511849135132058,0.004967,0.632944,-0.04655
237,2023,14.3534488677979,26.67093283675625,0.027432,0.5714285714285714,5.91199241091145,0.0,0.5622039906348206,0.0661202957581108,0.012487,0.620576,-0.139755
237,2024,14.342658996582,26.658826255034963,0.026976,0.5,5.381377981775135,0.0,0.5667477861500112,0.0780605986408275,-0.010988,0.649166,-0.023605
243,2015,11.9590368270874,22.91744868771253,0.047646,1.0,1.5147200526655893,0.0095628936007463,0.2401062873744271,0.2215994833134548,0.022357,0.663016,-0.184695
243,2016,11.921971321106,23.664730841356885,0.081327,1.0,1.4878885060838904,0.0097854040247631,0.1896884351728417,-0.0091687979591081,0.020098,0.309024,0.161103
243,2017,13.7851028442383,23.768665723829653,0.071928,0.75,2.693413670910361,0.0990258457970762,0.4594043753953334,0.0209124494331773,0.009443,0.389247,0.08573
243,2018,14.2179546356201,23.6724241662802,0.044574,0.75,6.452347371346304,0.0024149290012083,0.5719164188217478,-0.0567085412127987,-0.261189,0.605061,-0.346012
243,2019,14.4175806045532,23.40590820516845,0.204966,1.0,24.179910654965354,0.2470096237697097,0.6193287195851843,-0.0360757426764873,-0.177294,0.661928,-0.150687
243,2020,14.3215503692627,23.219356814417544,0.093861,0.75,13.246713823380816,0.1508223293892947,0.6595039040915033,0.0377710361611936,0.050547,0.54102,0.121763
243,2021,14.2186422348022,23.16545739527925,0.060092,0.6,9.346540080119343,0.0403141417447693,0.6232169519012332,0.0539878493270153,-0.017807,0.533911,-0.10419
243,2022,14.5024538040161,22.949049237464692,0.092045,0.6,10.64324404027199,0.0073840397452315,0.6951457890746324,0.1653518374214394,-0.132108,0.561668,-0.481988
243,2023,14.3583717346191,22.71821758516417,0.10447,0.6,13.119317555293126,0.0029654944253812,0.7593256776773004,-0.0646914538080091,-0.218584,0.666745,1.173496
243,2024,14.3021183013916,22.497085964906702,0.084298,0.6666666666666667,9.082166689473658,0.0075605711515913,0.8229349977256748,0.0667748807429561,-0.191931,0.776916,-0.063739
22,2015,10.4161787033081,22.637986556249444,0.224981,0.4285714285714286,15.03715227523925,0.0025070662225629,0.0983884403270546,0.0252632747199039,0.031859,0.189144,1.277833
22,2016,10.3730993270874,22.66135638473684,0.199489,0.4285714285714286,12.517678955037448,0.0015734959669206,0.092023381259123,0.0254214820261165,0.040252,0.223353,0.884227
22,2017,11.0313634872437,22.75304362486984,0.193066,0.5,11.875949559099384,0.0057585261985569,0.1237754977539708,0.0254492134193344,0.038986,0.255775,0.638071
22,2018,10.8328037261963,22.953424446342453,0.071656,0.625,12.354094489382131,0.0091189850536481,0.1181565970728336,0.0200726438532009,0.052727,0.226125,2.247449
22,2019,10.8060350418091,23.10499671023579,0.06805,0.6666666666666667,13.938631808066924,0.0197676169639,0.105400945755739,0.0035843624933591,0.065514,0.247343,0.962777
22,2020,10.6878433227539,23.243820022263748,0.069942,0.6666666666666667,13.126319651541952,0.0173379991281827,0.094975480605511,0.015665490217616,0.066789,0.255404,0.446844
22,2021,10.6571931838989,23.36411312679802,0.07778,0.6666666666666667,13.013821228329425,0.0187291773540941,0.0975977595932987,-0.0195106698959359,0.045585,0.294669,0.033886
22,2022,10.6232919692993,23.40558089911628,0.101253,0.3333333333333333,13.16556896871884,0.0385516664259234,0.0919870376641819,-0.0354058740068957,0.004391,0.309419,0.805369
22,2023,10.4738941192627,23.27726555094346,0.219902,0.3333333333333333,30.53674501506269,0.0359019087098501,0.1286791004955227,-0.0238054750817157,-0.175532,0.387746,-0.274855
22,2024,10.5408744812012,23.151490922005618,0.224366,0.5,26.39574375689907,0.0263422638398471,0.1367825796501359,0.0102789392493073,-0.162306,0.468067,1.081573
262,2015,9.62095165252686,21.541460554109086,0.274866,0.5714285714285714,9.29707814322264,0.0050277160622732,0.1332651483585257,0.0650760995579293,0.041193,0.503268,2.697452
262,2016,10.0235013961792,21.55984819129481,0.289418,0.5714285714285714,12.027508768562384,0.0023869213206504,0.1930661146106933,-0.0123947926453417,0.045914,0.457936,1.408864
262,2017,10.5517416000366,21.74429387185294,0.321556,0.5,12.563233266726856,0.005716285772473,0.2082531124420364,0.0741081176231672,0.032028,0.495297,2.240216
262,2018,10.3387813568115,21.790870298435305,0.195535,0.5,14.505737829935905,0.0125772597084531,0.2020341856786313,0.0302229255955961,0.034104,0.483476,1.208503
262,2019,10.1142921447754,21.895120264326916,0.156855,0.5,14.347508689173502,0.0229678298006537,0.2018435154873079,0.0738258841301038,0.030114,0.496983,1.918145
262,2020,10.3264312744141,21.996538698045867,0.158779,0.4285714285714286,14.92122435297571,0.0388441640826168,0.2341032278160275,0.0255917464488552,0.030871,0.522123,2.163474
262,2021,10.1698942184448,22.08143470569428,0.167153,0.4285714285714286,15.624091797294389,0.0251000814251344,0.225852623125924,0.0083167262898972,0.029378,0.527199,1.641326
262,2022,10.1464290618896,22.184082770968217,0.143204,0.3333333333333333,16.37991426614294,0.0,0.1992464445703481,-0.0202703456255163,0.023291,0.550854,2.241307
262,2023,10.1758861541748,22.183816363718645,0.118288,0.1666666666666666,16.679283368513925,0.0,0.1865365870882143,-0.0424423543866957,0.014587,0.528006,2.014098
262,2024,10.1559982299805,22.15717397873458,0.150516,0.2857142857142857,20.249058526790463,0.0123535486044517,0.1698894000421041,-0.1120715100305207,-0.038552,0.549151,1.126253
436,2015,11.6612482070923,22.608543918793917,0.149036,0.8571428571428572,3.9440309480817857,0.0199872039666388,0.3078168183234211,0.0025166534081141,0.009833,0.273827,0.216618
436,2016,11.7880363464355,22.616750067968933,0.145829,0.8571428571428572,4.095261153661835,0.0142390102347792,0.3453722847355686,0.0326820806461068,0.014063,0.319639,0.238724
436,2017,12.2165288925171,22.56838590577065,0.109964,0.8,3.9049645507298703,0.0094315335270428,0.384178000670227,0.0641283927011324,0.041404,0.276182,0.299311
436,2018,12.2799816131592,22.67534862030777,0.062734,0.8333333333333334,3.866159471371492,0.0121817687379413,0.3656071623220993,0.2075379731827725,0.14607,0.215138,-0.252774
436,2019,12.363579750061,22.66939105276321,0.069266,0.8333333333333334,4.382392848217547,0.0115757019399911,0.3595357889609871,0.113208891746213,0.049736,0.194626,0.171772
436,2020,12.2880268096924,22.895620053779925,0.075924,1.0,5.3315454258645305,0.0284238744472855,0.3838311723929432,0.0758170594432454,0.04243,0.309441,0.235278
436,2021,12.4413738250732,23.105362649248928,0.069618,1.0,5.832540797218787,0.0135856074090279,0.5021026291209273,0.0586189981652249,0.087822,0.346079,-0.125722
436,2022,12.7649583816528,23.484338094376675,0.074944,1.0,5.81658769116344,0.0233134540225837,0.4061134646857618,0.032573684743644,0.021462,0.240622,0.192685
436,2023,12.899468421936,23.468864860932825,0.069758,0.8888888888888888,4.5742780630703495,0.0226387887405553,0.4086847475330049,0.022788018453265,0.011634,0.224192,-0.157311
436,2024,12.9883289337158,23.51149454081851,0.060456,0.8,4.867175018314933,0.0137206711504357,0.3816780251737375,0.0278596536569192,0.020363,0.239036,0.156894
94,2016,10.6381816864014,22.07676710698664,0.055505,0.8333333333333334,4.507091663668509,0.0251809855637696,0.0416956474644387,0.0015425530031175,0.033213,0.652444,0.395501
94,2017,10.280704498291,22.139896574430853,0.072237,0.8571428571428572,10.968272661717032,0.0423075509396279,0.0947856652267504,-0.093455480919181,0.00916,0.656304,-0.273133
94,2018,10.1614446640015,22.1359965429836,0.096223,0.8333333333333334,10.295914692904612,0.0252395391214386,0.1100363764640921,0.0202183897866529,-0.113956,0.762301,-0.775783
94,2019,11.3547763824463,21.297889676502827,0.441827,0.8,32.55013893202702,0.0608192760961254,0.1795073051978563,-0.0474190066483431,-0.869559,1.227273,-28.58916
94,2020,9.93885612487793,20.721930374963883,1.873577,1.0,22.93463016345152,0.0805189311920229,0.2678430335814247,0.088800672160766,-1.086322,2.470312,0.114592
94,2021,9.84148216247559,19.87999865414997,1.732163,1.0,24.54148493165989,0.209906999935814,0.0,-0.0112139192915996,-1.676387,5.90607,0.605056
126,2015,10.6539316177368,24.187894097210638,0.206478,0.5,2.803312631731401,0.038189354478035,0.7281623035972494,-0.0009389792741554,0.000543,0.429146,0.902514
126,2016,14.8079586029053,24.24349324661885,0.316346,0.6,19.42243056136972,0.4119588766537723,0.8249089787146597,0.0263538616061595,0.00247,0.458285,2.753731
126,2017,14.6345386505127,24.24303004345216,0.061567,0.7142857142857143,4.765439821656169,0.1509969119983882,0.7681878644350898,0.0217927952729478,0.001856,0.456457,0.0809
126,2018,14.7724361419678,24.195034601924643,0.05238,0.625,8.405066943720321,0.199875425533471,0.7575016447652579,0.0426526237565233,-0.050626,0.480226,0.557985
126,2019,14.5672798156738,23.78988840595257,0.060167,0.5,6.645688164178074,0.0092108206873596,0.7778236565692721,0.029685338977021,-0.450869,0.671794,0.290184
126,2020,10.1496639251709,24.307684168592463,0.021648,0.3333333333333333,2.848492912391399,0.0041396802752957,0.1184869510873081,0.1631413267185164,0.02824,0.832814,31.751106
126,2021,10.3697996139526,24.4463937084337,0.015133,0.7142857142857143,1.864259728966764,0.0,0.1585836689807468,-0.0984093884658917,0.031795,0.823536,0.106793
126,2022,10.667706489563,24.284173775691425,0.016635,0.7142857142857143,1.997627000113894,0.0,0.1858749465483916,0.1296466318976076,0.006439,0.755727,0.109222
126,2023,10.7544927597046,24.241584870567557,0.021353,0.7142857142857143,2.422713935123429,0.0030269871897245,0.1810066509898644,0.0826270786331136,0.018678,0.727121,0.039078
126,2024,10.8764791488647,24.26606008160731,0.022607,0.75,2.3810250040914505,0.0013001120602681,0.1658101191151746,-0.0109041048553322,0.009627,0.727294,-0.006894
289,2015,10.7497720718384,22.618792117286077,0.100255,0.8571428571428572,3.138014715037884,0.0053157664443579,0.2420469412420766,0.0532182269567991,0.02798,0.426566,-0.256647
289,2016,11.0471391677856,22.82525183814681,0.08569,0.8571428571428572,3.0278419293002563,0.0049576144999141,0.2031338863764492,0.0204608817697952,0.02297,0.505207,-0.213803
289,2017,11.2496814727783,22.920125058527237,0.081808,0.8333333333333334,2.9460924893216305,0.0069765307730404,0.2203988694361592,-0.0607017707626438,0.023083,0.522398,0.001277
289,2018,11.2322597503662,23.03946721420328,0.096434,0.875,4.690897795807281,0.0186881618974674,0.1923623612998633,0.0313828916437299,0.025363,0.509791,-0.184058
289,2019,11.2775297164917,22.8942150299787,0.142985,0.875,7.694920861955673,0.0311241098268437,0.2080502216378199,0.0296016867490795,0.033686,0.386039,-0.187376
289,2020,11.1914205551147,22.915816073013808,0.14241,0.7142857142857143,9.449908414366169,0.0272445300677623,0.1967172805547104,-0.0077292826347507,0.067258,0.3333,-0.160276
289,2021,11.4864301681519,23.132260093701817,0.166362,0.7777777777777778,8.741006568738172,0.0187687112416139,0.175326964810573,0.1200563358312873,0.134586,0.331351,-0.01637
289,2022,11.4345750808716,23.330403364828168,0.106949,1.0,7.979633880587713,0.0123096250473242,0.1640152094491633,0.0605660785356592,0.175738,0.28078,-0.160223
289,2023,11.4832782745361,23.61222070505705,0.091388,1.0,6.440734894736712,0.0138673593723504,0.1352894201324277,0.068533913317345,0.149289,0.201833,0.025125
289,2024,11.5363483428955,23.617099975940043,0.138721,1.0,7.814661334205135,0.0159870183388744,0.1338903155240345,0.088626614684344,0.05375,0.183495,0.129807
356,2015,9.68717861175537,22.283040937753217,0.117276,0.8571428571428572,7.018589203689098,0.0116561056372245,0.1017366297261544,0.0345449525869568,0.049063,0.517891,0.588067
356,2016,9.77998638153076,22.35419912678413,0.107232,0.7142857142857143,6.114845503358731,0.007355124443619,0.0,0.012547491557126,0.038941,0.532696,0.941027
356,2017,9.86859226226807,22.33181796520752,0.112582,0.8571428571428572,5.98759113476742,0.018210050431893,0.0,-0.0346278238195639,0.000163,0.526438,0.491003
356,2018,9.85112571716309,22.41195612250935,0.046292,0.8571428571428572,6.643683601421584,0.0173125878233979,0.0708054807490318,0.0147631901973536,0.016738,0.550798,0.495053
356,2019,9.94509315490723,22.421592085788216,0.057742,0.6,8.438387547934177,0.0,0.067037036414104,0.0308192554872484,0.004622,0.554058,0.644293
356,2020,9.88795471191406,22.337716367574146,0.047365,0.6,10.095069725570362,0.0183604901019841,0.0598752418898323,0.0720468410865562,0.020108,0.44197,0.084631
356,2021,9.88201427459717,22.424257405467248,0.043539,0.6666666666666667,8.419940333061483,0.0095800925137587,0.0612101009266337,0.0592790959391239,0.032991,0.462158,0.147749
356,2022,9.78389358520508,22.49338106617261,0.049258,0.5,8.377034610062365,0.0145846958664585,0.0564059124716939,0.038695027187462,0.041118,0.467485,0.309039
356,2023,9.51914501190186,22.627683690589837,0.055477,0.6666666666666667,9.293351100823696,0.0207061505808409,0.1296592794467565,0.0323894983247591,0.036676,0.516073,0.100734
356,2024,9.91085338592529,22.66904452274938,0.061088,0.6666666666666667,8.69712694555057,0.015565297492649,0.0997581798956321,-0.0146401801720529,0.03442,0.517046,0.508946
63,2015,8.00999450683594,22.385101451584976,0.061627,0.625,4.635659501856314,0.0064204845151193,0.0766014437485073,0.0840847272697671,0.078306,0.553312,0.777302
63,2016,10.6441659927368,22.607523570365235,0.06963,0.625,3.9338404785814047,0.0092314994296918,0.1313442655953521,0.0671287684536274,0.080083,0.586625,0.423047
63,2017,10.8258924484253,22.74836506670006,0.062054,0.625,3.792711004855512,0.0096658118134734,0.1341219612188485,-0.0774778106260757,0.01257,0.635543,0.236
63,2018,10.8131284713745,22.845424848342635,0.021345,0.625,4.785807776628387,0.0054062502761712,0.1100945271642596,-0.0092899238486806,0.037868,0.628159,0.189221
63,2019,10.812614440918,23.07856318958332,0.022123,0.625,5.501544474561728,0.0138390102534839,0.0982377748761641,0.0057619782269362,0.058472,0.629257,0.094589
63,2020,11.0150938034058,23.050557139334977,0.027184,0.375,6.077963058757756,0.0162298645504747,0.0,0.2386706228192479,0.034546,0.57973,0.151652
63,2021,10.8717126846313,23.138932582912485,0.01708,0.4,5.193341777009486,0.0136010695373922,0.0,0.0169652212361425,0.037046,0.592888,0.058237
63,2022,11.1271085739136,23.103745792318666,0.017909,0.4,5.186670816177467,0.0141378842626803,0.0984775878488752,0.1489723103525725,0.074546,0.443678,0.068079
63,2023,11.1028900146484,23.16100341694729,0.01675,0.5,5.670960935694363,0.004776491484422,0.1280880884202094,0.041517185449926,0.051645,0.443612,0.220258
63,2024,10.9045743942261,23.08955431682391,0.019179,0.75,5.895922832280573,0.0069669016592337,0.1655906539040221,0.0313050975060612,0.022089,0.397146,-0.041717
192,2015,12.1781053543091,22.25247233616704,0.104545,0.4,3.1700511291507167,0.0022266743785248,0.3978317407253661,0.0759853109491382,0.026467,0.312977,0.024443
192,2016,12.1698513031006,22.27483399849964,0.107041,0.4,3.372549048070455,0.0022496603266739,0.3637856230547373,0.1060200665869999,0.049318,0.292314,-0.001824
192,2017,12.0498247146606,22.35141917929566,0.087323,0.4,3.5248028989967684,0.004902438756392,0.3630282970656841,0.0621388689087506,0.047328,0.312729,0.157472
192,2018,11.9411373138428,22.41551474084045,0.048528,0.4,3.905396264515494,0.0029510945343118,0.3666272124294619,0.0844132883398244,0.060778,0.315478,-0.037748
192,2019,12.0770969390869,22.46536323838327,0.055864,0.4,4.426658946646121,0.0,0.3810736167515773,0.1178518949363496,0.063338,0.306273,-0.016599
192,2020,11.9658241271973,22.65715511731987,0.053879,0.4,4.325268882360396,0.0101134635042172,0.3423099067417471,0.0592605354795107,0.052934,0.376553,0.160213
192,2021,11.9149084091187,22.84317105890242,0.045156,0.4,4.103074357901114,0.0020612007747304,0.3274049153948678,0.0721972935717517,0.052991,0.434909,-0.029412
192,2022,11.8781433105469,22.87332420235052,0.051326,0.4,4.1060222235140165,0.0015123605211845,0.3633082821676477,0.0981022468052821,0.057864,0.410243,-0.033922
192,2023,12.3310546875,22.85696362648816,0.051123,0.25,4.967860113703973,0.0033423153953785,0.4017639772030167,0.0787714373455088,0.027061,0.387234,-0.044601
192,2024,12.3058004379272,22.85348679029575,0.046949,0.25,4.958907083994371,0.0020108910793599,0.3874125160142416,0.0553500242515543,0.030685,0.365673,0.011113
383,2015,8.25157642364502,22.561196075514744,0.011667,0.8,0.5034872282282976,0.0008581673927841,0.0335050237497797,0.0148290112038608,0.032235,0.57221,0.188779
383,2016,7.78446817398071,24.33698319900899,0.093805,1.0,6.4373693775282765,0.0095404739532329,0.1452683702897106,0.035260122806182,0.032167,0.269895,0.170267
383,2017,7.47074460983276,24.4745492901419,0.094715,1.0,7.804460059475233,0.0329579183462845,0.1221333777184813,0.0069865464882864,0.061793,0.321422,0.187747
383,2018,7.23955821990967,24.60605729927918,0.014205,1.0,6.878397937537353,0.0200204072290491,0.1018484770805353,0.1002776901247669,0.060405,0.372128,0.158575
383,2019,6.93611240386963,24.72584697124985,0.014058,1.0,7.284918617120557,0.0,0.0866271653181225,0.031036371928817,0.056169,0.408855,0.070532
383,2020,6.86939859390259,24.79797435442372,0.01271,1.0,6.918206722218119,0.0143171452548526,0.0818999984622624,0.0861344957990758,0.055129,0.419034,0.160075
383,2021,9.86659622192383,24.919421411066864,0.013694,1.0,7.2168192845656,0.0222010089755071,0.0775353264615581,-0.0328186785880843,0.057088,0.463081,0.186023
383,2022,10.2197723388672,25.02818199976848,0.01302,1.0,7.155035631201419,0.0158404093268153,0.0676549691197209,0.0542580737213993,0.050519,0.489248,0.034889
383,2023,10.204927444458,25.192209465450908,0.018011,1.0,7.299967214071636,0.0210862122619803,0.0614662565450935,-0.0212827468920501,0.042222,0.541135,0.152507
383,2024,10.3426361083984,25.209810400611552,0.012991,1.0,6.45602984533774,0.0104798281119068,0.0618331936448335,0.0274816489479508,0.022319,0.818559,-0.033698
310,2015,11.3726511001587,22.394936499947327,0.087054,0.1999999999999999,2.622228444482317,0.005305401269961,0.205539108109603,0.0814735372794649,0.062184,0.139321,0.072549
310,2016,11.3563184738159,22.44419717766168,0.085429,0.1999999999999999,2.5604515793746527,0.0058109785222603,0.2012670784245189,0.0619416152620641,0.067622,0.133647,0.127873
310,2017,11.3547401428223,22.535364271473544,0.077207,0.0,2.232041866751949,0.0063966435018013,0.1929542788469988,-0.0046614263714768,0.054475,0.173145,0.125659
310,2018,11.5897789001465,22.562649275598307,0.061841,0.0,1.3387427269480674,0.0056337901384414,0.2013851055304853,0.0339967350619705,0.047328,0.167134,0.112863
310,2019,11.6341094970703,22.590016331776464,0.067616,0.0,1.8927288905814543,0.0,0.2075067811760418,0.0818196195665514,0.037906,0.167436,0.01058
310,2020,11.6415538787842,22.682302577588462,0.050989,0.0,1.7763031494075965,0.0,0.2082992042016579,0.0219395983122765,0.022094,0.227596,0.25286
310,2021,11.6570167541504,22.94962590953141,0.036674,0.0,1.619296731247408,0.0,0.1767010649219103,-0.0705265620873522,0.051488,0.360255,0.055396
310,2022,11.7580318450928,23.183960082351,0.03551,0.0,1.3316127304594283,0.0036137124956488,0.1642163679640277,-0.0332579005190386,0.085924,0.349556,-0.212086
310,2023,11.8655014038086,23.140826536962795,0.044175,0.4285714285714286,1.6758620635280033,0.0089482401159335,0.1892341780168707,0.1275348366757195,0.032243,0.303764,-0.081301
310,2024,12.0547800064087,23.060909258859947,0.041778,0.5,1.9937742166136765,0.0080514668198593,0.2032883956036588,0.1280390008057618,0.002216,0.262288,0.045154
446,2015,9.14077281951904,22.77986785170985,0.056848,0.6666666666666667,5.184505959459242,0.0081036038695547,0.1140209325676857,-0.0183781294245134,0.05717,0.636561,0.184222
446,2016,10.1753206253052,22.929245440118112,0.044931,0.6363636363636364,6.005409651491775,0.0063519498963954,0.1144265789990777,0.0079286715047269,0.03123,0.564932,0.21891
446,2017,10.1982221603394,23.607032555484537,0.042066,0.6666666666666667,4.217291340782269,0.0035235807998929,0.0700564611693835,0.0142520387773446,0.023735,0.592783,0.190617
446,2018,10.1211376190186,23.965829756975413,0.012287,0.6,4.03403348777214,0.0018070686821968,0.0623463282998483,0.0519685496525866,0.025444,0.636328,-0.075967
446,2019,10.61061668396,24.104569477745112,0.015107,0.6,4.334778968489172,0.0044684418297207,0.0598679433046851,0.0294245525634365,0.032486,0.649489,-0.195727
446,2020,10.8720140457153,24.3693125693642,0.01303,0.6666666666666667,4.019583721905663,0.0039333618623674,0.0450262955791639,0.0608074160187338,0.039375,0.613086,0.152341
446,2021,10.6965665817261,24.55642229827585,0.010793,0.6666666666666667,4.22482777691544,0.0053894119500644,0.0342825444456577,-0.1793963125179688,0.04393,0.663142,0.175699
446,2022,10.8187484741211,24.437165304974908,0.010188,0.7142857142857143,5.3437469076111785,0.0091859523459999,0.0616225218636234,0.0438878704581942,0.050122,0.570415,-0.064618
446,2023,10.7090511322021,24.59695593213285,0.01162,0.6666666666666667,4.767215232988003,0.0086105187195588,0.0540945252804111,0.0108143691883437,0.03732,0.620018,-0.237289
446,2024,11.7553091049194,24.9886328000772,0.007005,0.6666666666666667,3.119351866757223,0.003868095627243,0.0463313549615075,0.0013760207400767,0.032165,0.714421,-0.229422
394,2015,11.3352279663086,22.33375603322961,0.126587,0.75,5.648365335719317,0.0333160816667592,0.2987930103579913,0.0406196618968374,0.030162,0.397927,0.079586
394,2016,11.2201471328735,22.44372000554544,0.10667,0.5714285714285714,4.825748279685668,0.0318683997987093,0.2605042733231448,0.0527415566132841,0.042562,0.417369,0.06969
394,2017,11.0509204864502,22.872475193968462,0.092246,0.5,4.702029804290192,0.0267687382581007,0.1747600062814179,0.011498477490329,0.037379,0.379837,-0.059194
394,2018,10.9713840484619,22.89476476416769,0.046519,0.5,5.700985854135325,0.0174807672398937,0.1764948317857766,0.0053408818460649,0.030824,0.338571,-0.062756
394,2019,11.1404266357422,22.986230016474117,0.042689,0.5,6.101975699488777,0.0124258753970452,0.1864012947973216,0.0429957050325313,0.051551,0.34973,0.195094
394,2020,11.1840677261353,23.12807094109009,0.043967,0.5,5.934482433989338,0.0170850526884522,0.1704872551589683,0.0338310187451419,0.048791,0.395984,-0.078608
394,2021,11.0484952926636,23.35399254002085,0.041376,0.6,4.4324423715921,0.0084953048603494,0.1456522113594967,0.0062233691530906,0.053879,0.464941,0.025261
394,2022,11.0733661651611,23.54421087352187,0.035436,0.6,5.065777495274956,0.0099531201236022,0.1260867067779455,0.034491991466951,0.053033,0.507929,0.200331
394,2023,11.173602104187,23.58017695918017,0.040392,0.6,7.668219902192382,0.0178455776234911,0.1378849345769625,0.0848993962389288,0.057365,0.472799,0.374085
394,2024,11.5292119979858,23.759387788853807,0.022845,0.6,8.477989777173478,0.0249259140907524,0.1401181971536118,0.0351456166341081,0.057773,0.506457,-0.287806
375,2022,5.8808798789978,20.70660091578733,0.080634,0.25,9.152451359701333,0.0850573308935868,0.2345609898614832,0.086439326797811,0.08621,0.065281,0.436534
375,2023,5.75316762924194,20.772832013159643,0.062216,0.3333333333333333,9.008695137327807,0.0520051476158332,0.2917127913229783,0.0890008560970005,0.082893,0.074291,0.317736
375,2024,5.70665073394775,20.788765535704737,0.047538,0.3333333333333333,10.38311342246418,0.0418587940122241,0.2725845404030921,0.0700967979643596,0.074937,0.070183,0.489956
275,2022,12.6183643341064,21.07236675479674,0.063779,0.5714285714285714,15.58113462485563,0.0619966238060331,0.0,-0.0035661293897261,0.093631,0.037708,11.895865
275,2023,13.2454881668091,21.115694286906034,0.088378,0.6,23.674729342172444,0.035489306988744,0.1256993210108276,-0.0097818492642492,0.053836,0.048892,19.890761
275,2024,13.4535322189331,21.13145236472392,0.13636,0.6,41.53367094656913,0.0832078145848543,0.2080276473766657,-0.0316278698133617,-0.020689,0.091346,2.883048
272,2022,9.49416828155518,21.40331337520454,0.041463,0.6666666666666667,5.621117767868358,0.0162620564949631,0.0606554055590293,-0.1675490842804112,0.034002,0.44692,0.195143
272,2023,10.2311725616455,21.91360495675646,0.0326,1.0,6.082136008874298,0.0066828205556856,0.0609309323807585,-0.3088056485542827,0.007853,0.658403,1.073152
272,2024,11.1565093994141,22.60549943346208,0.019421,1.0,4.258096242091878,0.0035906022953796,0.0455899882564263,-0.1923471552106366,0.053396,0.622155,-0.172684
312,2023,9.73128032684326,21.769734069396645,0.04256,0.5,6.764332902300048,0.0066487256051024,0.1734910426519164,0.0537458823528702,0.045192,0.272755,0.047718
312,2024,9.7022762298584,21.858376579780824,0.034389,0.6666666666666667,7.5128151173440125,0.0017523323114111,0.1676843224141302,-0.0064427789946276,0.01063,0.337135,-0.132409
336,2022,10.8778705596924,21.82690869561939,0.025852,0.6,5.500756880101469,0.0027824262918807,0.1696149691716331,0.0529135389919756,0.039496,0.385361,0.133042
336,2023,11.001651763916,21.889132651491643,0.026896,0.75,5.332482633994802,0.0072797819611789,0.2076526131186083,-0.0081896540552944,0.010226,0.399741,-0.225908
336,2024,11.0937652587891,22.357486398904754,0.026724,0.75,4.23657669095021,0.0030968016227624,0.1365308264617812,0.2239650038684637,0.041018,0.573155,0.146718
177,2019,10.9218349456787,21.46414741215676,0.04096,0.75,8.709258963083707,0.0015403946118954,0.0,0.0860637106986614,0.018896,0.332927,0.340138
79,2015,10.4418792724609,21.896551409705527,0.181209,0.4444444444444444,8.7906100494616,0.0029052949506862,0.1900444401326363,0.1273982516483333,0.079657,0.278335,0.068699
79,2016,10.2738418579102,22.035666416079536,0.185092,0.5,9.470944292665536,0.0069951789762858,0.1776545900363177,0.0649159121449764,0.078549,0.303638,0.184658
79,2017,10.1349992752075,22.20305542859388,0.178608,0.5,9.07547293156142,0.0105108814610467,0.161414446087782,0.0422889727408972,0.07865,0.355667,0.534002
79,2018,10.5009593963623,22.27543645177153,0.082695,0.4285714285714286,10.64302759071404,0.0162056437793688,0.1519440745132013,0.0257770768011859,0.085542,0.325239,0.102045
79,2019,10.6436767578125,22.44495872828712,0.078426,0.3333333333333333,10.696480264869775,0.0126269887097311,0.1346711848526565,0.0474346404515752,0.081986,0.342624,0.144363
79,2020,10.7761039733887,22.587825149329813,0.077479,0.5,10.147865373151497,0.0119552562279637,0.1207957565432949,0.0104279391309501,0.07887,0.36163,0.08215
79,2021,11.1189393997192,22.943416837926303,0.077884,0.375,10.003165081074805,0.0089354077219789,0.1268979485153901,0.090465495305035,0.061326,0.345363,0.025782
79,2022,11.1664276123047,23.022692777129592,0.082847,0.3333333333333333,10.382005394539387,0.0114070333470818,0.1320018875047695,0.01792114891369,0.065344,0.340163,-0.197067
79,2023,11.2331533432007,23.134495761205624,0.089196,0.3333333333333333,11.252447643661828,0.013384522873016,0.1405741701061893,0.1473029209631632,0.077882,0.346839,-0.363756
79,2024,11.3960113525391,23.203647867636107,0.114168,0.3333333333333333,14.9493959541767,0.0173102229821903,0.1488278241548717,-0.0216584322425118,0.033839,0.371905,-0.040308
402,2016,12.1419010162354,22.0753472939134,0.063995,0.375,4.349024238155441,0.0179896000237007,0.405421697468243,0.0392951721533669,0.059236,0.538277,0.672983
402,2017,12.2910985946655,22.313287706893718,0.044988,0.375,3.114819158361608,0.0013036283256123,0.4125088256768933,0.0096127362376001,0.060375,0.575749,-0.008162
402,2018,12.3554267883301,22.644627658612173,0.023916,0.5,4.083181563876354,0.0063938096453797,0.3821558797117724,0.0182416134006163,0.032539,0.667941,-0.057919
402,2019,12.3630275726318,22.91368776321831,0.024172,0.5714285714285714,4.7370442316327255,0.0233186174911584,0.3548782177927265,0.0457313124317447,0.02339,0.719923,0.135457
402,2020,12.4255027770996,23.237294271167485,0.02435,0.8,5.019824964633531,0.0267995374884341,0.3202947835944605,-0.0098926459789351,0.011576,0.663026,-0.404471
402,2021,12.631685256958,23.285865956384832,0.024472,0.6666666666666667,9.363966354928127,0.0206018746472856,0.3655878498892794,0.0424422526384292,0.006684,0.685562,0.487774
402,2022,12.6893262863159,23.43294177255651,0.033594,0.6363636363636364,8.395248503487773,0.0167201944587616,0.3645712727089312,0.051028934438097,0.004301,0.693688,0.000655
402,2023,12.5766277313232,23.44968619918428,0.044873,0.6666666666666667,10.692182343516428,0.0040141504104771,0.4144669657910564,0.0137623129495099,-0.06938,0.767193,-0.045542
402,2024,12.3883676528931,23.50138735634919,0.046096,0.7,9.1974683868248,0.0057329587869682,0.4527740125951237,0.0214541479329619,-0.038627,0.835227,-0.120943
114,2015,10.9253997802734,21.78018700142714,0.102187,0.5,5.765835603372873,0.0056323061039151,0.3686365103335672,0.0605684477846416,0.015248,0.537999,0.137577
114,2016,10.9791145324707,21.823327423874247,0.102515,0.5,5.934705514766526,0.0120841337038614,0.3196264723987163,0.057540754823782,0.018408,0.529116,0.171578
114,2017,11.0931205749512,22.149935979688387,0.075117,0.6,4.506743519642706,0.0076267100411643,0.246195098362546,0.0254764345778303,0.030725,0.64045,0.325088
114,2018,11.055139541626,22.29309440471979,0.030398,0.8,5.1199012052868085,0.0062622303292776,0.2058518962694068,0.0289884820486308,-0.045903,0.643403,-0.119519
114,2019,11.0294046401978,22.16730265915078,0.03624,0.4285714285714286,4.267351992748114,0.0059053600927132,0.2119276442713958,0.0789491551484134,0.082515,0.544514,-0.263403
114,2020,10.8814487457275,22.223778921147595,0.044824,0.3333333333333333,4.836799251991205,0.0088031120579106,0.2021684695580843,0.1192579871386405,0.041746,0.545034,-0.114572
114,2021,10.9376811981201,22.30179693867663,0.039066,0.3333333333333333,5.241267637674306,0.0038382588283,0.1888586419521008,-0.0264418142113227,0.008293,0.589322,0.302101
114,2022,10.8825283050537,22.37299510553905,0.034479,0.5,4.563609950459861,0.0036050333234162,0.1758297790258441,0.0101059405896891,0.034421,0.585011,-0.297198
114,2023,10.7795963287354,22.66823471179784,0.036372,0.6666666666666667,5.37617560806647,0.003238887139732,0.138579364595597,0.1174138285229841,0.051614,0.435347,-0.119332
114,2024,10.4358034133911,22.97284915296628,0.043382,0.6666666666666667,5.759650250739694,0.0051485123151477,0.1415311379816644,0.0159957841721207,0.026751,0.548693,-0.172427
207,2015,11.5707635879517,22.141408986047605,0.133188,0.7142857142857143,28.83300607198745,0.0797815340617425,0.2014955220355659,0.0976001439646791,0.080485,0.28943,-0.188297
207,2016,11.3581027984619,22.219896043923296,0.163393,0.625,31.289739044876537,0.089987651104343,0.1704333603932546,0.0291010318506507,0.074522,0.266595,0.20709
207,2017,11.1220703125,22.37327454546348,0.130721,0.5714285714285714,27.48917887619456,0.0387360721343267,0.1472561260116249,0.1122012466045189,0.05353,0.321201,0.028329
207,2018,10.5362386703491,22.468286967023648,0.094417,0.8,20.00891924805569,0.0205505889862066,0.1730364499563422,0.0556481913585218,0.060872,0.336202,0.136604
207,2019,10.3555574417114,22.63819607150873,0.059763,0.8,16.775606945963126,0.0,0.1593111102788682,0.0391851827173861,0.059021,0.382188,0.012346
207,2020,10.9724788665771,22.755056238511436,0.040047,0.6,18.459549287801767,0.0,0.0712047405752989,0.0547573891490829,0.105086,0.34865,0.10992
207,2021,11.1988897323608,23.173602465466328,0.041651,0.6,16.206320860966724,0.0,0.0634298410176449,0.102871570950992,0.171148,0.370969,0.036936
207,2022,11.6826419830322,23.452996256196144,0.033645,0.6,17.548907030950417,0.0,0.0549085576897773,0.1126315062195338,0.172252,0.362299,0.074908
207,2023,11.8849582672119,23.587399902732763,0.041587,0.4,21.58324755357199,0.0193693179806295,0.0511760302052384,0.1010577298229163,0.1445,0.331048,0.007875
207,2024,11.8657197952271,23.57511401862744,0.066033,0.5,23.33328414233381,0.0313141930652225,0.0832277278318381,0.0847228167523792,0.068443,0.284374,-0.102181
399,2015,10.3107843399048,21.82829519133643,0.177557,0.7142857142857143,6.353807139169189,0.0305958579010878,0.1565222629530052,0.0655638370254986,-0.014118,0.507092,0.232399
399,2016,10.3515024185181,21.36908322582275,0.310997,0.7142857142857143,9.390248667829976,0.0238742958249215,0.0,0.1217172731498158,-0.298115,0.519453,0.14077
399,2017,10.2922115325928,21.319358563606578,0.167862,0.7142857142857143,5.197849845048111,0.0208916328476566,0.1566680741286079,-0.0822984810606297,0.003666,0.490549,0.186579
399,2018,10.18674659729,21.12815861700612,0.127287,0.7142857142857143,8.060067944189585,0.0072935462723221,0.0,0.0012804876960129,-0.233339,0.615537,0.063703
399,2019,10.2357587814331,20.67631639170744,0.09716,0.6666666666666667,9.525134734774044,0.0072173323597988,0.0,-0.0437424133212132,-0.212967,0.603865,-0.154324
399,2020,10.4278755187988,20.35709674158913,0.24344,0.6666666666666667,13.991673261356702,0.0481638555693092,0.3157415346683759,-0.0099563904374638,-0.221751,0.666696,-0.090795
399,2021,10.473729133606,20.001176887215856,0.463049,0.5,23.93740981660931,0.0450605554844651,0.4441503006312221,-0.0717769710401096,-0.382686,0.916834,-0.233938
399,2022,10.8837890625,19.905163048730188,0.162697,0.4,9.670744335023937,0.0344630633538448,0.0881325341381831,-0.0507639308551964,-0.107897,0.827892,0.284656
399,2023,11.3582038879395,19.776799957522208,0.164999,0.5,6.964791288203022,0.0091280562594006,0.1660735578623451,-0.0503067368366478,-0.213592,1.016703,-0.436945
399,2024,11.9093418121338,20.93807953306647,0.067618,0.5,1.7317029397396817,0.0059266409003978,0.0,0.2722402481421019,0.0398,0.959532,1.249426
384,2021,12.7514066696167,22.217370084490668,0.111695,1.0,5.536579052527969,0.0197517078996443,0.2202362903921746,0.0697006311088609,0.035431,0.241246,-0.085867
384,2022,12.8213186264038,22.210796016661813,0.142063,1.0,7.139269893051638,0.0212230937242013,0.2314754610229736,0.0242463894258344,0.014896,0.22168,-0.284478
384,2023,12.6608619689941,22.177237846988117,0.13198,1.0,4.65283997603715,0.0438915634705532,0.1677454835504771,0.0407767134878434,0.021421,0.218031,-0.322683
384,2024,12.7804927825928,22.151102432102995,0.143592,1.0,4.943478801726768,0.030428311086151,0.1583341309862852,0.0419414500788064,0.006305,0.189274,0.025989
342,2015,12.3680219650269,21.12178371354841,0.106266,0.8,6.325430509490541,0.0071614263358888,0.3352135245893549,0.0547517427368176,0.012562,0.132333,0.0551
342,2016,12.4572429656982,21.286321868913312,0.066414,0.75,3.823669849649103,0.0052821447995523,0.2928350463555729,0.0962776569634661,0.075234,0.138774,0.039009
342,2017,12.3516778945923,21.40687249686691,0.055821,0.6666666666666667,3.068194407944866,0.0037308000144995,0.2752563816851499,0.0762423551129431,0.075254,0.179011,0.006072
342,2018,11.9111051559448,21.44323629284628,0.02045,0.7142857142857143,4.395309328584179,0.0014732468101453,0.2643446906354785,0.0692755485189675,0.064356,0.149229,-0.003199
342,2019,11.9336242675781,21.53143712802192,0.02247,0.5,4.094821427376339,0.005279002666665,0.0,0.0852090452548376,0.061308,0.157423,-0.24468
342,2020,11.8860301971436,21.587891990382992,0.028377,0.6666666666666667,4.684390930474634,0.0067605898103185,0.0,0.0525117017994008,0.043915,0.194516,0.171795
342,2021,11.8015289306641,21.833742945195414,0.023387,0.75,4.177611607907616,0.0106281409524714,0.2010469468329869,0.0389696680882572,0.07267,0.205219,-0.290216
342,2022,11.8640594482422,21.952399591413613,0.022327,0.75,3.589149148908054,0.0026296835012,0.2152912876338588,0.0443166148958596,0.109383,0.194327,0.109601
342,2023,11.7975807189941,22.090907237576708,0.027052,0.75,3.5742250406139715,0.0015393514973903,0.1855060330333119,0.0554052175935616,0.039628,0.252876,0.14899
342,2024,11.9630918502808,22.151237427456135,0.020435,0.75,3.559610711111791,0.0008134740748196,0.1933884132535237,0.0196658237572789,0.017073,0.269034,-0.223728
189,2015,13.2395572662354,22.17753225941416,0.117045,0.6666666666666667,6.145683111512045,0.0194767533961925,0.4142235234047912,0.0239002976603894,-0.142198,0.183904,0.842467
189,2016,13.5909357070923,22.25953317716369,0.066863,0.6666666666666667,3.093206632401285,0.0067492322367283,0.3467728322498977,0.0350979267248973,0.047933,0.199965,0.090588
189,2017,13.5765829086304,22.26481977921445,0.064065,0.6666666666666667,3.3826087968365384,0.0062460296574013,0.319267449800074,0.0754983702073598,0.031813,0.18813,-0.024181
189,2018,13.4216375350952,22.30122034257445,0.029778,0.6666666666666667,3.9852496599107967,0.0098059945678413,0.2787933090006225,0.0502951760467131,0.046959,0.206671,0.04598
189,2019,13.3090791702271,22.395900476770347,0.029218,0.6666666666666667,4.146411390050927,0.0084781383111257,0.2376886719316132,0.1156863252342759,0.053153,0.238237,0.099159
189,2020,12.987865447998,22.54751694422867,0.030222,0.6666666666666667,4.057192455991063,0.0026988010623841,0.1899334134256641,0.0389132339522592,0.070825,0.286713,0.148482
189,2021,12.6728363037109,22.599982732770304,0.031117,0.5555555555555556,4.09678488840893,0.0052055613430341,0.1825236979880357,0.0978147779582229,0.075399,0.283384,0.082454
189,2022,12.800745010376,22.555393061401272,0.036177,0.5555555555555556,4.571814398642352,0.0044502203802152,0.2229093458736399,0.1173632328506263,0.058888,0.202261,-0.120473
189,2023,12.8561382293701,22.626320988185647,0.040697,0.625,4.605424399925583,0.005199901829022,0.2264945551637113,0.1080550593336544,0.056116,0.221625,-0.074911
189,2024,12.6862668991089,22.968879311140288,0.047294,0.5,4.785199604093386,0.003288592651263,0.1505048378019946,0.0510099842262171,0.039171,0.373826,0.003286
118,2015,11.0103816986084,22.02424164607776,0.081703,1.0,4.543931825575618,0.0162267661594142,0.311044645134938,0.0138142545925537,0.154377,0.535474,0.250018
118,2016,10.8803739547729,22.402302894871564,0.107328,1.0,5.240043286490289,0.0174872807919829,0.3629007136554512,0.0088671655375379,0.019783,0.505921,0.212089
118,2017,10.9119462966919,22.552684209377343,0.104906,1.0,4.134048152845653,0.0095808253849764,0.3484468930488739,0.0240116907335813,0.026834,0.552854,0.224683
118,2018,11.0541658401489,22.58382985417233,0.058356,1.0,5.266370574495029,0.0126216661582411,0.3846693639665713,0.088016548216992,0.005294,0.563901,0.080728
118,2019,11.1744966506958,22.58595933159668,0.074104,1.0,5.522321168833844,0.0118008486358384,0.3857616470332977,0.0975329178576535,0.035016,0.517188,0.115356
118,2020,11.2102041244507,22.653450644268776,0.066961,1.0,6.314067079689154,0.0115691426957981,0.3770542954048968,0.111407387967112,0.062132,0.485162,0.244396
118,2021,11.2831220626831,22.772265200156337,0.054222,1.0,6.135890838440684,0.0044760685114136,0.3483389734485154,0.0786826386935562,0.075329,0.466882,0.073787
118,2022,11.473334312439,22.84287682293552,0.045476,1.0,5.337237202608581,0.0117609614946979,0.3616335108072093,0.1044553834648666,0.079258,0.423731,0.082431
118,2023,11.4337491989136,22.920660937799337,0.046129,1.0,5.429266934989348,0.007829037532277,0.3492305693962554,0.0919923591751714,0.084178,0.393159,0.156794
176,2015,11.8440742492676,20.392162042066623,0.083836,0.75,3.704032498847918,0.0052378649177905,0.5233336806251639,0.0661641988530285,-0.067258,0.272696,-0.114476
176,2016,11.6808958053589,20.243421523323317,0.132014,0.75,3.7424364936821535,0.0068134026241128,0.5519676614093925,-0.0239175490521387,-0.159751,0.315807,-0.085476
176,2017,11.71923828125,20.26795805521251,0.095835,0.75,3.0699337283552826,0.005511344468975,0.0,0.0373369357679852,0.022374,0.310016,-0.164687
176,2018,11.4930410385132,20.18787612366019,0.077244,0.6666666666666667,3.618314872020961,0.0073642269801418,0.0,0.0182632779028585,-0.101222,0.35371,-0.118272
176,2019,11.5215463638306,20.181423276293238,0.069488,0.6666666666666667,3.278525932466801,0.0046568523763091,0.0,0.0263071778005442,0.021784,0.326759,0.070518
176,2020,11.4207134246826,20.20417882139704,0.07725,0.4285714285714286,3.404111043637537,0.0049469241991732,0.0,0.0246541174899801,0.010925,0.331068,-0.126887
176,2021,11.7472505569458,20.48489564205907,0.062962,0.5,3.156494409295914,0.0020950879252328,0.0,0.1223755082167381,0.034364,0.459283,-0.083445
176,2022,11.9305734634399,20.44903645541984,0.061699,0.25,3.102097951251295,0.00245813574914,0.0,0.0296042595527195,0.021126,0.418293,0.0619
176,2023,11.6689910888672,21.130439143698844,0.102512,0.25,3.2139036285230222,0.0022320801061881,0.0,0.0677846223411936,0.017475,0.513162,0.492899
176,2024,12.1024446487427,21.39353553882825,0.062597,0.3333333333333333,3.380535669407652,0.0019707994686465,0.5453741257136137,0.0175113486711729,0.022605,0.612146,-0.046319
425,2015,12.6235303878784,21.898723072990425,0.108883,0.3333333333333333,5.403696674444588,0.012992488744426,0.6336619135600521,0.1095235895327364,0.08073,0.256511,0.045731
425,2016,12.7710027694702,22.11983821166868,0.108959,0.4285714285714286,4.501797895457884,0.008507399349105,0.6062727698386853,0.1077772073527054,0.088598,0.340463,0.063837
425,2017,12.6218032836914,22.285260641622767,0.122938,0.4285714285714286,5.440304905796099,0.0117255482510408,0.5387030349371055,0.0989182110091531,0.072152,0.150496,0.037607
425,2018,12.4958200454712,22.37908314275292,0.05863,0.4285714285714286,5.648696140983838,0.0145502336932759,0.5344510782105868,0.1140095155489173,0.092216,0.167967,-0.012069
425,2019,12.6051387786865,22.56451481352263,0.055676,0.4285714285714286,7.2975471673689825,0.0154988225787046,0.5575162657354642,0.1051194703812594,0.064361,0.284763,0.067631
425,2020,12.7235145568848,22.74105939592237,0.044666,0.5,7.023299469080099,0.0252100127818472,0.5733845547440345,0.1080474926267961,0.079386,0.342088,0.009208
425,2021,12.8433179855347,22.99962604140297,0.04522,0.5,7.521575925646566,0.0253620858676072,0.5420625945299896,0.1086483810725171,0.087249,0.399482,-0.055347
425,2022,12.8967809677124,23.11555006708924,0.061644,0.5,8.312945909596852,0.0193890555088255,0.5956697348063913,0.0972795558872876,0.047998,0.442361,0.010988
425,2023,12.7610664367676,23.25445095059609,0.055883,0.5,7.613582945805114,0.0050778921803793,0.5653174419138066,0.0910606820100118,0.05888,0.479678,0.014953
425,2024,12.6125345230103,23.26534619578465,0.051538,0.5,8.559582082433941,0.0114468684293004,0.5683464652109701,0.1126379340811205,0.07479,0.452786,0.131553
418,2015,9.68305587768555,22.05610752149294,0.210692,0.5,6.244036704035192,0.028515558434784,0.2308954409011794,0.0263765728681606,0.012505,0.265822,0.545287
418,2016,10.5111837387085,22.451777415945955,0.192349,0.6,7.012344119092632,0.0144132887512885,0.1668962891284564,-0.007433414521992,0.010656,0.204004,0.252745
418,2017,10.0096597671509,22.623208647185784,0.185078,0.6428571428571428,8.565813067056949,0.0276065744686166,0.148150926046825,-0.0038041452925811,0.017203,0.31237,0.458753
418,2018,10.1966409683228,22.60265448975632,0.148323,0.6153846153846154,7.85019184985494,0.0220672294042193,0.1638887689435214,0.038816228560465,0.020072,0.350986,0.230991
418,2019,10.2752141952515,22.538528268416268,0.148447,0.5384615384615384,11.149059896888058,0.019025012572148,0.2252935225913036,0.0228627334054309,-0.123624,0.414525,0.493314
418,2020,10.8800067901611,22.68364314577276,0.130532,0.6,9.49525972765445,0.028096664769421,0.2026163630625407,0.0599694611729689,0.018169,0.345865,0.199476
418,2021,11.1570453643799,22.69504326037885,0.125789,0.5454545454545454,11.115188171282268,0.0373571181778688,0.212431417529796,0.0424452946169648,0.027027,0.34847,0.257904
418,2022,10.9602651596069,22.75253898431445,0.114523,0.5833333333333333,15.422970183628005,0.0311319360530666,0.2270083005174541,-0.0313727605262611,0.009635,0.367306,0.429974
418,2023,11.6747102737427,22.593998157617403,0.118763,0.5,15.99505482260675,0.0395886788328708,0.1458531017467047,-0.0328057911351874,-0.008617,0.135685,-0.138773
418,2024,11.7325143814087,22.54306037820134,0.23198,0.6666666666666667,26.153292844514343,0.0572855547027193,0.1358216335836228,-0.0126324877018674,-0.064871,0.14836,0.162653
198,2015,12.648606300354,22.596903704068037,0.182559,1.0,11.477202023785706,0.0590961265481191,0.5299477750137892,0.0355351325648523,0.022624,0.425611,0.069829
198,2016,12.9916753768921,23.139458581788038,0.118608,0.9,6.889651046153928,0.0205613040966215,0.0,0.0700507335274797,0.021128,0.451782,-0.057217
198,2017,12.9840993881226,23.22029906998669,0.100555,0.9,5.975498825917029,0.0307515885714164,0.0,0.0831266499206505,0.016231,0.484765,-0.112146
198,2018,12.9816427230835,23.36006185046327,0.042735,0.9,7.784258818788563,0.0153697000228386,0.0,0.0538974188446943,0.010956,0.534477,-0.129284
198,2019,13.0646409988403,23.50562529983851,0.038411,0.8888888888888888,8.531936825000194,0.0194535725089549,0.0,0.0875914083045834,0.002317,0.597569,-0.103439
198,2020,13.2043313980103,23.77871649060336,0.033419,0.875,7.557173328332956,0.0128710325463232,0.5027140662922807,0.1281772323861677,0.018299,0.528281,0.217792
198,2021,13.3774499893188,24.02283890589916,0.030153,0.8333333333333334,6.7192200937112245,0.0087035805941649,0.5871193838521704,0.1059294573375534,0.035662,0.593286,0.120158
198,2022,13.371395111084,24.29643777053028,0.025795,0.8333333333333334,6.174697755050131,0.0062759121940474,0.5577267461572079,0.089755865775713,0.014889,0.591294,0.062144
198,2023,13.4031209945679,24.275113775953177,0.023135,0.8333333333333334,5.216383330126678,0.0020915112605549,0.5756538795226519,0.1230772373916676,0.006193,0.578704,0.060645
198,2024,13.4827651977539,24.39551241319491,0.022243,0.8333333333333334,6.418937556225401,0.0067342397342567,0.5690575461246091,0.0985559529743097,0.020119,0.600631,0.133175
209,2015,11.4651107788086,21.354853429418583,0.278457,0.6666666666666667,12.81622576543335,0.0197162496963274,0.2185579201718906,0.0223608513879514,0.006658,0.143386,0.50926
209,2016,11.3509855270386,21.480893221516958,0.354608,0.8333333333333334,12.34419449447446,0.0140973629819655,0.1631647942026989,-0.0077651567643665,0.017825,0.232685,0.467146
209,2017,11.0842866897583,21.53979392920873,0.290239,0.8333333333333334,13.551358338993236,0.0128151226045406,0.0,-0.0080810489096563,0.000746,0.261688,0.413315
209,2018,11.0024480819702,21.493004925729647,0.307063,0.8,17.75893695024522,0.0312142598236378,0.1470672964444565,-0.0334129648313118,-0.090529,0.346496,0.557181
209,2019,10.9773616790771,21.691779532760236,0.18243,0.5714285714285714,10.04571196492948,0.0073005078039147,0.0915722088255041,-0.0081360602934418,0.279844,0.241283,0.376556
209,2020,10.7246208190918,21.748834258140544,0.221604,0.8571428571428572,16.01672282331813,0.0310786616237042,0.2910599528393594,-0.0121078135974025,-0.157673,0.45915,0.47376
209,2021,10.426438331604,21.734783599258986,0.215544,0.8333333333333334,15.34717562907082,0.0154050072182479,0.3151103889724824,0.0367416447247248,-0.024848,0.471506,1.01256
209,2022,10.1587924957275,21.74868771490175,0.172058,0.8333333333333334,14.433565172265384,0.0218600688434048,0.3145399992615746,0.0016860098887882,-0.011189,0.482946,0.373996
209,2023,10.0587511062622,21.72575798828848,0.147034,1.0,12.014950383219697,0.0244544955928637,0.3397198366573197,0.0245628865115168,0.01015,0.451811,0.615467
209,2024,10.0508966445923,21.71633426776536,0.159944,1.0,13.057535592891805,0.0214153182636463,0.3295307466214251,-0.008789681468037,0.010091,0.431121,0.31758
197,2015,10.0427951812744,22.73332280388091,0.124561,0.625,6.382333035014493,0.0024312196736634,0.2179749090380899,0.0835577957001401,0.080834,0.483099,-0.011659
197,2016,10.1331672668457,22.86449333240736,0.133189,0.5,7.368754396820683,0.0066111288941581,0.2044081120763276,0.0271449449085672,0.091246,0.458,0.095317
197,2017,10.3260927200317,23.028864723724173,0.134519,0.5714285714285714,7.94727874510503,0.0077444288261104,0.190370708725151,0.0478646632795652,0.086377,0.458813,0.269409
197,2018,10.206992149353,23.309975768019537,0.053449,0.5714285714285714,8.49177007945954,0.0109345042465974,0.159410120656494,0.0017040734146959,0.075984,0.505437,-0.068188
197,2019,10.1699838638306,23.44006892251693,0.046853,0.75,10.040446620803746,0.0092430460623263,0.1600820216211054,0.0543059588004064,0.076829,0.422842,-0.01259
197,2020,10.4752397537231,23.67913497205621,0.061252,0.6666666666666667,9.344144726396546,0.0077822287522201,0.1445620573245158,0.0659234595228101,0.079683,0.453928,-0.076201
197,2021,10.820650100708,24.01863341555078,0.064664,0.375,10.152874252783588,0.0072316146530876,0.1406879766193473,0.0764010013108389,0.078769,0.410963,-0.069517
197,2022,10.9259948730469,24.183069590539628,0.057435,0.375,10.085938348276144,0.0050935651163888,0.1565917284105616,0.0665823195742611,0.091196,0.418385,-0.206089
197,2023,11.1793642044067,24.29476573305975,0.066396,0.3333333333333333,10.945540447841964,0.0040166026848327,0.199117285734324,0.0868097056675732,0.099403,0.381093,0.024806
197,2024,11.3837223052979,24.442839697138837,0.059683,0.25,10.88549423699942,0.0040102469693964,0.2228931058677588,0.0521242759489069,0.086017,0.387763,0.345615
455,2015,10.006947517395,21.86085991973213,0.130411,0.8571428571428572,6.167563115324802,0.0151250271348029,0.1287532638125663,0.0681503486276916,0.0946,0.375347,-0.401861
455,2016,11.3412189483643,24.68745628348545,0.216485,0.8571428571428572,6.1126554666617725,0.0085874001012791,0.3659202703876362,0.0023975449391094,-0.005166,0.915508,3.583986
455,2017,11.0978164672852,24.293573166440734,0.184455,0.8333333333333334,7.694341674885647,0.0042039831327476,0.3214102954281206,0.0110900971049157,0.040855,0.79867,-0.011367
455,2018,11.2997055053711,24.309932579749177,0.079058,0.8333333333333334,6.743144904738539,0.0073619018137565,0.3120180562410065,0.0597814230808003,0.033727,0.762841,0.102156
455,2019,11.2297677993774,24.35607879253921,0.069313,0.8333333333333334,6.253924438351051,0.0068591336360436,0.2821344304925419,0.0701199036684478,0.022897,0.746428,0.070131
455,2020,11.0196981430054,24.366792638749605,0.096416,0.8333333333333334,6.367738606095716,0.0,0.2501744536970661,0.0526628011048895,-0.003937,0.681549,-0.065708
455,2021,10.7871599197388,24.49798032869858,0.07898,0.8333333333333334,6.369250302083794,0.0,0.2129448164730394,0.0655458323744219,0.036629,0.578387,0.51769
455,2022,10.8875970840454,24.552529646533888,0.07923,0.8571428571428572,6.633591455783505,0.0108786089613005,0.2111026874781211,0.0245306794462455,0.044625,0.592708,0.029863
455,2023,10.7878227233887,24.36801637988613,0.098094,0.8333333333333334,7.277794504891346,0.007004508905426,0.2071424118102101,0.0749493512077678,-0.23257,0.745957,0.083529
455,2024,10.8460865020752,24.34360244130075,0.076068,0.8,6.450488777653618,0.0057538806795025,0.2077665542484804,0.0731791533591576,0.02182,0.726099,0.063887
162,2015,11.5816192626953,20.561820962492018,0.095288,0.5,5.225967140943675,0.0025649039941324,0.3524883771995279,0.0583604087051142,0.017679,0.320136,-0.158596
162,2016,11.5594644546509,20.57760581081689,0.083641,0.4,4.980274920752745,0.0017862209312169,0.0,0.0632491304443174,0.017014,0.317918,-0.016818
162,2017,11.8094854354858,20.637690719808894,0.086088,0.25,5.705940659487693,0.0026904277778785,0.0,0.1423536106292192,0.024525,0.33751,-0.059919
162,2018,11.0461845397949,21.67832572109327,0.040703,0.25,6.622636586649919,0.0021460900897745,0.1716218235107652,0.1256842095949439,0.064122,0.635964,6.129483
162,2019,10.917028427124,21.87627839787716,0.035387,0.4,6.555347714361874,0.0018405034544311,0.1457629796330133,0.0929276677156764,0.031399,0.561398,0.620528
162,2020,10.9704809188843,21.96911400587612,0.031759,0.4,5.661205486247634,0.0171379988984972,0.1370276248567591,0.0735867783782124,0.042888,0.562933,-0.072884
162,2021,11.1675319671631,22.02636346934835,0.035912,0.6,4.716772280580266,0.0073008629469657,0.1718544700567584,0.1101608851543705,0.043088,0.541135,0.140795
162,2022,11.2251625061035,22.014748915454323,0.040936,1.0,5.888321432669984,0.0128450339866373,0.1991997130295842,-0.0403520752598286,-0.051886,0.603725,0.020143
162,2023,11.4144906997681,21.864835592338896,0.06906,0.8,6.900769456697758,0.0136934400843792,0.2549991888834236,-0.0304242329462798,-0.092349,0.628502,-0.002705
162,2024,11.5087337493896,21.80291199507376,0.09829,0.7142857142857143,7.917312056326303,0.0107377491419139,0.2821921288907438,-0.0842047272692793,-0.128754,0.735802,-0.476129
225,2015,10.0572891235352,21.63809119803704,0.090062,0.75,5.190553608822702,0.0019586201680702,0.2669030959206682,-0.0020868344828333,0.030058,0.181807,-0.0316
225,2016,10.0390701293945,21.6595675741614,0.10283,0.7142857142857143,6.5361240480582365,0.0086666325305387,0.2543598334058959,0.1448394967978087,-0.064795,0.216754,0.150781
225,2017,9.99700164794922,21.427139099114807,0.161131,0.6,8.683545387790213,0.0064543386816884,0.2764601185038243,-0.166087347745641,-0.254473,0.266325,-0.183768
225,2018,9.83548259735107,21.462442446909183,0.062651,0.5,5.426970582916713,0.0076134426718888,0.0,0.0277552852886489,0.090158,0.220384,0.132278
225,2019,9.77003383636475,21.61017281769952,0.05982,0.3333333333333333,4.792692904387917,0.0024180383000107,0.1862704495888642,0.1954107968049508,0.107239,0.221169,0.272244
225,2020,10.1273736953735,21.70652933187454,0.060928,0.5,5.566431299728758,0.0056571739771378,0.1633797990156804,0.0837132628274146,0.071838,0.203304,-0.073495
225,2021,10.405125617981,21.81771834330764,0.044341,0.5,5.555973102833961,0.0042435702170774,0.143054511270101,0.1426768781713344,0.076223,0.225078,-0.129343
225,2022,11.0745887756348,21.96129085136268,0.040347,0.5,6.017965068942036,0.0060782465757338,0.1523587590010075,0.0826060880409933,0.080103,0.214801,-0.251259
225,2023,11.1264095306396,21.84776487436157,0.038279,0.6666666666666667,8.405299369957593,0.0069080761005403,0.1723083610707775,0.1011463112487168,0.027333,0.158472,-0.020095
225,2024,10.899022102356,21.84652635360365,0.040626,0.5,9.090948922685785,0.008284253845975,0.1653342307521906,0.0027035635288855,0.017317,0.176401,0.097744
395,2021,12.4336786270142,20.32296195989125,0.068692,1.0,6.321878760810046,0.0185558423347258,0.4119138191712027,0.0666047373146289,0.046025,0.348854,-0.255019
395,2022,12.7071352005005,20.128947953590828,0.13382,1.0,8.57764345471693,0.0290600479784802,0.5787821000511062,-0.0589072277805875,-0.125585,0.335021,0.109344
138,2015,11.3766574859619,20.358207527607075,0.283084,0.5,11.656436191999289,0.013508328843534,0.5143315786114291,0.0918009618945809,0.051934,0.095476,-0.076992
138,2016,11.2474126815796,20.45115432730395,0.240869,0.5,9.461078313893204,0.0047684790711676,0.4586269777743808,0.1345012930979232,0.0952,0.100316,-0.08378
138,2017,11.1028242111206,20.607656917897323,0.214209,0.5,8.47245673891109,0.0138561734522373,0.4404470667651115,0.1648595302111141,0.158074,0.114426,-0.119332
138,2018,11.2382211685181,20.71780488582857,0.128726,0.8,9.52605996178686,0.0098586292103222,0.0,0.1265139636013064,0.154271,0.099035,-0.196295
138,2019,11.243390083313,20.8014802885964,0.131852,0.8,10.79558254449651,0.0,0.3922237347339701,0.0981748459191992,0.126696,0.075178,-0.093408
138,2020,11.3161211013794,20.899992396736465,0.134325,0.6666666666666667,10.265633862118689,0.0433868105259787,0.3426599720012121,0.1298266996413741,0.124716,0.074739,-0.159188
138,2021,11.2070512771606,21.043641271464157,0.127554,0.5,8.876778105385943,0.0191267547263785,0.2899811711397285,0.1127838894051444,0.143175,0.087091,-0.248238
138,2022,11.3163948059082,21.18362329759145,0.125357,0.6,10.06445523587369,0.0141110571298703,0.2823339798310277,0.1962002548787938,0.15046,0.09943,-0.235101
138,2023,11.5988969802856,21.28928432797934,0.132445,0.6,11.152741462254369,0.0114382818284885,0.3392926399638616,0.1233485669790305,0.119625,0.103971,-0.102259
138,2024,11.7449340820312,21.4160957473365,0.104478,0.6,11.137766876938064,0.0095411478810927,0.3411925190930218,0.1090370999919587,0.113284,0.146168,-0.066554
68,2015,8.56340789794922,23.16591463779288,0.122484,0.6923076923076923,9.476795219123009,0.0387823141278827,0.0777879798049255,0.0174524565572759,0.120061,0.429182,0.798851
68,2016,8.2607946395874,23.45544901048461,0.137404,0.6923076923076923,10.68983161558738,0.0441844589798769,0.0,0.030634186826459,0.117799,0.451675,0.775641
68,2017,9.13164329528809,23.783543439300896,0.122498,0.75,9.492917622383777,0.0398433391354224,0.0,0.0428543032618243,0.111411,0.503446,0.672172
68,2018,9.53434944152832,23.99475687365386,0.026746,0.6428571428571428,9.65056453156642,0.0312274775980743,0.0775408629322459,0.0362540506179351,0.098464,0.510324,0.655257
68,2019,9.69293594360352,24.10984523502897,0.028333,0.6923076923076923,10.685584483352448,0.0354859613933553,0.0814246318455403,0.0541391248052033,0.106913,0.459619,0.729237
68,2020,9.34939861297607,24.323178387294423,0.029665,0.5,11.326038202375765,0.039136699288775,0.0852242091147707,0.1202767856064199,0.107535,0.447913,0.627681
68,2021,9.44882392883301,24.50872448400792,0.029085,0.3636363636363636,10.51295264721772,0.0312302552050508,0.1091858146165212,0.0392129509353144,0.077437,0.451371,0.422335
68,2022,9.66254234313965,24.557389867694315,0.037427,0.3333333333333333,12.703937760983171,0.0324202951510224,0.1244238430851458,0.0227788482578485,0.048902,0.433152,0.32587
68,2023,9.74821281433105,24.691327476871123,0.039028,0.3333333333333333,12.31364356124006,0.0289497485733245,0.1262398692546636,0.0869631440597822,0.141358,0.32143,0.300185
68,2024,9.67587566375732,24.68856250409421,0.035468,0.4,13.0923976606942,0.0306965220595624,0.1309535264831559,0.0513926374326294,0.055355,0.295087,0.283168
257,2015,11.3594694137573,23.68067019184812,0.098509,0.4444444444444444,7.123849526923993,0.0031531903643589,0.4175177734544248,0.1251600269538593,0.064444,0.506598,0.23898
334,2015,12.1703987121582,21.85011467670472,0.13157,0.5,4.752248032223318,0.0070417549899674,0.3702472630930641,0.0688114788171177,0.049374,0.120511,0.240371
334,2016,12.1251268386841,21.948276092888484,0.140038,0.5,4.783532280238621,0.0095880197909188,0.402401896421465,0.0971253479416209,0.075863,0.138659,0.132035
334,2017,12.3413677215576,22.36313433716096,0.12502,0.5,4.718804018032058,0.0080687098010771,0.3765763146022521,0.0696233294068436,0.070349,0.311571,0.088375
334,2018,12.2963981628418,22.459386031788824,0.081477,0.2857142857142857,5.571777156749426,0.01226321751824,0.4076543796141845,0.0790653284592122,0.084455,0.294704,-0.052722
334,2019,12.3233489990234,22.578215198897976,0.075143,0.2857142857142857,5.28040913965465,0.0102916514333595,0.4552612863408407,0.0902896893368053,0.078114,0.246824,0.016961
334,2020,12.5259170532227,22.73985527912933,0.074481,0.2857142857142857,6.47720572576209,0.0035597537227676,0.4667641411019599,0.0723099994834073,0.061346,0.208804,0.079351
334,2021,12.5104904174805,23.00922637241105,0.061624,0.2857142857142857,6.410974429923252,0.0195550216080756,0.3966660663622619,0.0720828773817306,0.046895,0.146195,-0.158638
334,2022,12.6296806335449,23.053330145686758,0.081894,0.375,7.621062285570611,0.0183054915240111,0.4410635608969631,0.081876516591512,0.057886,0.171388,-0.108595
334,2023,12.6622247695923,23.1440712833737,0.06969,0.4444444444444444,8.350397022484103,0.0224183183133316,0.4749393019144013,0.1092730984551443,0.054861,0.20277,-0.09959
334,2024,12.6349611282349,23.181114218685085,0.058148,0.5,6.495938351474935,0.0140958273352957,0.4736503762459182,0.1530163202054427,0.089378,0.196608,-0.236956
205,2015,9.7813720703125,22.162019932882508,0.124783,0.6666666666666667,9.814064129458677,0.0098336008091679,0.1524810890262009,0.0333001353895626,0.057707,0.370404,0.113035
205,2016,10.6099367141724,22.295415562764276,0.11038,0.6666666666666667,8.500306929646193,0.0123984488118728,0.1634698435903981,0.0375622800168005,0.056869,0.395116,-0.060933
205,2017,10.4881296157837,22.36473237741405,0.099926,0.6666666666666667,8.942747328860628,0.0123086025119699,0.183436000211574,0.0544529566850801,0.063391,0.386007,0.138055
205,2018,10.8177862167358,22.528536282922328,0.02244,0.6666666666666667,9.298161388813783,0.012629998912068,0.1912791295075786,0.04660473837531,0.050929,0.433165,0.036963
205,2019,10.9710454940796,22.701851548889465,0.022031,0.6666666666666667,10.076601441554262,0.007561592756804,0.1769151677875453,0.0367945429816488,0.045314,0.373282,0.017553
205,2020,11.2659435272217,22.86973978067253,0.021407,0.6666666666666667,10.758525688967808,0.0072487527617516,0.1613547242395449,0.1074261176426688,0.052883,0.414209,0.059392
205,2021,11.5094766616821,22.97223085979899,0.020728,0.6666666666666667,11.528941222980606,0.0193331166122623,0.1586762853377241,0.0710235679154477,0.059692,0.416637,0.103053
205,2022,11.7053689956665,23.016143236736845,0.019184,0.5714285714285714,10.235019278832892,0.0125831927905713,0.1695949102514233,0.0645470879252752,0.061957,0.382923,-0.061782
205,2023,11.7570896148682,23.210490947095263,0.019231,0.625,9.957172158922791,0.0183708089788253,0.1735387856283802,0.0873116087234452,0.051475,0.298905,0.146932
205,2024,12.0672178268433,23.416968058955067,0.019258,0.5,9.262426285495437,0.0112380295182088,0.1930374316782432,-0.0433468765815778,0.044376,0.380709,0.276334
333,2015,10.5393877029419,21.889610004170187,0.062967,0.5,3.236797541934369,0.0034769226235957,0.1777519818028523,0.0079589063124074,-0.343551,0.819794,0.311862
333,2016,11.4680948257446,21.05019956496217,0.118171,0.8,4.163307727651274,0.012366160320223,0.3522422335209795,-0.174204677233743,0.019495,0.563987,-0.205975
333,2017,11.5512533187866,20.4138570943722,0.188753,0.6666666666666667,4.468582360105831,0.0208106721777103,0.565489963966283,0.4335930538144751,-0.178117,0.358124,-0.089472
333,2018,11.1702194213867,20.21177103416341,0.149907,0.6666666666666667,6.241412670630719,0.0173226096644423,0.5670066524296773,-0.0677061861030089,-0.257373,0.471747,0.155038
333,2019,9.63877105712891,19.835610280197685,0.189454,0.75,5.24475459743793,0.0309915428786466,0.0,0.207230130755006,0.031663,0.19884,-0.393131
333,2020,9.43515968322754,19.70558328133924,0.221193,0.75,2.5670570907549006,0.0122927589928013,0.0,0.4441807719370291,-0.087252,0.174844,-0.098872
333,2021,9.67913436889648,19.70137035225763,0.166708,0.75,2.376716493098259,0.0083989520303197,0.0,-0.0916428581079976,-0.072258,0.243619,0.047853
333,2022,10.0543537139893,19.4849198703057,0.1822,0.75,3.2125111843206744,0.0078915338146557,0.0,0.0001751425796296,-0.087879,0.14871,-0.247188
333,2023,10.0827960968018,19.571978399833217,0.16735,0.5,2.217286233107447,0.0061807901276427,0.0,-0.0232201775475912,0.00305,0.215996,-0.361806
333,2024,10.0932779312134,19.921777054792983,0.177285,1.0,4.43744114112823,0.0040413529019638,0.0,-0.0894213944509129,-0.032147,0.448322,1.043163
81,2015,10.268138885498,22.205428389644,0.086143,0.6666666666666667,3.559011590967397,0.0059102436434019,0.1262945898997312,0.0841849616570886,-0.011213,0.497284,0.183417
81,2016,10.5284156799316,22.08439850004237,0.078943,1.0,2.8224941896852016,0.0086644144663768,0.1161012015286822,0.0764614881145313,0.02305,0.428155,0.308986
81,2017,10.4228830337524,22.32659095773018,0.076,1.0,2.6474784196306618,0.0037898049291828,0.0,0.0144766238673971,0.02001,0.591505,0.504376
81,2018,10.1630268096924,22.65274160674607,0.047441,1.0,4.198104764259039,0.0044814348370768,0.0789290682601266,-0.1185306931835089,0.010137,0.701191,1.038371
81,2019,11.2767810821533,22.662587573818403,0.051891,1.0,5.296719373461066,0.0,0.0792472950287774,-0.0710849052150126,0.00768,0.723757,0.278765
81,2020,11.2603235244751,22.612193071569088,0.0638,1.0,8.033775126690134,0.0,0.0892046292452597,-0.0011652184877409,-0.118265,0.655171,-0.030635
81,2021,11.0835094451904,22.683218395791425,0.041787,1.0,7.438804069014193,0.0122713624735145,0.0914162063991158,0.061981136426056,-0.02524,0.720953,0.545649
81,2022,10.5012159347534,22.30661419601376,0.077111,1.0,10.959967237921632,0.0109159175953711,0.0,0.0971115889022122,-0.263314,0.867324,0.041463
81,2023,10.6209192276001,22.018988912864927,0.077587,0.75,10.591999848628165,0.0052403466003086,0.1378087984047858,-0.0496209820786881,-0.099834,0.94684,0.017776
81,2024,10.5217485427856,21.92181878959383,0.063315,0.75,9.663696880828724,0.0025922541526551,0.0,0.012601781514265,-0.040355,0.981432,-0.050191
268,2015,9.9506254196167,21.36018407009804,0.130519,0.8,5.825029859758086,0.0002094300859656,0.211558302505378,0.0222852365468244,0.051493,0.078409,0.316755
268,2016,9.84605407714844,21.38673963093093,0.138423,0.8333333333333334,7.261596315317524,0.0071825343071831,0.222072700013501,-0.0323615381579548,0.042331,0.086373,0.542222
268,2017,9.80229759216309,21.42162056664976,0.11984,0.7142857142857143,6.414260937054701,0.0005407496892376,0.2265764523453461,-0.0158540667398934,0.057072,0.113059,0.24735
268,2018,10.1378726959229,21.411049932918218,0.068852,0.7142857142857143,6.994291297423957,0.0038141632964393,0.2355305670868993,0.0274451612277099,0.023109,0.097596,0.577049
268,2019,10.121169090271,21.51931753943813,0.046576,0.7142857142857143,6.701829061041957,0.0004063629701285,0.224875657020854,0.027429664862926,0.055042,0.153642,0.651501
268,2020,10.4610776901245,21.67879778368292,0.034342,0.7142857142857143,6.162003808640278,0.0021034012163491,0.1812458944613108,0.1106968765938846,0.111973,0.204122,0.276795
268,2021,10.843225479126,21.70755209884996,0.034984,0.6666666666666667,5.915358525091725,0.002041357278229,0.1813699213650899,0.1048675628972079,0.122344,0.164817,0.184015
268,2022,10.7677059173584,21.772815226973925,0.03743,0.6666666666666667,6.323272439500263,0.0025050053246806,0.0,0.1428970344739783,0.093411,0.17136,0.271886
268,2023,10.6318435668945,21.91423900897722,0.03251,0.5555555555555556,6.244472198676114,0.0027168107725875,0.0,0.1550304720971524,0.139629,0.201221,0.234562
268,2024,10.4356088638306,21.98552702925565,0.029238,0.6,6.23845897301177,0.0019908334263461,0.1251575720083197,0.1237124396586254,0.140561,0.189522,0.041069
328,2015,9.47249031066895,20.56154361060814,0.332463,0.4545454545454546,14.978340792038708,0.0461503203389963,0.3172643791151723,0.0424331071860103,0.005867,0.119788,0.186723
328,2016,9.29362678527832,20.66004034347993,0.292913,0.4545454545454546,13.466539763047647,0.0369839990500003,0.2665679028343296,0.0553320086766168,0.026083,0.166682,0.533893
328,2017,8.93777370452881,20.78944148914707,0.286782,0.4545454545454546,13.06979597833669,0.0388832107622846,0.0,0.0388844579179726,0.045084,0.205834,0.425128
328,2018,8.77297401428223,20.8711881952073,0.12839,0.5,13.748937768180678,0.0264451332726634,0.0,-0.014576405675421,0.013817,0.235954,0.626548
328,2019,8.55681037902832,20.98633932353335,0.086704,0.5,11.300562513592778,0.0038657680745188,0.0,0.0677627937584766,0.03273,0.263904,0.754554
328,2020,9.29862117767334,21.46439555185918,0.06678,0.4285714285714286,9.960825014877294,0.0027255813719424,0.0,0.0089318246576366,0.090191,0.202466,0.345452
328,2021,9.30264854431152,21.50831942119989,0.083537,0.4285714285714286,13.772921150808004,0.0045740028670316,0.0,-0.0316218068508702,0.048582,0.196044,0.307189
328,2022,9.01967525482178,21.42607392051893,0.098888,0.4285714285714286,17.4758339257198,0.0082542503395607,0.0,-0.0178014156183689,-0.085567,0.217059,0.425191
328,2023,8.65746974945068,21.363186437109345,0.082328,0.4615384615384615,22.169299205904096,0.0160667530901141,0.0,-0.0330627291903502,-0.089579,0.272263,0.357974
328,2024,8.37429237365723,21.392085273103746,0.068826,0.5333333333333333,19.313516595982623,0.0048013348915141,0.0,0.0163244800156742,-0.054074,0.346246,0.551992
97,2015,11.4136152267456,21.88909023872713,0.041968,0.5,2.0527538432469945,0.003567986716448,0.3804249555194803,0.1039200958691039,-0.017131,0.582472,0.101534
97,2016,11.4113006591797,21.690886439747587,0.068002,0.5,3.4026150805337814,0.0084896058637191,0.4558775033219562,0.1001557977791121,0.004572,0.48683,0.138471
97,2017,11.4077348709106,22.12736288286396,0.074162,0.6,3.578887246214562,0.0063677735274975,0.370869062102317,0.0106781950086018,0.00211,0.479352,0.761504
97,2018,11.4543581008911,21.96825377671153,0.0513,0.75,3.482458002001,0.0039820083148413,0.4421646666178332,0.0243302795748945,-0.028928,0.427852,0.365767
97,2019,10.6243629455566,22.09460522029345,0.04651,0.75,4.53432555586634,0.0037419367101147,0.4146563366954153,0.0694162886774338,0.011283,0.496581,0.383771
97,2020,10.6427183151245,21.827457970220077,0.079847,1.0,5.273271752610051,0.0176547739882414,0.440229260462623,0.1001103970199954,-0.201427,0.5401,-0.065032
97,2021,10.8469123840332,21.792089888552688,0.095269,1.0,3.611996212398911,0.0139251280337841,0.3584471535168823,0.0365087512575074,-0.056589,0.580133,-0.179425
97,2022,11.5336952209473,21.723759032012964,0.083852,0.8571428571428572,2.6366832687574693,0.0370608041249288,0.3484669468128175,0.0826563324920979,-0.048219,0.59866,0.257913
97,2023,11.266658782959,21.662733453583968,0.104937,0.8333333333333334,3.771322152799122,0.0155502359848966,0.2838661634521812,-0.0162922285067216,-0.160456,0.732687,-0.669526
97,2024,10.893180847168,21.66517105810031,0.082562,0.8333333333333334,2.838644649648093,0.0102371945258368,0.247483089488526,-0.0301347453019675,-0.086291,0.819634,0.129634
362,2015,10.3824729919434,21.850321731167952,0.183,0.125,11.605680581738206,0.0324028922884593,0.300699749890138,0.0931976744793154,0.065257,0.318323,0.268057
362,2016,11.1084232330322,22.08467534615326,0.174977,0.1111111111111111,11.652348758062423,0.0302136086036664,0.2872783536608922,0.0468813021994394,0.074882,0.31646,0.470999
362,2017,11.255199432373,22.123117023677185,0.184434,0.1111111111111111,12.334454832973272,0.0408314495585843,0.284387889753208,0.1042418715363154,0.086011,0.288985,0.239201
362,2018,11.1641674041748,22.267802070426452,0.050407,0.1111111111111111,12.7367178249444,0.0326148488731362,0.280607922898483,0.0363028062505342,0.088555,0.257604,0.303259
362,2019,11.1383743286133,22.509613216847303,0.060099,0.1111111111111111,16.64516525086932,0.0320952686374781,0.2524252443637275,0.0567634462920368,0.064786,0.351904,0.537196
362,2020,11.6158542633057,22.50161693364552,0.055747,0.1111111111111111,15.454815665750456,0.0272540843204278,0.2840516016953389,0.0279366571039153,0.040953,0.339495,0.225262
362,2021,11.7472057342529,22.58487072128392,0.053594,0.125,12.22729335174044,0.0226287666261683,0.2645621251761696,-0.0226664284251105,0.028076,0.399873,0.136565
362,2022,11.6814250946045,22.490092403699418,0.061305,0.125,13.92891567978822,0.0115848209173304,0.2902794455349489,0.0156224341482973,-0.000274,0.389623,0.15938
362,2023,11.6777324676514,22.41263953756421,0.069343,0.0,15.85685438110111,0.004665814263319,0.3054344557485745,0.0718739168815631,0.009913,0.367113,0.056855
362,2024,11.6066150665283,22.425971939602476,0.06883,0.1428571428571429,14.63548268538938,0.022930413600903,0.291479848230273,0.0364419739974201,0.019818,0.245112,0.021862
212,2015,9.60610008239746,21.63551987082712,0.301554,0.75,16.86683767590214,0.0235366248467947,0.3339949962002048,-0.0297741324350281,0.025446,0.262028,0.462155
212,2016,8.86039924621582,22.31318152888951,0.25668,0.8,14.43396592779122,0.006622068032756,0.2057518011834507,-0.0177507024231277,0.019972,0.270369,1.529387
212,2017,8.8804988861084,22.837228954042104,0.274001,0.6666666666666667,14.61379812046599,0.0182200249955701,0.1054848884800567,-0.1022899740889386,0.016326,0.557242,0.838698
212,2018,8.83899116516113,22.890195483195,0.235999,0.6666666666666667,18.940453336347783,0.0445230665768081,0.1385995481127342,-0.0292352018338881,-0.025293,0.606825,-2.624142
212,2019,9.89619922637939,22.794248666309908,0.288758,0.6666666666666667,17.48196433680205,0.0152477247322295,0.1362376146089059,-0.0691455429869405,-0.144019,0.705313,-0.161992
212,2020,9.63326549530029,22.64540291370235,0.270061,0.5,15.298178843580704,0.0194176912802435,0.1049096959379319,-0.0083107853623576,-0.192387,0.858328,0.35596
212,2021,9.54790019989014,22.33004459359956,0.201946,0.7142857142857143,11.517958444731988,0.0127687132052054,0.0674361043157935,-0.0023409185559964,0.038758,0.66432,0.629995
212,2022,9.74293422698975,22.23694917090292,0.187138,0.7142857142857143,10.157562502176468,0.0133227380015017,0.0654557722764783,-0.0029157195864454,-0.055756,0.681316,0.026458
212,2023,9.89050960540771,22.053294456018364,0.179491,1.0,8.985049257152044,0.0118087656307499,0.0784548815268245,0.1195247539535727,0.121235,0.484957,0.145169
212,2024,10.0104150772095,21.825951216287088,0.253558,1.0,13.474380919499737,0.0113909886155183,0.08808100452082,0.020327158689247,-0.082443,0.437476,-0.166029
380,2018,12.7361507415771,24.161619525366188,0.029977,0.75,2.3966721397166757,0.0127237189098494,0.3793507863059062,0.0451438763273241,0.026049,0.729067,0.036157
380,2019,12.7630233764648,24.17864427453185,0.030355,0.75,3.289770747899539,0.0131295998515945,0.3841903298932533,0.0837208354758085,0.022281,0.725376,0.124357
380,2020,12.8379316329956,24.34768859893576,0.024436,0.8,3.24009580859042,0.007434628357889,0.3324166048401015,0.0781847724794685,0.040988,0.648696,0.423566
380,2021,12.9321784973145,24.359572462292714,0.024586,1.0,3.2351851723600578,0.00845985201048,0.313025534776487,0.0845698377681374,0.049034,0.613444,0.279923
380,2022,12.8759527206421,24.42534186155685,0.025828,1.0,2.9768242052217917,0.010067278549786,0.3279186945876545,0.1142296699754299,0.058406,0.595218,0.059114
380,2023,12.9166870117187,24.515868144617613,0.028448,1.0,3.4506647185540125,0.0074069601973426,0.3603272949848967,0.1165701844209235,0.044286,0.590046,0.262293
380,2024,12.9354867935181,24.55221529607651,0.030253,1.0,3.4451989317682155,0.0131552876119096,0.3919779102127769,0.1083583243252929,0.023581,0.589559,0.047406
278,2018,13.2134571075439,24.33075895080986,0.373807,0.75,31.98486336652029,1.1408690343862815,0.6733579736929102,0.0237615409505051,0.000828,0.480677,0.862784
278,2019,13.3286552429199,24.33825871972708,0.220627,0.75,26.87999988671809,0.3924562359637447,0.7224310909090729,0.0325557952548228,0.001695,0.482863,0.297262
278,2020,13.6418790817261,24.374569307491083,0.140515,0.8571428571428572,21.790281607635137,0.3330981515226599,0.7205668660973311,0.0196078497881442,0.006616,0.494276,0.689957
278,2021,14.7345180511475,24.37836576237792,0.099378,0.6,26.907350739668107,0.0465469986557825,0.6672774152313207,0.0494258299749052,-0.051333,0.545972,0.362344
278,2022,14.8018884658813,24.412722908797097,0.062407,0.6666666666666667,16.99474734604838,0.0128032597029197,0.6005047108166177,0.0710903350741462,-0.065024,0.620232,0.858314
278,2023,14.8428831100464,24.389224249508903,0.068734,0.8333333333333334,22.39658689099413,0.0149160948028613,0.557033978972683,0.055407255605369,-0.11611,0.723289,0.267142
278,2024,14.7779989242554,24.36309385415084,0.070388,0.8333333333333334,16.807589856106944,0.0125032096590759,0.5193835964991445,0.009602028751932,-0.079191,0.796683,0.087719
51,2015,9.8346004486084,20.57864226960793,0.090124,1.0,1.1328825758904633,0.0052771618204413,0.0912379531863609,0.0176566395545143,0.005724,0.325779,-0.111877
51,2016,9.90432739257812,20.954167103202263,0.063473,1.0,0.7222343368594811,0.0049126935037433,0.0,-0.2331996189205989,0.008006,0.528441,0.564704
51,2017,9.91566753387451,21.30377618344548,0.071015,1.0,0.681725061484051,0.3470130706413969,0.0,0.0709113474096687,0.037614,0.301164,-0.001612
51,2018,11.7437763214111,21.40271401814618,0.077153,1.0,1.4420022875813054,0.0020210162513526,0.1666553514683266,-0.1136388207240031,0.01108,0.352522,-0.272869
51,2019,11.930323600769,21.492599824380104,0.049471,1.0,0.8144710236074927,0.0003783541895572,0.1637396223457931,0.0208861438894717,0.018208,0.396035,0.266587
51,2020,11.9571151733398,21.62259567580553,0.032863,1.0,0.9072771726143334,0.0022890894846184,0.1402972926358791,0.095803338813849,0.016411,0.473846,-0.494334
51,2021,10.0057830810547,21.53055200375229,0.032619,1.0,0.6513059515400819,0.0010748535734117,0.0,-0.0590551563907909,0.022102,0.35782,-0.304922
51,2022,10.0788803100586,21.648134756874644,0.044834,1.0,0.7216155058485646,0.0019932727004019,0.0,0.0054484857856242,0.002052,0.42654,-0.03693
51,2023,12.8126783370972,21.825993409874517,0.0562,1.0,1.4531300481718297,0.0005309642998788,0.245079175549595,-0.0815842617852063,-0.089634,0.485787,0.066692
51,2024,12.5126552581787,21.77771139128049,0.0628,1.0,1.4266289134761234,0.0019894454902462,0.2559327360772886,-0.0427464973854271,-0.106032,0.56279,0.083091
27,2015,9.41264915466309,22.39921814877808,0.176882,0.4545454545454546,14.47435448340202,0.0473511178370714,0.1307257183098361,0.1728550817188612,0.090371,0.368538,0.567678
27,2016,9.44291114807129,22.472419276774165,0.168332,0.4545454545454546,13.866351446484046,0.0408860534437936,0.1192649429168699,0.0945269862691076,0.096944,0.356386,0.609749
27,2017,9.53577136993408,22.58578081397846,0.154685,0.4,12.931862209900617,0.0381722121954955,0.1018725570289981,0.0430526816017577,0.108074,0.417781,0.395899
27,2018,9.86554431915283,22.669048662043515,0.024837,0.4,11.730120841890225,0.0366398983751172,0.1017609809175016,0.0849164671524371,0.117592,0.39073,0.104091
27,2019,9.85179996490479,22.75805432645535,0.029799,0.3333333333333333,13.334554520773334,0.0121622923823933,0.1025291454396162,0.0997377700743995,0.110326,0.367828,0.227276
27,2020,9.95239543914795,22.88838375655625,0.034527,0.3333333333333333,13.237275488917373,0.0057937858298322,0.127010586606698,0.0849122328498782,0.068089,0.439785,0.177791
27,2021,10.116361618042,23.132277128441856,0.035406,0.4285714285714286,13.203660428455342,0.0068328579662169,0.1278821347356241,0.0404466189488384,0.070569,0.491837,0.11605
27,2022,10.1983060836792,23.39369066251572,0.042135,0.4285714285714286,15.846251123483444,0.0059089107928332,0.1180951982788808,0.0375586492806263,0.06156,0.398943,0.193502
27,2023,10.2220659255981,23.45770495799273,0.048801,0.5,17.50670033092092,0.0066015895553207,0.1097209052417297,0.0889623260538294,0.046436,0.409285,0.189249
27,2024,10.4717693328857,23.528357068683015,0.05146,0.5,15.917979432088948,0.0025836318258387,0.1087363897193432,0.0199950452141123,0.047181,0.423547,0.061796
104,2015,10.1035394668579,21.05809021251149,0.115484,0.6666666666666667,7.088658887737627,0.0007107598498748,0.2262708043808461,0.0623088879882038,0.053795,0.283118,-0.011724
104,2016,10.0637378692627,21.192633263920893,0.094778,0.6666666666666667,5.770436190667764,0.0030163955539171,0.2147556359397855,0.078806381484949,0.075806,0.327384,-0.022942
104,2017,10.0068063735962,21.466425993631656,0.074759,0.6666666666666667,4.754581453479472,0.0038597666425209,0.192057703320455,0.0883822122410779,0.087003,0.360822,0.058513
104,2018,10.6410856246948,22.009593981096916,0.043184,1.0,4.714728256149162,0.0059231877512313,0.2199546339105226,0.08056102056185,0.065119,0.536123,0.107356
104,2019,10.5979719161987,22.236773427281697,0.039439,1.0,4.745308318411478,0.0047212740119293,0.2136721938261914,0.1038299569363788,0.070553,0.520651,0.086611
104,2020,10.4761724472046,22.54703558040097,0.046123,1.0,5.405335371575872,0.0079067493018502,0.2037145524176931,0.0911418178723967,0.067881,0.466887,0.082456
104,2021,11.1715259552002,22.689337070235016,0.038003,1.0,5.16748856459523,0.0121729478504135,0.218071432018483,0.0233028896429527,0.086929,0.447413,0.055825
104,2022,11.2754125595093,22.86223375227476,0.038001,0.6666666666666667,6.233405337083272,0.0068969673345134,0.198240441237275,-0.0010350725142597,0.05968,0.420915,0.004708
104,2023,11.4184551239014,23.022313222729064,0.045792,0.7142857142857143,6.928108539314036,0.0035485007667925,0.2159194906607064,0.0362338681967847,0.034912,0.46976,0.069436
104,2024,11.5307283401489,23.205715683139104,0.040614,0.625,6.40400619760477,0.0083980641568769,0.2289182672579114,0.0526205690807868,0.027893,0.549526,0.059827
203,2016,9.2687292098999,22.04039411243847,0.21923,1.0,10.525511115510136,0.0084701469729566,0.0573131182077945,-0.0518997805214689,0.029282,0.063374,0.839385
203,2017,10.0494470596313,22.13337017755309,0.225724,0.8,6.41986334183734,0.0140982371591752,0.0675276310854729,-0.0390097098950888,0.032273,0.101475,1.010993
203,2018,11.4785194396973,22.23681537651519,0.159759,0.8,9.2463111107702,0.0164084446488239,0.0937110651520854,0.0055249107383207,0.032683,0.122214,0.494036
203,2019,11.3513174057007,22.245927040951518,0.142888,0.8,10.84148184707286,0.0183219796022933,0.1180252127620726,0.0228373301328324,0.033093,0.194555,0.896992
203,2020,11.0555438995361,22.47736522971638,0.155604,0.75,12.674747355580488,0.0359086870607429,0.1299897749164538,-0.007463578400111,0.031418,0.295939,0.598753
203,2021,10.9185829162598,22.585655304508997,0.155756,0.75,10.911195467658729,0.0306419173495633,0.13296669243974,-0.0178559247174975,-0.037544,0.229621,0.458107
203,2022,10.8101406097412,22.50639528367132,0.184771,0.8,17.616956088033188,0.0176465058601373,0.1452480915206584,-0.0106974832280295,-0.158206,0.29028,-0.051773
203,2023,11.8187017440796,22.38829271196378,0.142399,0.6,15.879219603976855,0.0243659984248977,0.1526416216008013,0.012258510502277,-0.084915,0.270212,0.690356
203,2024,11.9809141159058,22.32135574296513,0.157786,1.0,17.89559097325736,0.0130886180531379,0.1598634752334776,0.0513069532373216,-0.07989,0.297078,1.688667
293,2015,11.6685380935669,21.92854545083466,0.290194,0.7777777777777778,26.54609964749832,0.0235898616052147,0.312147134533775,0.0159567895377976,0.018994,0.254698,1.536909
293,2016,11.5890855789185,22.125129313618025,0.329099,0.7777777777777778,27.512734836796938,0.0223271076994476,0.2545196440230503,-0.0303545125575443,0.017441,0.199447,0.820347
293,2017,11.5500955581665,22.14053604760589,0.32482,0.75,24.388631512625302,0.0276924284757651,0.2697490844751639,0.0077161368441109,0.014166,0.200234,2.947222
293,2018,11.4768514633179,22.205573982678157,0.1426,0.75,24.71868116196677,0.0951328307431574,0.2765378618498667,0.0660282711272902,0.029995,0.234713,2.22858
293,2019,11.4986171722412,22.18937172069171,0.135843,0.7142857142857143,19.24817159500405,0.020829771364062,0.2756759712632132,0.07617350250401,0.050929,0.18439,0.483041
293,2020,11.3067235946655,22.56994677197607,0.051418,0.75,10.190648202636892,0.0097201782455119,0.2077991950465413,-0.0043157213104017,0.157889,0.313327,0.838361
293,2021,11.7173233032227,22.948903748210128,0.060595,0.625,10.59806529225641,0.0142306442658196,0.1740008932784594,0.1303090950924568,0.12007,0.179818,0.765562
293,2022,11.7770738601685,22.90794510624068,0.080888,0.5714285714285714,18.036874914151102,0.0291631834404216,0.2182823323320508,0.0265922783573724,0.056621,0.198522,0.650826
293,2023,11.8585338592529,22.8776434811796,0.106398,0.625,26.00708466880904,0.0212378320067462,0.2840073881283693,0.0358305827733276,0.007977,0.213095,0.442984
293,2024,11.9865274429321,22.94640556891805,0.113306,0.5714285714285714,30.139573793312195,0.0135488806714388,0.331523874898107,0.0250690290754407,-0.048416,0.315283,0.305576
397,2015,14.4810647964478,23.148725023142944,0.04094,0.75,2.008662762557397,0.001720108831983,0.2905006239639857,-0.0346229561658785,0.024452,0.527403,0.362368
397,2016,12.6554441452026,23.51180016846603,0.034836,0.8,1.6365602884205437,0.0019793105638429,0.2809132530681638,-0.0092262176392943,0.009739,0.486942,0.02224
397,2017,12.7835216522217,23.6111575940345,0.037724,0.8333333333333334,1.6466651870361078,0.0036168904638157,0.3122771664943623,-0.0102296884605016,0.009154,0.532324,-0.152664
397,2018,12.6169176101685,23.606000896043348,0.023219,0.8333333333333334,2.1417697273097485,0.0018946630306884,0.359425133280252,0.0164524679243731,-0.04561,0.58256,0.072588
397,2019,12.6198205947876,23.340536494764677,0.035897,0.8,3.621273945666952,0.0052634571209922,0.3727824612819099,0.0475313607161007,-0.224926,0.693949,0.115168
397,2020,12.1894207000732,23.13813857382505,0.041629,0.8,2.801362959363095,0.0041143831719827,0.3327258055973186,0.0427871502225808,0.039046,0.59025,-0.103397
397,2021,12.3998508453369,22.940711252016413,0.064932,0.8,5.876761483240813,0.003819077334068,0.3702178488017112,-0.0225802284393922,0.00423,0.504192,-0.003826
397,2022,12.7659702301025,22.869199616234653,0.055325,0.8,4.924511631828575,0.0045166008573581,0.3597170109552329,0.037001956003537,-0.029129,0.500382,-0.276813
397,2023,12.7722301483154,22.739199616278263,0.066289,0.75,5.565014503672242,0.0067519155626937,0.3818905813577792,0.0369079432157118,-0.123553,0.550397,0.12234
397,2024,12.5984382629395,22.60287210448903,0.075315,0.75,6.34062232754202,0.0078587760432354,0.4128244654812222,0.0103100718908417,-0.112861,0.624326,-0.184009
308,2015,11.1444749832153,22.96990608097927,0.027574,0.6666666666666667,3.1936934419060994,0.0100047167754553,0.1378419033096264,0.0029821236049297,0.036441,0.487394,-0.097187
308,2016,11.008581161499,23.232532120494295,0.047274,0.6666666666666667,3.39364164787715,0.012459154339528,0.1089266672257457,0.0517865040446496,0.028832,0.368738,0.137805
308,2017,10.7446765899658,23.53385219957303,0.031635,1.0,3.0399999999942127,0.0176358139972343,0.0846165743626621,-0.0688987698183279,0.036382,0.502719,0.233557
308,2018,11.1800851821899,23.65231305396484,0.015542,1.0,3.019273739534179,0.0164321112039733,0.103251189718766,0.0479568448575523,0.022187,0.536044,0.152609
308,2019,11.8579540252686,23.81263009875231,0.014387,1.0,4.145183062070293,0.0253013975980026,0.2093626872907155,-0.067384533099287,0.052866,0.555931,0.326596
308,2020,12.5099782943726,24.002397401282508,0.011419,1.0,3.265743420316694,0.0049047918467567,0.2243219910392498,-0.0003421517287159,0.066446,0.557572,-0.059516
308,2021,12.562783241272,23.965549240118957,0.010484,1.0,2.8936720869800285,0.00854592480671,0.2716591799322632,0.0822709416426896,0.015786,0.493642,-0.375659
308,2022,12.8778944015503,23.9661724129676,0.014799,1.0,4.225339524180367,0.0111296517808444,0.3144450303181477,0.1929577640626593,0.045578,0.457454,0.060659
308,2023,12.9402866363525,24.008810885899603,0.012731,1.0,4.098767823406564,0.0149092370272961,0.3191191609098899,0.0879579824669977,0.061721,0.430204,-0.095258
308,2024,12.8802433013916,24.090597129086163,0.013547,1.0,4.487506032648992,0.0129175128914929,0.2857915616540629,0.0258916847891697,0.059702,0.437021,-0.373147
409,2015,11.8663082122803,22.057001054445355,0.171937,0.6666666666666667,6.583060052097103,0.0060804707736286,0.5069545369415104,0.0487375012313937,0.041028,0.401911,0.104765
409,2016,11.8813352584839,22.170355924055347,0.153472,0.6666666666666667,6.387089990529699,0.008212081387824,0.4464925740012752,0.0527869108724171,0.052598,0.423144,0.058367
409,2017,11.7555408477783,22.212869317661028,0.145004,0.6666666666666667,5.612179720283366,0.0096969064829448,0.3952504413326259,0.0908467728068569,0.043214,0.441878,-0.014082
409,2018,11.6717987060547,22.27720977116699,0.093198,0.7142857142857143,5.169296172191396,0.0145889417157796,0.3952226327174586,0.0704406472406636,0.05096,0.439399,-0.047205
409,2019,11.7067728042603,22.37211927755996,0.090836,0.5714285714285714,5.201235011734968,0.0114406663989329,0.3895353722868546,0.0987226348968497,0.06196,0.429646,0.068173
409,2020,11.8623504638672,22.541961885690856,0.082635,0.5,5.919367176293774,0.0043797327077083,0.3455488712267332,0.0661395488822299,0.088701,0.419398,0.06674
409,2021,11.9906854629517,22.839788583428557,0.079333,0.3333333333333333,5.742225104803631,0.0113850213410989,0.3326365080716001,0.0698268549286697,0.073795,0.483768,-0.016738
409,2022,12.0580015182495,23.19882016805619,0.091127,0.4,7.149878915814084,0.0070524084160421,0.4070222221622629,0.0611897577807289,0.040971,0.408707,-0.174225
409,2023,12.6361598968506,23.42699998516874,0.089672,0.4,9.169956663679892,0.0027687195388363,0.4559547843017187,0.0084006597450769,0.008307,0.577714,-0.035931
409,2024,13.01877784729,23.33834345073702,0.087307,0.4,7.603096809205959,0.0138506754133635,0.5201541508747669,0.0274954060181666,-0.038837,0.592023,-0.003103
406,2015,10.1160297393799,21.80006891188626,0.111841,0.7142857142857143,4.016086124686335,0.0022567827934298,0.09369216771246,0.013267814291506,0.041324,0.216064,0.128231
406,2016,10.3165769577026,21.905346033963536,0.134871,0.8333333333333334,6.115816246223823,0.0027563226209689,0.0869500883527518,0.0327172174109393,0.049992,0.249812,-0.025178
406,2017,10.5171670913696,21.946859595293407,0.205909,0.8571428571428572,11.96559328155908,0.0313194637659838,0.1132696178315495,0.0363564506631715,0.026961,0.25676,-0.044951
406,2018,10.6099376678467,22.40916105238596,0.094639,0.8571428571428572,7.999240228634702,0.0213310273301792,0.1059042972019436,-0.0021139110338774,0.022088,0.476138,0.456994
406,2019,10.632755279541,22.228398912095912,0.107078,0.8571428571428572,11.7996916085009,0.0215768970209705,0.133292114290658,0.0479916424914286,-0.168095,0.37638,0.12286
406,2020,10.5177698135376,22.081938346331096,0.124682,0.875,13.144135847067645,0.0235287523897191,0.1083131315385522,0.0146018777318684,0.043713,0.215822,0.206777
406,2021,10.4167623519897,22.078818170202503,0.15148,0.7142857142857143,11.557188191996792,0.0136782822078998,0.1329021429960072,-0.0039560994418758,-0.055093,0.263067,0.221266
406,2022,10.827784538269,22.13726099302843,0.083339,0.7142857142857143,7.896115313035974,0.0158517453635405,0.1624016971138446,0.0258921334086949,0.058959,0.235414,-0.011386
406,2023,10.9469652175903,22.172311981946137,0.107856,0.3333333333333333,9.913269991485596,0.0127319036650055,0.1962182999669036,0.0317312288162358,0.012205,0.246325,-0.099917
406,2024,10.9335689544678,21.99821025764093,0.111881,0.4285714285714286,11.619128263788197,0.0163183048139755,0.225313686627407,0.0482614214687984,-0.209492,0.309706,-0.081747
55,2015,12.5695333480835,22.203113066653344,0.097774,0.6,4.649308852217324,0.0223566248308555,0.4164411094719902,0.0124498553559884,0.035089,0.32946,0.1805
55,2016,12.6621627807617,22.459517408378503,0.087053,0.4444444444444444,4.210468708900724,0.0129032008958257,0.3830601760366362,0.1018472894625821,0.03092,0.485358,0.195192
55,2017,12.7616357803345,22.5590690123448,0.077152,0.4444444444444444,4.620171086263713,0.013082227813955,0.3863547881612711,0.1017355661889387,0.055285,0.494003,-0.096817
55,2018,12.8587131500244,22.53292047565788,0.031229,0.5,4.546970312698441,0.017836273741152,0.3997186659014285,0.0903438245891447,0.071006,0.434513,-0.178918
55,2019,12.959023475647,22.61524042914728,0.03412,0.4444444444444444,3.599031178597676,0.0059228123435844,0.3837604537993686,0.1028462513603215,0.059357,0.45005,0.560089
55,2020,13.0444326400757,22.467859200434177,0.033496,0.5,4.087819653175771,0.0125871576948756,0.4020379719174311,0.077551124809329,0.015124,0.379216,0.213516
55,2021,13.0798501968384,22.56021304882087,0.032603,0.6,6.263424606606642,0.0038603962923423,0.4022884074167929,0.1050196476611077,0.032097,0.403437,-0.142646
55,2022,12.9603471755981,22.607272436998503,0.037086,0.6666666666666667,6.004645472684373,0.0068011397384493,0.40680917070688,0.0594924275354323,0.018431,0.429537,0.201286
55,2023,12.847526550293,22.59912333445948,0.039013,0.8,5.115926526343052,0.0159397146904158,0.3712780854432194,0.0597021447166076,0.013106,0.417224,-0.003211
377,2015,11.4652948379517,23.50008094860192,0.068685,0.875,5.116984169917744,0.0059926614217558,0.3124894572038171,0.0364008922016806,0.029777,0.624102,0.153597
377,2016,11.7198629379272,23.87746152201599,0.064855,0.8571428571428572,5.414152520297725,0.0053156565356148,0.3137005065622805,0.0345940183444684,0.030594,0.656888,-0.031019
377,2017,11.8575496673584,24.152021697499777,0.06304,0.6666666666666667,5.197106017455314,0.0020425871623795,0.3687579963163793,0.0106792806651917,0.026619,0.702046,-0.000247
377,2018,12.3075256347656,24.359880733274963,0.019846,0.7,5.737549950702869,0.0032334733721683,0.4350579226110818,0.0169771727242224,-0.013962,0.770781,-0.077099
377,2019,12.3439903259277,24.42603648527763,0.020998,0.7272727272727273,5.033926024297989,0.0014558244368743,0.3386025426380609,0.0802859296745146,0.012722,0.72934,-0.01582
377,2020,12.2091007232666,24.256282462072164,0.029194,0.8181818181818181,4.861682323298002,0.0036150593482963,0.3099370937536752,0.1177901367148381,-0.054158,0.737122,-0.169532
377,2021,12.0817737579346,23.927522737445564,0.050807,0.9,7.809580576060095,0.0078803090918305,0.2677309616008054,0.0810978833952136,-0.114768,0.606844,0.03469
377,2022,12.23766040802,23.626437262535045,0.055448,0.8571428571428572,11.45817841192958,0.0051056278414228,0.3182577401303094,0.1010414912920205,-0.312396,0.78189,0.312878
377,2023,12.3558492660522,23.71587936145446,0.035856,0.9090909090909092,8.573152458712359,0.0072104831255497,0.2573127682969223,-0.0248123299509608,0.003714,0.790139,0.341648
377,2024,12.2936820983887,23.799757935812995,0.034555,0.8,7.787139237988608,0.0031071762632679,0.2554117967220575,0.0036402057932209,0.005964,0.791834,0.208743
374,2015,12.2458429336548,22.4162287449992,0.062927,1.0,3.3558827391063293,0.0161183426563481,0.6104224031710693,0.0243624592014123,0.001019,0.40617,0.039028
374,2016,12.2833890914917,22.39541489144,0.063105,1.0,3.907714631690181,0.0514224996720925,0.5575549270372715,0.0582477182171095,0.024514,0.367903,0.088413
374,2017,12.2508192062378,22.51374241128327,0.062723,1.0,4.094990967272595,0.0138691379714838,0.4714022209119698,0.0257799792982121,0.033963,0.417886,0.017862
374,2018,12.2416553497314,22.61003939563322,0.021431,1.0,4.415544877159856,0.0115228139929876,0.4234806946808639,0.1140311042686133,0.086457,0.392345,0.189629
374,2019,12.2170000076294,22.831807101356432,0.020104,1.0,4.429691606297091,0.0,0.0,0.1292075127384925,0.146424,0.376648,0.121683
374,2020,12.2352256774902,22.980432251002075,0.019359,1.0,4.787871006280944,0.0,0.3008987795501009,0.1638106655674075,0.140521,0.342514,-0.059259
374,2021,12.239405632019,23.178456996094543,0.020509,1.0,5.538102249543276,0.0,0.2614227459673893,0.1210810579782731,0.091298,0.378956,0.07365
374,2022,12.298544883728,23.24910027629817,0.019504,1.0,5.620069015110202,0.0,0.2826410853522794,0.1252482319369022,0.108914,0.338718,0.268549
374,2023,12.5729827880859,23.49806964320017,0.021905,1.0,6.029515526104672,0.0,0.2892339049993873,0.139896717305915,0.092889,0.386534,0.23151
374,2024,12.3593950271606,23.77632014005179,0.024237,1.0,5.918234100242018,0.0,0.304565606146488,0.1097824375238571,0.121167,0.43808,0.207376
416,2015,9.42556285858154,23.01530183673728,0.206137,0.4,13.07959898051861,0.0250472847679652,0.1962553317871113,0.0770029658161234,0.066125,0.297002,1.453256
416,2016,9.12791347503662,23.11295873590541,0.208527,0.375,12.74786014860033,0.0387883960135369,0.1956306165760315,-0.0301668088031966,0.055715,0.339573,1.159662
416,2017,9.45877742767334,23.19429034080487,0.295963,0.375,19.27726388808465,0.0540090912909758,0.197281572988568,0.0148653866058668,0.028821,0.275228,0.854376
416,2018,9.75612449645996,23.16756416322342,0.074646,0.2857142857142857,16.162114802565277,0.0360154836023029,0.1949519374322283,0.0545896834420074,0.03876,0.232091,1.030103
416,2019,9.77070331573486,23.29409760404798,0.060516,0.4285714285714286,14.790239170202907,0.030862590668044,0.1208411609312899,0.0180820871867805,0.042739,0.232038,1.025136
416,2020,9.81226921081543,23.36455898014953,0.051063,0.3333333333333333,13.507752629096434,0.015584365537731,0.1098875582251267,0.102945247708506,0.041513,0.252967,1.022338
416,2021,9.94816875457764,23.41680688950421,0.05546,0.2857142857142857,14.585293408618483,0.0162518210736069,0.1056362563900899,0.0424906025238239,0.046909,0.264198,0.720054
416,2022,9.89056396484375,23.445085726943667,0.053607,0.375,14.033721708887716,0.0260866033205836,0.1256383123521405,-0.0027449777887667,0.045803,0.259378,0.556495
416,2023,10.1346025466919,23.69028286270679,0.052747,0.4285714285714286,14.479824436870514,0.0294854793764416,0.1140438060392448,-0.0138345680988112,0.037727,0.305876,1.084061
416,2024,10.2237281799316,23.74514431641533,0.067572,0.25,19.24646614304329,0.0261594126332592,0.1294725331627899,-0.0368169495361133,0.005206,0.360152,-0.018792
264,2015,10.309121131897,23.173154059735623,0.09073,0.75,5.743630755592715,0.0081614064208375,0.3069650497201527,0.0420645212531164,0.097662,0.492626,0.231674
264,2016,10.7148675918579,23.765633879102047,0.096107,0.7142857142857143,6.774237360845818,0.0053677031860037,0.2497506416272954,0.062515135381875,0.05641,0.42114,0.459164
264,2017,10.9572563171387,24.01486723832531,0.092785,0.7142857142857143,6.755253024261863,0.0051090656279878,0.2949736476884989,0.0062797775072175,0.065007,0.482074,0.590908
264,2018,10.9609594345093,24.318972459501165,0.025106,0.5,7.0146687889767785,0.0034584135932801,0.3147993018489266,0.0862289487386634,0.077202,0.542421,0.357554
264,2019,10.7997627258301,24.622769008733588,0.024391,0.5714285714285714,6.999725872005527,0.0037160128500766,0.3234769566739978,0.1512009737317632,0.09979,0.559526,0.505311
264,2020,10.8324995040894,24.97194325599696,0.026637,0.5714285714285714,6.210515603027928,0.0048728936203904,0.3300873745390971,0.0981708494148806,0.106995,0.558558,0.428863
264,2021,11.185601234436,25.515513735996706,0.024307,1.0,4.314692283908095,0.0055444222206405,0.3380101797385564,0.0604183474260932,0.064863,0.620288,1.219145
264,2022,11.4189023971558,25.723071495484117,0.023715,0.6,3.946690799683225,0.0028140857940552,0.3384993670127011,0.0857746317043904,0.070699,0.60384,0.086664
264,2023,11.4091653823853,25.81081340306152,0.023901,0.6,3.531080095681593,0.0034544196980434,0.3089043140242361,0.1704099180149232,0.075579,0.566122,0.313055
264,2024,11.373161315918,26.134141880069286,0.023632,0.8,3.1830821940390432,0.0034747260317133,0.2554282765866478,0.1211508772575598,0.065135,0.621641,0.245165
211,2015,12.1833686828613,21.441663594293555,0.116178,0.7142857142857143,6.368579506226231,0.0186454452755007,0.3200372059778233,0.0601347024607557,0.066738,0.135082,-0.015309
211,2016,12.159031867981,21.96970565307728,0.106968,0.625,5.608958789365468,0.0163201517085405,0.1986282384980807,0.0505367445610918,0.0457,0.114889,0.061657
211,2017,12.1905078887939,22.07080374833108,0.092636,0.625,4.750889629475656,0.0143196410919718,0.2112836426814512,0.0621853224808662,0.053008,0.160756,0.241281
211,2018,11.9201240539551,22.123695743578743,0.054864,0.625,5.167808507681876,0.0144164980546869,0.0,0.0477150860037113,0.063558,0.152603,0.219592
211,2019,12.0816736221313,22.22755685830777,0.058507,0.5,5.883157829977267,0.0,0.0,0.0226379969040529,0.059143,0.200866,0.207778
211,2020,12.2271509170532,22.365040125002825,0.056811,0.4444444444444444,5.8608473825195695,0.0,0.0,0.055405944159528,0.074175,0.236049,0.289044
211,2021,12.2187013626099,22.44115757948129,0.043057,0.4444444444444444,5.549507595752884,0.0,0.2884174381694962,0.0557757551367234,0.078664,0.222093,0.053722
211,2022,12.4441213607788,22.611615623802617,0.03203,0.4444444444444444,4.84213451281494,0.0,0.2951993530947466,0.0631275454349711,0.100246,0.256427,0.162499
211,2023,12.5690279006958,22.706065730133265,0.031987,0.6666666666666667,4.792882681703748,0.0121511899635279,0.3127289455025134,0.078526913665666,0.097818,0.235474,-0.182462
211,2024,12.668848991394,22.73372755627112,0.032109,0.7142857142857143,5.613370120902142,0.0101309768615573,0.3196341965133061,0.0867513170248493,0.088437,0.210147,0.080108
441,2015,9.99368667602539,21.99787104812556,0.120993,0.875,5.175734048795865,0.0176035962630564,0.148574281949553,0.0239370936532342,0.069634,0.452165,0.496142
441,2016,10.891037940979,22.308644503749136,0.125394,0.7777777777777778,5.422859008407369,0.0120936970316793,0.1161061318933521,0.0464468230951765,0.063473,0.250558,0.127752
441,2017,11.4595251083374,22.36974847432232,0.137572,0.625,7.957985499950832,0.0396825402067594,0.1425518259301695,0.0081414157295143,0.035943,0.302163,0.213273
441,2018,11.5509843826294,22.01004803650088,0.070841,0.625,9.888398867472665,0.0400462530017227,0.2314332465338795,0.0092562508034464,-0.322712,0.338464,0.043331
441,2019,11.7292242050171,21.952624352448534,0.089694,0.75,12.514129272575738,0.0343979838822818,0.3181203155035256,0.1180455772434393,0.04468,0.256833,0.020142
441,2020,11.5591621398926,22.07853462117059,0.083999,0.75,9.7863922326997,0.0285585871492413,0.2987137390215633,0.1277132195461868,0.043896,0.272948,0.459088
441,2021,11.5212240219116,21.95832929119125,0.120479,0.8,10.155933254393297,0.0269276421288902,0.2453339477029245,-0.0061743751614372,0.004182,0.159022,-0.2284
441,2022,11.4550638198853,22.01314955104924,0.079593,1.0,11.483175393619462,0.0196203310569986,0.2238413398670093,0.035493820461047,0.053907,0.145986,0.095011
441,2023,11.4238700866699,22.21900721334793,0.086178,1.0,11.485200307825323,0.0118973242133828,0.1767596077360671,0.1489550188621819,0.041393,0.288215,0.048915
441,2024,11.3418140411377,21.97354115860397,0.203605,1.0,18.36228030208958,0.0205767159995018,0.2210436538701161,-0.1421062606185618,-0.197001,0.330786,-1.941312
285,2015,10.771279335022,21.23900047508056,0.209612,0.6666666666666667,10.506934987736123,0.0101544843326696,0.1943323536937015,-0.0148604426097453,-0.15303,0.2696,0.180185
285,2016,11.1103515625,20.992229279889163,0.140362,0.5,7.452603871664086,0.0108319466300703,0.2495185377428699,-0.0160630070751367,0.000881,0.114533,-0.047962
285,2017,11.2034406661987,20.986633620351068,0.093817,0.4,5.4250943476026725,0.0109247144349686,0.2373785127549817,-7.243249152392237e-05,0.008797,0.103882,0.455392
285,2018,11.4805288314819,20.99466662184587,0.06429,0.5,4.689977114152027,0.0279861717498614,0.2408465736959396,-0.0167760513003463,0.005958,0.110766,-0.173249
285,2019,11.362208366394,20.82438033550845,0.10452,0.75,4.283244331554679,0.023953702508361,0.0,0.0447335218448736,-0.157145,0.093602,0.960229
285,2020,11.1321849822998,20.88461017623562,0.026043,0.75,3.542023147469317,0.0139708829465796,0.0,-0.0040484635715079,0.039582,0.099855,-0.175508
285,2021,10.4644985198975,20.90277865102132,0.023855,0.75,4.636272094298588,0.0084179248743687,0.0,0.0441511926235899,0.035904,0.078352,0.26501
285,2022,9.50253677368164,20.91797996619585,0.025907,0.75,5.671710946977251,0.0100542227125269,0.0,0.0452310132452537,0.030653,0.069304,0.306885
285,2023,9.28057098388672,20.94042962387736,0.0297,0.75,6.789538932805255,0.0033897309221267,0.0,0.0302625467181184,0.025722,0.065781,0.055117
285,2024,8.99633598327637,21.019050899036127,0.027736,0.75,6.1858444059704665,0.0048494091693775,0.0,0.0732595089314537,0.027343,0.120782,0.000978
358,2015,11.9890909194946,20.95537834268777,0.109971,1.0,3.151292150844954,0.0091047692333269,0.5392274188199078,0.067815808887171,0.023129,0.482132,0.292759
358,2016,11.9381589889526,21.17197431827148,0.099024,1.0,3.278651016273583,0.0078968043816937,0.4720756770512159,-0.0024940210222072,0.070856,0.37947,0.244631
358,2017,11.9413423538208,21.23068161282522,0.107514,1.0,3.497657180000593,0.0077131748017024,0.4362832083304444,0.0239605472803183,0.014295,0.409047,0.170636
358,2018,11.8368787765503,21.74929180916301,0.065461,1.0,3.795822129901432,0.0114868450009897,0.4332606717196104,0.0478455316685286,0.033537,0.570981,0.071121
358,2019,11.927622795105,21.93082417266515,0.059886,0.8,4.00311403440832,0.0051930784796663,0.4129584489317701,0.0734088748207956,0.048824,0.599307,0.093429
358,2020,11.8862819671631,22.35510779662816,0.053301,1.0,4.555562686047391,0.002348753544735,0.3773219182686813,0.053323820183862,0.031766,0.476349,0.080294
358,2021,12.4143524169922,22.59731421195975,0.047081,0.8,4.925694782643626,0.0057140777720739,0.5807753772505874,0.0383348279926845,0.022726,0.56233,-0.004195
358,2022,12.688081741333,22.61742107472459,0.053896,0.6666666666666667,5.173030021987534,0.0104197985575107,0.6082974660958957,0.009729987068791,-0.026944,0.596018,-0.005553
358,2023,12.7590246200562,22.597635485635895,0.053234,1.0,5.515622307213914,0.0059380370483166,0.6296321215129709,0.0496815176950891,-0.020761,0.586737,0.095561
358,2024,12.6012496948242,22.57355000182259,0.049034,0.75,5.530824027943513,0.0062517803653024,0.6359848997701332,0.031562434786252,-0.014808,0.591467,0.157846
307,2015,9.60299968719482,22.250128476819235,0.200582,0.6,12.044310460192186,0.0344060938407231,0.307273268665315,0.0129506433573777,0.054996,0.503279,1.068616
307,2016,10.2293214797974,22.641384347824133,0.19745,0.8,16.839438311489964,0.0392038853996438,0.2520870591889968,-0.0593224450086577,0.059022,0.301581,0.480124
307,2017,10.2540102005005,23.35729826562514,0.242493,0.5,17.0974429317746,0.0298314018568198,0.384327228350754,-0.0174633395515173,0.017578,0.594365,0.627234
307,2018,10.490255355835,23.429316493847203,0.108544,0.6,15.458742890714502,0.0243992371610452,0.3788583127596855,0.0064683903053905,0.031851,0.591531,0.627194
307,2019,10.4643449783325,23.525544862825956,0.13035,0.5,13.817799288618613,0.029434375577051,0.3534655246286155,0.0654495813009009,0.004903,0.627564,0.320197
307,2020,10.5194292068481,23.38144464175485,0.13182,0.6666666666666667,16.400662279941482,0.033831580417155,0.2740146609019304,0.0482027420366045,0.006678,0.561361,0.317999
307,2021,10.4501047134399,23.283114504615217,0.136025,0.5,18.04683552681406,0.0270244718192463,0.2829597365016942,0.0544337603332465,-0.050635,0.554677,0.530198
307,2022,10.3956136703491,23.166444983303915,0.112494,0.6666666666666667,16.41059661182272,0.0229605287783647,0.2721033869652854,0.0541522965799254,0.035367,0.447266,0.526551
307,2023,10.1521072387695,23.19306711989016,0.112576,0.6666666666666667,14.783537962184193,0.0235023925131676,0.2630515590704365,0.058024282087085,-0.031932,0.488933,0.531837
307,2024,10.2677507400513,23.137574176283987,0.120642,0.6666666666666667,14.42510029630627,0.0212901854908132,0.2783604573640392,0.0556959413204919,-0.313247,0.772961,0.371207
411,2015,9.75160217285156,20.366962322433515,0.242098,0.75,13.614161702831872,0.0228203972886413,0.2465470117760783,-0.0804914099117113,0.030902,0.155397,0.463713
411,2016,9.55896854400635,20.95695355843948,0.203261,0.7142857142857143,10.452251191290252,0.0105609214051641,0.0,0.1206803436624223,0.069075,0.287857,0.756398
411,2017,9.98600101470947,21.307419000263952,0.124001,0.7142857142857143,6.48288272229726,0.0184410080592862,0.0,0.0052172593941729,0.073254,0.352464,0.831194
411,2018,10.1309995651245,21.54265487044937,0.045293,0.6666666666666667,5.722060176890248,0.0082450400474471,0.0,0.08501827998829,0.081218,0.429843,0.456369
411,2019,10.1270389556885,21.59567224572568,0.059032,0.625,6.88437726999446,0.0122805654639636,0.0,0.0768419413296663,0.076472,0.418966,-0.130698
411,2020,9.94361782073975,21.53399565371078,0.091892,0.625,9.891388799659104,0.0263463891957325,0.1245710645696317,0.0283629961905136,-0.069337,0.382206,-0.26022
411,2021,9.96786308288574,21.533173132878133,0.080626,0.5714285714285714,9.225555245156263,0.0089464636457403,0.1219056106536379,-0.0243618105065755,0.014421,0.381291,0.895133
411,2022,10.1154928207397,21.538680181933096,0.08412,0.7142857142857143,9.718775151044513,0.0197147829433451,0.0,0.0020843508267945,0.008663,0.387707,0.059609
411,2023,10.1041746139526,21.423584612603214,0.112481,0.6666666666666667,12.30924841075396,0.0033556588567466,0.0,-0.0008700340309308,0.005515,0.301249,-0.007412
411,2024,10.5642166137695,21.354811346442407,0.102535,0.6666666666666667,10.183280799945903,0.0062334675248209,0.0956955041375716,-0.0081221863774034,-0.021484,0.292532,0.960498
17,2015,11.3037271499634,22.537535722627783,0.043488,0.8,1.5765104733321256,0.0014994335526296,0.2006530501655454,0.0417013503365693,0.009771,0.532097,0.646686
17,2016,11.0971393585205,23.268703146571067,0.05206,1.0,2.847477356900728,0.0019895873898193,0.1742996463280818,-0.0034864165069719,0.019733,0.577755,-0.071904
17,2017,11.2995567321777,23.421806734299743,0.056533,1.0,3.276828190464244,0.0014976467809585,0.2011576089645056,0.0393291315752236,0.094767,0.551901,-0.050878
17,2018,11.0440425872803,23.81984607304437,0.037267,1.0,5.0063951925818,0.0052679063267769,0.3186629417166256,0.0692650184950542,-0.033706,0.55152,0.021748
17,2019,10.9865980148315,24.03080353603498,0.040102,1.0,4.765381735108939,0.0050568233134374,0.2821035463278849,0.1097126018806324,0.069221,0.573177,0.148042
17,2020,10.9565296173096,24.10382684178907,0.03489,1.0,6.466743480311169,0.0070461765743496,0.2854546913629209,0.0840442524353342,0.077182,0.506716,0.143262
17,2021,11.3577098846436,24.29411179410084,0.039553,1.0,6.376514102899998,0.0089726279402413,0.3454238560553419,0.0297939985646259,0.0333,0.554324,-0.014739
17,2022,11.5506324768066,24.312104208817253,0.042348,1.0,6.166780730016549,0.0044115124809405,0.351361812238191,0.1139679615689384,0.043934,0.523184,-0.004903
17,2023,11.4167747497559,24.339260720211826,0.041083,1.0,5.313030014606406,0.006556417852592,0.3558181084269524,0.1423911089161527,0.055053,0.507593,0.012844
17,2024,11.3955316543579,24.53350397765836,0.03191,1.0,4.473816149661902,0.0052200200975253,0.3242986676616717,0.0890426323466122,0.038941,0.55991,0.029266
167,2015,13.0066070556641,21.593176181425008,0.159638,0.75,9.950254762145434,0.0176266863457474,0.6805935348235193,0.0169930779405992,0.028018,0.308065,0.016629
167,2016,13.1420288085937,21.586927064738124,0.216651,0.75,16.480775896183793,0.0115685024940109,0.694051401469089,0.0585934709634173,0.010368,0.296087,0.447086
167,2017,13.5893621444702,21.675226956088046,0.181549,0.75,15.415704112329175,0.0824914039849746,0.656021488145236,0.0820723150461603,0.009794,0.346622,0.106017
167,2018,13.7951221466064,21.606699829002284,0.147753,0.75,10.34205679664644,0.0239006964714329,0.680298009447715,0.0882461127879404,0.010506,0.290715,0.141158
167,2019,13.7818660736084,21.636605925169963,0.127614,0.75,12.131060904999536,0.0,0.6709493819817771,0.062454618941775,0.006955,0.303805,-0.317422
167,2020,13.8216180801392,21.282817229031323,3.32829,1.0,44.85967055458763,0.0632864594312431,0.8583355795271648,0.0083885878299981,-0.463487,0.476888,0.076513
167,2021,14.1239147186279,21.212583700273186,0.893017,1.0,19.32078617019452,0.0605767990002184,0.8515418078748979,-0.0109779487024842,-0.135573,0.427712,2.112408
287,2021,12.2346067428589,22.77645040602002,0.069736,0.8333333333333334,7.450214347921122,0.0041833023634436,0.3637366589129609,0.0226950622694847,0.025423,0.258267,0.029194
148,2015,12.0400199890137,21.711696382003456,0.063195,1.0,2.985698751844968,0.0035527122143876,0.3079988713884541,0.0653211874457453,0.020142,0.482684,0.173388
148,2016,11.9902563095093,21.881044600119715,0.068503,0.8,3.3144515609267717,0.0026109776975939,0.2957861679151789,0.1700161987931631,0.10716,0.455725,0.318546
148,2017,11.9025859832764,22.132467778839786,0.064233,0.8,3.916689637023422,0.0050424058592646,0.2118195842750818,0.1630664552436494,0.131292,0.457297,0.159489
148,2018,11.854416847229,22.151132938957964,0.027678,0.8,4.372394910456332,0.0051374898693694,0.2071327594129661,0.1059162483139703,0.072791,0.388697,-0.129449
148,2019,11.7615737915039,22.28177270702861,0.036053,0.8,4.273279776000055,0.0057378200065407,0.2125197816149032,0.1125132664169481,0.033946,0.424675,0.233861
148,2020,11.6096267700195,22.39588042836186,0.033917,0.8,4.181908742914105,0.0062070193036525,0.1890744660811819,0.0811874061808031,0.034474,0.452533,0.261779
148,2021,11.6292839050293,22.64973191556221,0.023076,0.8,4.139750283568593,0.0028876807447251,0.1737354562851338,0.1080995964264342,0.10211,0.466202,-0.055448
148,2022,12.2427167892456,22.55481667040653,0.040005,0.8,4.611924016154112,0.0068049911955549,0.2893947920797499,0.0729912293282341,0.015506,0.408049,0.187701
148,2023,12.2457733154297,22.54013737343833,0.042609,0.75,4.519460048999828,0.0054996918691115,0.3093571495169557,0.0440106465832293,-0.012417,0.422512,0.006885
148,2024,12.1979398727417,22.573867126013244,0.033841,0.75,4.164725708134113,0.0032732826166961,0.2712827948522902,-0.002503434046783,0.004714,0.450474,0.126933
161,2015,11.2984247207642,20.867639913209644,0.193901,1.0,9.928509472804729,0.0162646378714587,0.4623192927861311,0.06176089719735,0.016618,0.452895,-0.080156
161,2016,11.2320184707642,20.961709888772027,0.194048,1.0,7.752857265466158,0.0107732967279661,0.4737450286941121,0.0182366819928879,0.014188,0.490847,0.048789
161,2017,11.0785474777222,20.818621897143668,0.226221,1.0,10.134860670376208,0.0119853809804997,0.5135352684868627,0.0672748152251438,-0.159009,0.575187,-0.128941
161,2018,11.0743246078491,20.819557349958487,0.105589,0.75,7.855899060827791,0.0305948658118793,0.463702087257852,0.0545439533444799,0.019391,0.556263,-0.111166
161,2019,11.3765459060669,20.894966898423984,0.079204,1.0,6.703816126677391,0.0115748049230651,0.4346815335890051,0.068018227244558,0.025956,0.561759,0.260501
161,2020,11.328010559082,20.79755942278856,0.058179,1.0,4.923126733189632,0.0043613929710259,0.4559516625525018,0.1716952315362318,0.042647,0.515974,0.030549
161,2021,11.3727655410767,20.878234128566607,0.077736,1.0,6.761802903882681,0.0033395439826618,0.3876378215046123,0.0099965287180359,0.056143,0.465705,0.045135
161,2022,11.404522895813,20.904023340262825,0.077694,0.6666666666666667,6.167063684553956,0.0057161478778736,0.3396160966916818,0.0703802347030749,0.051911,0.406537,0.203797
161,2023,11.1476716995239,21.04438529861689,0.069253,0.6,5.454938899540024,0.0020313709851802,0.2786044555470374,0.0975044357395754,0.043218,0.550196,-0.883548
161,2024,11.2745704650879,21.307324661059525,0.068314,0.1999999999999999,5.448653839636859,0.0013393832013513,0.2955963677809546,0.0298578129443177,0.047391,0.610528,0.022634
9,2015,9.85268688201904,21.34391830692996,0.13107,1.0,4.844024095221839,0.008493145804236,0.2991239277776147,0.0203739406466033,0.016542,0.463412,0.387927
9,2016,10.1498546600342,21.54468765623434,0.097504,1.0,3.8173802600781057,0.0058715361912227,0.3439748963110441,0.0009593511107895,0.006083,0.544033,0.172804
9,2017,9.98563289642334,21.440087890888023,0.091358,1.0,3.772712536867152,0.0057045123416056,0.3145735561320121,0.0958239002913972,0.012194,0.559303,-0.249205
9,2018,10.2305221557617,21.256801001919737,0.053008,1.0,4.371144571477362,0.0090074972975889,0.272712527189472,0.04565755137633,-0.160202,0.673483,0.044109
9,2019,10.0273151397705,21.213874882043573,0.061142,1.0,4.032432562779222,0.0097742273764635,0.2645866241118249,0.0255658959984122,0.039797,0.622719,0.005054
9,2020,9.90232372283936,21.272263926787023,0.046484,1.0,4.3293809784838535,0.0105718890673577,0.2326675586570531,0.0275537942743624,0.036355,0.599831,0.096608
9,2021,9.95271968841553,21.27743632878183,0.042581,0.6,3.92845087639049,0.0044891765916383,0.2185406970702808,0.0060002089933147,0.038926,0.587027,-0.051506
9,2022,9.89510154724121,21.36636795053241,0.069589,0.6666666666666667,5.146088159324542,0.0056532033784746,0.1901806460585334,0.0912318006577399,0.04531,0.349569,-0.000386
9,2023,9.78877639770508,21.312290861969583,0.080396,0.8,7.040538698339302,0.0060875652082253,0.2027569565612315,-0.0581817438738547,0.037774,0.28813,-0.094258
9,2024,9.59067535400391,21.396740513121724,0.081001,0.7142857142857143,7.983686485097392,0.0024611432124386,0.0,0.0215208842783752,0.028743,0.33508,0.15994
210,2015,11.0009641647339,21.86229243000685,0.088465,0.8,5.244954394700678,0.0060092012362569,0.205309983095578,0.0744790529218268,0.094097,0.204058,-0.045183
210,2016,11.4777860641479,22.14543592061536,0.087287,0.6666666666666667,4.706779669632359,0.0074442342195196,0.2659996407114409,0.0865608158273874,0.093262,0.314932,0.127951
210,2017,11.5121574401855,22.89594584434965,0.083207,0.625,4.92733666352389,0.0067708595190961,0.2176748275886089,0.0398950172042103,0.05061,0.298252,0.600553
210,2018,11.6430044174194,22.763163744386965,0.0396,0.6666666666666667,5.730981366266509,0.0135030984952162,0.211227826534113,0.0763025634183315,-0.101654,0.319903,-0.052639
210,2019,11.4615316390991,22.311693859064142,0.058811,0.6666666666666667,5.219858721716284,0.0113490610877783,0.3329702682514804,0.1457079779763514,-0.624334,0.554281,0.026945
210,2020,11.0890626907349,22.368786540013968,0.044825,0.6,6.000538607878251,0.0279664661860486,0.3313418958535378,0.0923472439762315,0.204075,0.565851,0.016104
210,2021,9.87393569946289,22.303918958179143,0.059022,0.25,7.337909642285632,0.0072566147747173,0.2767382715100473,0.0175886689369761,-0.009172,0.547888,-0.037907
210,2022,10.3581876754761,22.117542671229256,0.055072,0.5,7.660008716723732,0.0138479502903706,0.1228534749807235,0.0330549643001361,0.023548,0.456533,-0.418107
210,2023,10.1880331039429,22.21789410504732,0.066553,0.6,5.466046097156924,0.0073198596769306,0.1159527075815345,0.0523389270375558,0.006686,0.507687,-0.369
210,2024,9.94713115692139,22.2628054705696,0.074793,0.6,5.511697185579092,0.0094925289697225,0.1125371256441265,0.1248379429281193,0.017785,0.498181,-0.161762
270,2015,11.0012245178223,21.108523196404622,0.103472,0.3333333333333333,3.477206854083011,0.0041769753371084,0.2383171912086677,0.0796900063210322,0.044397,0.344652,-0.175404
270,2016,11.3591289520264,21.335018748737134,0.247092,0.6,8.951719857695943,0.0135052516160263,0.0,-0.0279073863179885,-0.052486,0.537853,-1.36664
270,2017,11.2472810745239,22.020777341928145,0.088938,0.6,10.110846987066312,0.0039662240623783,0.0,-0.0874055169008456,0.017602,0.549905,-0.502001
270,2018,11.0947732925415,22.037420113415056,0.1606,0.5,13.81066921464072,0.0134588632010092,0.1499615756738545,-0.2743373027013447,-0.276323,0.845684,-1.333307
270,2019,11.5518751144409,22.438277631785237,0.111989,0.6666666666666667,13.361562807799476,0.0195469832338093,0.0925287192692232,0.0094100958822393,0.001135,0.899639,0.634993
270,2020,11.0447807312012,21.487005675100185,0.115148,1.0,10.293079421274678,0.0130086016300619,0.2182526594625599,-0.0335912205751454,-0.607979,1.354433,0.435494
270,2021,10.1994705200195,21.044095990027092,0.492802,1.0,16.13573130268103,0.0066532104603843,0.0,-0.0241823690294894,-0.488995,0.532608,0.112203
270,2022,10.2347755432129,20.86783818035073,0.106674,1.0,7.872162807115403,0.0051744775122709,0.0,0.0206428718175753,0.00718,0.430367,0.504552
270,2023,10.0311708450317,20.971218660192367,0.094877,0.5,7.050541769904199,0.0040050290755861,0.0,0.1523122031768487,0.02475,0.450716,0.588094
270,2024,10.2882957458496,20.87031096430153,0.090317,0.4,9.708116438042042,0.0053357594530614,0.0,0.0152043972981173,0.050895,0.303464,-0.055521
235,2016,9.33527565002441,20.75776545392505,0.087427,0.8571428571428572,2.9777523573100333,0.0040127097852436,0.0,0.0419602881988079,0.056898,0.210181,-0.127431
235,2017,9.36250972747803,20.86024548821512,0.097385,0.8571428571428572,2.9808853491887515,0.0097101641470304,0.0,0.0707510904145078,0.050071,0.274189,0.094946
235,2018,9.50781154632568,20.81150671108706,0.069308,0.8571428571428572,3.2808933436589465,0.0121263828184384,0.0,0.0247265073096369,0.07782,0.238121,0.002017
235,2019,9.57287311553955,20.896914754672466,0.087699,0.7142857142857143,3.576194288491805,0.006063304445534,0.0,0.1053902684539049,0.018736,0.317563,0.234048
235,2020,9.8753080368042,21.387214061812927,0.053156,0.7142857142857143,3.605938472015127,0.0068759368701526,0.0,0.0747937043657313,0.106072,0.247989,0.072632
235,2021,10.0573654174805,21.45332445912224,0.064023,0.7142857142857143,4.222092317364111,0.0031379837865995,0.1411502531402764,-0.0645853223266283,0.012659,0.290346,0.10917
235,2022,9.84272956848145,22.041903425755653,0.034009,0.7142857142857143,2.9830003861932743,0.0019571547073168,0.0,0.0201483947168385,0.031731,0.55989,0.365011
235,2023,10.4149045944214,22.12489930794525,0.031542,0.6666666666666667,2.60978167018026,0.005087899114106,0.0,0.0872039601267299,0.032111,0.541739,0.071854
235,2024,10.4428777694702,22.181131927170654,0.032027,0.6,2.870804866110665,0.0009447607900226,0.0,0.1108743298109612,0.054954,0.530012,0.213738
61,2016,10.5506725311279,21.68544980574908,0.144647,0.5833333333333333,7.185336164848747,0.0200299412896789,0.0,0.0652457320158797,0.079873,0.292332,-0.025292
61,2017,10.9441747665405,21.817588000677848,0.13546,0.7142857142857143,6.079961878495585,0.0140262391291761,0.0,0.0090266946174052,0.037846,0.338886,-0.254885
61,2018,10.8405437469482,21.77253100031603,0.080532,0.7142857142857143,9.135959101962982,0.029159782111824,0.1811505705005214,0.0074636118232553,0.017798,0.296145,-0.096065
61,2019,11.2561311721802,21.86813345645757,0.067793,0.7142857142857143,8.175450581140431,0.0084654426248826,0.1586288113868909,0.0518822692181306,0.009782,0.354687,-0.418755
61,2020,11.0001001358032,21.8749200083164,0.06047,0.6666666666666667,7.628049554509728,0.0063498307493379,0.1426831960710418,0.0260845335282071,0.024106,0.338176,-0.295589
61,2021,11.0828504562378,22.063812787768835,0.062261,0.5,7.461557983161292,0.0178818642730489,0.1273395553486675,0.0443902154481399,0.010891,0.291554,-0.710422
61,2022,11.1905012130737,21.99652283211169,0.066408,0.5,8.255812995491759,0.0234511491743063,0.127060592183223,0.0353932286739396,0.022822,0.227707,-0.113713
61,2023,10.634651184082,22.035619305549385,0.066475,0.75,7.397356882156944,0.0120904100934288,0.0,-0.0114143117408431,0.021845,0.245437,0.38057
61,2024,10.6096115112305,21.96572498338544,0.065417,0.6666666666666667,8.04321179092231,0.0006358843084747,0.0,-0.0004377268715105,0.011947,0.197508,0.18386
347,2020,11.5000686645508,21.60538883732356,0.024779,1.0,4.626861140002538,0.0041526627093112,0.2067992794036451,0.0167226799248333,0.017413,0.342991,-0.307428
347,2021,11.4358472824097,21.19259347695665,0.047904,1.0,5.11255534176894,0.0018986374797609,0.3396042735076715,-0.0501469835597913,-0.420076,0.429705,0.161896
347,2023,11.3520278930664,21.10295656716922,0.052054,1.0,4.702536042692926,0.000682351964522,0.3559111848133899,0.057531545019065,-0.015391,0.416499,0.131626
347,2024,11.2543640136719,21.10280620174281,0.056149,1.0,5.364483392564739,0.0019816376757613,0.3586498608739714,-0.0045629259213684,0.058954,0.385719,0.038506
2,2016,12.1876344680786,20.092997684915044,0.064909,0.25,5.028168069087844,0.0134869897266882,0.4128826321750958,0.0423100783666038,0.04933,0.338844,0.1855
2,2017,12.2097015380859,20.253155888432985,0.068606,0.3333333333333333,4.008286973736846,0.0149605430096116,0.4717809626601003,0.0737967828188306,0.045278,0.402444,0.099203
2,2018,12.265887260437,21.30072991178233,0.07179,0.2857142857142857,5.498799130149246,0.0243835420488072,0.2633677563414087,0.0435414541842005,0.044391,0.289581,1.188059
2,2019,12.5893640518188,21.454145812416755,0.063957,0.1666666666666666,5.673597429732257,0.0,0.2287937225813442,0.0098806952491202,0.018159,0.338723,0.605012
2,2020,12.7531223297119,21.294446890064503,0.101173,0.1999999999999999,11.330155957075382,0.0603971716093954,0.2741490144526396,0.0840633595081949,-0.172155,0.402792,-0.114533
2,2021,12.501350402832,21.37239291784409,0.070158,0.3333333333333333,7.803619255835299,0.0363903645222742,0.2688398666898405,0.015094833664798,0.033221,0.352471,0.028477
2,2022,12.4490804672241,21.38571742616766,0.097416,0.3333333333333333,10.287678069182304,0.0738655305276646,0.2969456009943081,0.0040851207692717,-0.004306,0.385047,0.103324
2,2023,12.4507427215576,21.265490412957394,0.088673,0.5,8.843151109868579,0.0073351529963054,0.3768809405359309,7.323962829323556e-05,-0.187804,0.492832,0.087961
2,2024,12.346227645874,21.44730351837655,0.067435,0.6,5.056853990664703,0.0040319306582223,0.0,0.0128323173951701,0.040663,0.512563,0.168374
128,2016,9.93344974517822,20.925280310124734,0.110187,0.375,6.347961020282584,0.0323875491086526,0.3563570026120251,-0.0975125802624897,0.033246,0.457872,0.017745
128,2017,10.2438688278198,21.2060232917474,0.099133,0.5,9.082912864288897,0.0109718780742331,0.1588525798410118,-0.0981848419888492,0.015022,0.59178,0.591193
128,2018,10.4862899780273,21.212166902241268,0.060696,0.6,9.83703684174397,0.0120297730049704,0.1427361051608035,-0.1477691993860521,0.007132,0.590066,0.024816
128,2019,11.8224611282349,20.82217887242831,0.047819,0.6,7.315780162617988,0.0083470375652196,0.0,-0.220078011057043,-0.322667,0.724287,0.785793
128,2020,12.4237051010132,20.10801424658444,0.098367,0.75,6.195328790543087,0.0102702800145084,0.0,0.0970136689588645,0.145799,0.293346,-0.189357
128,2021,12.331992149353,20.194479805114906,0.059033,0.75,4.235963017300496,0.0162996029807163,0.0,0.1127962480597318,0.008813,0.34367,0.756904
128,2022,12.1541213989258,20.127786064253524,0.053717,1.0,4.41449652435175,0.0185603816650841,0.0,0.0455194042912711,0.005715,0.290689,0.225376
128,2023,11.5857725143433,20.052619612387712,0.094378,1.0,10.864144082408702,0.0027279331683394,0.3539226942508687,-0.0304513140739534,-0.053673,0.28865,0.043751
128,2024,11.2958393096924,20.0794374456852,0.074773,1.0,17.330593475040008,0.002990085431549,0.0,-0.0955381230057412,-0.105488,0.40697,1.239209
439,2016,12.2488708496094,21.94805339701721,0.121295,0.5,5.36572618341407,0.008201482716036,0.5359428541691423,0.1332748233584127,0.110404,0.380887,0.004086
439,2017,12.4967031478882,22.321253523018164,0.095675,0.75,4.239880247922666,0.0056532323931492,0.4957180456173113,0.1451968178854354,0.089803,0.489218,-0.008782
439,2018,12.6405267715454,22.3245885636651,0.055479,0.8,4.645715090620161,0.005751830899018,0.5328975829580849,0.1890786614553695,0.113027,0.413987,-0.076271
439,2019,12.6198310852051,22.405574255624597,0.062648,0.8,5.842004358545768,0.0104361976069025,0.5273845637968614,0.1464225061780354,0.097787,0.276482,0.027503
439,2020,12.5142288208008,22.762404028446134,0.051955,0.8,6.088508051781444,0.0141334585796712,0.4590786264052363,0.0685147902981554,0.057944,0.433903,-0.043038
439,2021,12.5553245544434,22.88591671281085,0.044899,0.8,4.374321128275328,0.0071807599220129,0.4683506886442843,0.1407189682593519,0.070368,0.454055,-0.141161
439,2022,12.8232040405273,22.97356410317039,0.049115,0.8,5.166954569561087,0.0097674612061913,0.5114307235104757,0.1250348393730401,0.071163,0.423166,-0.043303
439,2023,12.8485460281372,23.20213609245361,0.053486,0.8,5.502132720198575,0.0045284050075168,0.4549482258561838,0.0994286608212804,0.035351,0.367014,0.028177
439,2024,12.8437299728394,23.233798536940373,0.058532,0.8,5.509301912135037,0.007377692560113,0.4835701951330023,0.0364877770452001,0.02461,0.375859,0.033716
45,2017,10.0384950637817,21.00464178227645,0.098092,0.2142857142857143,6.103656558472157,0.0144733662241249,0.0,-0.0491188823069832,0.01131,0.511865,-0.035448
45,2018,10.3585996627808,20.876358697053902,0.047176,0.7,6.8958459883581,0.0089925830874143,0.1484416413901127,-0.0472224761066203,-0.06382,0.48291,-0.294767
45,2019,10.4248123168945,20.7881578777198,0.057351,0.7,6.727986264126463,0.0761512149184976,0.1563673185352544,0.0518798399593682,0.009489,0.365642,0.594147
45,2020,10.5587348937988,20.500265187771205,0.137124,0.7142857142857143,12.29261885619781,0.0390706061475585,0.0,-0.0556250037499953,-0.461009,0.55887,0.438019
45,2021,10.2857656478882,20.36099686489603,0.080917,0.75,8.186101215612563,0.0154719532486498,0.2679699345137421,-0.0674994631397803,-0.179594,0.672733,-0.059712
45,2022,10.7021999359131,20.200005025574757,0.088282,0.6666666666666667,7.296207823360907,0.0185742167328999,0.2591046298848625,-0.0606437202934566,-0.009968,0.624388,0.340279
45,2023,10.904709815979,19.89125799473179,0.12617,0.8571428571428572,6.537898216641145,0.0156659188962392,0.0,0.0204285754721499,-0.191789,0.680577,0.24574
45,2024,10.7882995605469,19.847191919499974,0.243934,1.0,13.19280865438052,0.0301538794250553,0.0,-0.0631382097880122,-0.314563,0.640803,-0.936982
301,2017,10.9334106445312,21.405477088590647,0.124664,1.0,3.1209142578954983,0.0044890825869078,0.2377515873514711,-0.0700631340045693,0.024988,0.392911,0.058105
301,2018,11.0861253738403,21.645416462020712,0.079652,1.0,3.2332749376020065,0.0021206948038592,0.3310071941485386,0.0804446312705561,0.010155,0.534495,-0.066614
301,2019,10.7603883743286,21.73555730393668,0.079892,1.0,3.2071818351961947,0.0024756066298867,0.3307168241519565,0.1061845521370007,0.013739,0.533172,-0.04053
301,2020,10.7248954772949,21.79805057773484,0.057737,1.0,2.9004822856454853,0.0056315984993243,0.3132106968972336,0.1019673598833469,0.03018,0.522306,-0.013267
301,2021,11.0446338653564,21.7596462565014,0.067268,1.0,2.988729662131307,0.0009482577197443,0.3780797198399808,0.0678637318778859,-0.08866,0.585904,-0.106196
301,2022,11.1590414047241,21.680655018484217,0.097091,1.0,3.168955777747553,0.0031839405073604,0.4325384052743998,0.042552320912028,-0.053717,0.604564,-0.148591
301,2023,11.5688915252686,21.49266005343568,0.10867,1.0,3.506723668190576,0.0042000799236341,0.5143348951269174,-0.0082396156722181,-0.058207,0.579417,-0.102028
301,2024,11.4683313369751,21.395255595384477,0.153723,0.8333333333333334,4.348599791512648,0.0056016856487815,0.5218162542773704,-0.0512108461817831,-0.162054,0.702393,-0.122375
412,2017,11.8652315139771,21.16985630120404,0.10906,0.6666666666666667,4.817313195513064,0.0081590950825146,0.4970018971449357,0.0695065041486555,0.125543,0.138504,0.176641
412,2018,11.848316192627,21.47198528823392,0.049616,1.0,4.863462348607577,0.0047230805389431,0.447984264902629,0.0796246535738817,0.130208,0.263906,-0.234458
412,2019,11.9586658477783,21.467376189069864,0.081203,1.0,7.466652906741943,0.0109157936575881,0.5095954282210597,0.1602283580705891,0.056045,0.247066,0.0681
412,2020,11.8682060241699,21.90031268669165,0.051051,1.0,5.483031560693679,0.0080409839164846,0.4607393790408561,0.0772122292334211,0.089144,0.417829,0.143723
412,2021,12.0717315673828,22.119255016952334,0.053104,1.0,5.947004860857333,0.0073466632976241,0.5818717632384951,0.1031164103809011,0.0963,0.471307,-0.164066
412,2022,12.5498886108398,22.29374076291269,0.10322,1.0,7.147333511981999,0.0115911463442139,0.5862616117683906,0.0730911371172574,0.034492,0.421645,0.101005
412,2023,12.7113800048828,22.362528415160707,0.087707,1.0,5.886647238453598,0.0033604065485805,0.6633378423481453,0.0463661890529726,0.049617,0.421759,0.076778
412,2024,12.7455263137817,22.581852816214447,0.086917,1.0,9.448867790385682,0.0037811011356778,0.6926607480693582,0.0396881971505391,0.031512,0.537815,-0.053516
338,2017,9.58121109008789,20.89564209134372,0.137923,0.8571428571428572,5.568996818112599,0.0182290516901567,0.2559889782597325,0.0542365371744117,0.071044,0.122724,0.137932
338,2018,9.86053562164307,21.082158763168888,0.095608,1.0,4.871893335205925,0.0055503527486814,0.2790560099705527,0.0052029688389646,0.044229,0.304225,-0.140385
338,2019,10.2500991821289,21.049503804933725,0.10188,1.0,5.08020580868289,0.0066356936491056,0.3204206972609241,0.1102992584820336,0.051397,0.240342,-0.067836
338,2020,10.5847578048706,21.28920959453722,0.074311,0.8,6.859227511119534,0.0085594816584449,0.3140730642723588,0.0824914084284984,0.025508,0.389493,-0.128355
338,2021,10.8453130722046,21.23449954051851,0.097133,0.8,8.592084478176536,0.0069861740834352,0.4082311648675792,0.0550295425882961,-0.021799,0.380996,-0.462454
338,2022,10.9272146224976,21.183791207517245,0.129901,0.8,6.88298239716089,0.0083921939894441,0.4907363204119048,0.0351029447950132,-0.074217,0.421039,-0.336844
338,2023,10.7788553237915,21.21993284151672,0.116483,1.0,5.850982383123929,0.0079920463251384,0.5232940701184774,0.0270234280759412,-0.047055,0.486364,-0.107886
338,2024,10.6661815643311,21.2266698137602,0.12183,1.0,6.232098415205605,0.0082397908606842,0.5546960278725153,-0.0116180209103742,0.006636,0.298105,-0.073706
57,2017,10.60546875,20.80751211111871,0.07083,0.5833333333333333,3.6830426633688447,0.0110742375826321,0.2154531406681152,0.0706146780119664,0.071483,0.180362,-0.08973
57,2018,10.2966938018799,21.195300014089938,0.044258,0.5555555555555556,3.366010234324115,0.0060035089992909,0.2804693386025113,0.0159270574151897,0.060066,0.394513,0.3785
57,2019,11.4184856414795,21.27361720005585,0.059603,0.6,3.457960783136502,0.0035580164128941,0.2814598269382473,0.0560806189140766,0.042846,0.401157,0.056037
57,2020,11.4713411331177,21.719825554710333,0.051172,0.7,3.2667442465958216,0.0058939725440397,0.2213644183756369,0.0579310789675863,0.049871,0.346912,0.148984
57,2021,12.1613531112671,21.94084512870625,0.04707,0.6666666666666667,4.380865684928543,0.0053887882873956,0.275046128790966,0.0748275334210002,0.048658,0.429328,0.141199
57,2022,12.3233156204224,21.99875328043712,0.042236,0.6666666666666667,4.498522309236421,0.0084509790061702,0.3431005185344443,0.1246972770576458,0.031799,0.426254,-0.089565
57,2023,13.0814828872681,22.169506849124254,0.053833,0.6923076923076923,5.798705275538804,0.0123134180331658,0.4997561163170905,0.060035918478013,0.005952,0.511195,0.081054
57,2024,12.9789667129517,22.09134356951455,0.049656,0.75,5.507444653442571,0.0035471104782754,0.4451049681294985,0.0220528137961036,-0.031949,0.50451,0.049835
102,2022,10.7734699249268,21.67509780773409,0.176932,0.5,14.375842479424094,0.0375372056533957,0.1056833919189148,0.0293461147303551,0.00743,0.203595,-0.056421
102,2023,10.6301555633545,21.71590694043601,0.149407,0.6666666666666667,12.80135353224177,0.0291716712154588,0.0940092414753867,0.0159124587723451,0.018277,0.214226,0.271805
102,2024,10.5670747756958,21.69744450487824,0.116467,0.6666666666666667,10.846312050888466,0.0304179502306851,0.0,-0.0055232954544704,0.02973,0.170349,0.961263
124,2017,11.6034383773804,21.246486082781075,0.115904,0.5714285714285714,8.095558997769844,0.0302378655269704,0.2860710772543472,-0.0835923797433009,0.048638,0.477101,-0.163554
124,2018,11.6417455673218,21.41894516289858,0.037954,0.6666666666666667,5.668181337676004,0.0283928253944677,0.2826319612372021,-0.0436947263217152,0.013601,0.5583,0.039471
124,2019,11.5385246276855,21.614171178048,0.022886,0.6,3.734007160848811,0.0109103726979744,0.345874837198083,-0.0247146853078275,0.020585,0.617364,-0.038246
124,2020,11.600191116333,21.91515322415104,0.024739,0.5,4.587198351613221,0.0156372433086404,0.3791807704556834,0.0490219524821573,0.036041,0.436994,0.08571
124,2021,12.3124141693115,22.07603916499975,0.030313,0.5,4.4816457486655015,0.0100679103604632,0.3541341667980014,0.0448159181486832,0.091454,0.443336,-0.094084
124,2022,12.4635734558105,22.05635202910241,0.03277,0.75,5.988720597759431,0.0115386876043004,0.397836137362241,0.1065841986436336,0.055993,0.384388,-0.102333
124,2023,12.3767614364624,22.131202900799035,0.030588,0.75,6.407151536703479,0.0096984037982485,0.5151508031247433,0.0101538578714106,0.010505,0.426736,-0.067431
124,2024,12.5665884017944,22.38270100432836,0.034807,0.75,7.179798548258415,0.0064518715253564,0.5310616995512475,0.0080305383811559,0.013009,0.550799,0.037756
232,2017,10.4085340499878,20.519043493366773,0.122057,0.375,15.746089585682386,0.0104093835386331,0.0,-0.0208061904255071,0.069038,0.395079,0.034972
232,2018,10.7953729629517,20.615339507323647,0.02907,0.75,10.839832730605004,0.0059747069328962,0.0,0.040882883614514,0.051973,0.410353,0.198845
232,2019,8.55788230895996,20.48073019683031,0.032205,0.75,15.733367920607746,0.0029552209521747,0.0,0.0393199805506545,0.031165,0.300211,0.382826
232,2020,8.52572250366211,20.701595263585357,0.028809,0.75,16.08805031915504,0.018824403950566,0.0,0.0699445753904108,0.028041,0.405496,0.693035
232,2021,8.25495719909668,21.130458548920608,0.023353,1.0,11.607213713613284,0.0123752992196222,0.0,-0.1328428533297413,0.078361,0.539919,0.045999
232,2022,8.07925415039062,21.269479224393088,0.023567,1.0,11.026078124768128,0.0106589958951437,0.0,0.0184306617888379,0.073327,0.524961,-0.25119
232,2023,7.26989316940308,21.486275235835816,0.028419,1.0,12.400909120697728,0.0079853757839743,0.0,-0.0146000642002537,0.029192,0.310031,0.094795
232,2024,7.21607351303101,21.73833511361809,0.021431,1.0,8.689464670717124,0.0010867210345501,0.0,-0.0470693629354393,0.048694,0.432114,-0.133638
80,2017,9.22508430480957,20.997544631233502,0.071738,0.5,3.991662019929719,0.0040478281817878,0.165121288252523,0.0297212265494995,0.043716,0.496806,0.425651
80,2018,9.20755195617676,21.09841198656613,0.033951,0.6666666666666667,5.273616877146603,0.0107500331979191,0.1904704423434543,-0.0007992436515965,0.053234,0.492875,-0.12932
80,2019,9.33775997161865,21.15480662142156,0.039063,0.4,4.280150261244136,0.0081711614600908,0.2636613810575602,0.0408959374674582,0.032606,0.493329,0.016807
80,2020,9.30823516845703,21.21103336180289,0.041892,0.4,4.951365759187823,0.0142335616552206,0.0,0.0620414299469719,0.019304,0.508228,0.035996
80,2021,9.43724060058594,21.34912993892224,0.032789,0.5,4.751176438569215,0.0124360709250155,0.0,-0.0701985954935614,0.009474,0.567121,0.052693
80,2022,9.66693305969238,21.64270486882712,0.030656,0.6,3.923307379267881,0.0096507522462594,0.0,0.0296612045532657,0.056027,0.62458,0.17984
80,2023,10.2580652236938,21.79216419336384,0.035657,0.6,5.17836030687018,0.0072901975878175,0.0,-0.0044768672409234,0.01128,0.51806,0.016043
80,2024,10.3746252059937,21.90071757432688,0.036689,0.5,4.597022135682168,0.0045622091190583,0.0,0.0412189649479917,0.012363,0.561768,0.18734
36,2017,9.35107707977295,19.998565209264616,0.161521,0.5,5.724769849554597,0.0129347193673929,0.276165850737319,0.0241555313806353,0.069378,0.104947,0.427812
36,2018,9.6052417755127,20.008443068647612,0.112156,0.6,8.046245222512256,0.0433536788934599,0.2646418157340003,0.0266890246844061,0.057689,0.089987,0.589794
36,2019,9.65872955322266,19.97270118793124,0.104658,0.6,7.932341453429119,0.0168315473560692,0.2564856166595601,0.1396256437921627,0.055413,0.107089,0.413024
36,2020,9.47427177429199,20.02513537379316,0.094291,0.8333333333333334,8.010403388276432,0.0336600991749454,0.2298475205893346,0.0677793815823752,0.061573,0.141161,0.529828
36,2021,9.4543399810791,19.99762381058081,0.122605,0.8,6.677874000561983,0.012665121482825,0.325278257312331,-0.0393298329546084,0.053624,0.105591,0.149704
36,2022,9.19263172149658,19.962337024445496,0.143044,0.8,8.344324175979986,0.007704625684773,0.2643435298538147,0.0433729111071958,-0.031305,0.147311,-0.015093
36,2023,9.56880283355713,19.939581765429285,0.136696,0.8333333333333334,8.920522998474585,0.0156211434855608,0.3616361186408693,0.1039312174016868,-0.012057,0.139877,0.097527
36,2024,9.52415752410889,19.9729470763869,0.097708,0.8,5.55871218003893,0.0063436969819275,0.3235069014001666,0.1057520442355986,0.02097,0.168424,0.337618
405,2017,10.47287940979,21.24136517618289,0.078132,0.25,3.762909797376797,0.0041910863835926,0.1746219518407709,0.0135401424228333,0.047865,0.377782,0.063784
405,2018,11.2470645904541,21.310297878241744,0.049145,0.8571428571428572,4.051030680150917,0.005567289062825,0.2098675883073139,-0.0221192315479006,0.014121,0.409484,0.15042
405,2019,11.113260269165,21.357726565258364,0.039013,0.6666666666666667,5.596210106391111,0.0026132822605082,0.2304439600044538,0.1458940790317857,0.013758,0.426119,0.281665
405,2020,11.1587162017822,21.631511603714856,0.038313,0.4285714285714286,4.8202791844112935,0.0040236335477618,0.2802952356262392,0.0098400394876455,0.000679,0.554417,0.193721
34,2018,10.6561603546143,22.237711659362265,0.041091,0.8333333333333334,10.451648282378848,0.0081495154030187,0.2328608015200516,0.0169008868120134,0.003964,0.251546,0.138412
34,2019,11.1155576705933,22.27128311374613,0.040863,0.7142857142857143,9.251028661442454,0.0,0.2310286191278295,0.0396771766190724,0.015741,0.267808,0.165007
34,2020,11.2413082122803,22.33165667292324,0.040714,0.75,8.901989366269916,0.0083910736850406,0.229230884447402,0.0270596328159672,0.036064,0.282402,0.385634
34,2021,11.4262037277222,22.523131402815903,0.035856,0.75,8.5005358525763,0.0020580582812283,0.2439675213789425,0.0775440896726492,0.049205,0.355694,0.256563
34,2022,11.5217962265015,22.66874696003896,0.029555,0.7142857142857143,9.161421013292728,0.0029709400240766,0.2572912380341315,0.0484072627652928,0.054962,0.397439,0.069829
34,2023,11.570140838623,22.969559485212155,0.023866,0.7142857142857143,9.034547514642226,0.0040783374423482,0.2270238914902085,0.0467825676704191,0.049693,0.364552,0.212906
34,2024,11.6655082702637,23.225120855755733,0.020539,0.8333333333333334,8.185129583921572,0.0022720892893496,0.2321997415238026,0.0483245943828604,0.053805,0.468293,0.252535
101,2017,12.2798852920532,21.79987955738053,0.065488,0.625,3.821019943992553,0.0128788531802848,0.2899827600137309,0.0822605262200211,0.059001,0.331168,0.106179
101,2018,12.2805233001709,21.861345851164774,0.044724,1.0,3.9072516136510007,0.003686020267471,0.3094848042178675,0.0977239100620672,0.076547,0.303357,-0.077197
101,2019,12.3182201385498,21.992798903750977,0.064257,1.0,3.931665922729884,0.0042122509675255,0.348366045268168,0.1431386752386072,0.075161,0.316204,0.095724
101,2020,12.5716352462769,22.21622225201433,0.042391,1.0,4.3691809129303625,0.0076210746404262,0.4715175870577676,0.0760000256208168,0.078478,0.381369,0.029697
101,2021,12.9415340423584,22.72663096472704,0.024839,1.0,4.92931898247145,0.0053536273951392,0.4587229674141859,0.1085177465074626,0.066113,0.524779,-0.015577
101,2022,13.0297918319702,22.764770254825567,0.073009,1.0,6.416002865013345,0.0203653679050678,0.5222828850271185,0.1348032419557794,0.039832,0.508325,0.121347
101,2023,13.0643043518066,22.718793836125567,0.047045,1.0,5.12666530666163,0.01292185392377,0.5479301076186908,0.1254644487675338,0.070503,0.441602,-0.064503
101,2024,13.0024719238281,22.808260114181056,0.053356,1.0,4.612639687283276,0.005898654943595,0.545844809599681,0.1056755106205661,0.043916,0.455721,0.084431
65,2017,12.053915977478,22.730592207298585,0.097084,0.4,5.151309408956284,0.014823896365246,0.4619097920609818,0.1203759048232086,0.060297,0.574378,-0.008306
65,2018,12.1617269515991,22.86631693597382,0.042808,0.6,4.560013678194184,0.0090320313336523,0.48344908474145,0.1031192141637155,0.08191,0.563212,0.080251
65,2019,12.2750291824341,23.226288050566584,0.047614,0.5,5.098154378133734,0.0170783213084599,0.4810256930579651,0.1033495725888218,0.100949,0.590575,-0.000127
65,2020,12.5224924087524,23.362881552649423,0.041391,0.5,5.557324031762924,0.0190038239713858,0.5615444146957905,0.1284995880898048,0.102175,0.468559,-0.146442
65,2021,12.4654407501221,23.544185756628057,0.038958,0.5,5.611785628644526,0.0181904786531765,0.5367543338091387,0.1394575649133119,0.088186,0.49262,0.080695
65,2022,12.6679944992065,23.75468111317394,0.048071,0.5,5.857319122847182,0.0104611498457269,0.5482696997883139,0.1534183938082098,0.079124,0.408832,-0.001918
65,2023,12.6481046676636,23.841519580286278,0.044395,0.5,7.933742929500523,0.0342969162355118,0.5938167701414218,0.1145352391174959,0.061823,0.416686,0.185902
65,2024,12.6411066055298,23.95415907713073,0.040483,0.5,7.10444223593336,0.0087613084841686,0.5526595393175133,0.1178638963773208,0.074251,0.421162,0.02738
369,2018,10.2973108291626,22.27663983169636,0.042681,0.2222222222222222,7.103632361847964,0.0142936339928564,0.1165051780669612,0.1555904493893632,0.171755,0.20707,0.074285
369,2019,10.5668172836304,22.416482283639084,0.044006,0.4,6.992203844985228,0.0117163255873136,0.1758870066066362,0.1285497866643031,0.180327,0.228832,0.28901
369,2020,10.4361114501953,22.74007448756178,0.034692,0.5,5.723291327116791,0.0107392948270756,0.1380381473768494,0.0930513973475333,0.142107,0.34659,0.187706
369,2021,10.7502908706665,22.844267219762727,0.040934,0.4,5.375929008214986,0.0086042010502093,0.1570408449207483,0.121917558198627,0.134972,0.320847,-0.258663
369,2022,11.1269264221191,22.771895553150515,0.045202,0.25,8.578071627093777,0.0136433732246205,0.2158657263553326,0.1567664549544863,0.091331,0.296224,-0.097999
369,2023,11.1372537612915,22.720350010150437,0.047227,0.25,9.373620004440616,0.0109740496995039,0.2903232866482693,0.0935751520243293,0.065285,0.288598,-0.194
369,2024,11.0696382522583,22.64928483853652,0.068345,0.25,9.581246015263762,0.0103643841961701,0.3577999664286322,0.0628502067227737,0.038904,0.284432,0.07322
64,2018,9.98018169403076,21.1126558102915,0.07632,0.4615384615384615,7.589022749587099,0.0074774792824237,0.0,0.0678259026306427,0.065767,0.19862,3.364983
64,2019,9.70852184295654,21.22069119177212,0.066036,0.4285714285714286,8.188768379593677,0.008032412319132,0.0,0.024954797077039,0.067775,0.230205,3.127952
64,2020,9.68628025054932,21.32707043543388,0.063038,0.1428571428571429,8.816922458652433,0.009540490633218,0.0,0.0083158118423543,0.055466,0.26384,2.360093
64,2021,10.5003213882446,21.417844346151607,0.064339,0.1666666666666666,8.1659296349952,0.0029942295467561,0.0,0.0546609961017401,0.059115,0.294569,1.701139
64,2022,10.9668626785278,21.66878043731593,0.065486,0.2857142857142857,7.511301298461652,0.0024902417519407,0.0,0.0859922046237861,0.043704,0.416716,2.949388
64,2023,10.9211883544922,21.666614635970696,0.066845,0.25,6.375716553974758,0.0026592798086763,0.1226611020693456,-0.0906394556419956,0.033944,0.395397,1.069118
64,2024,11.1132230758667,21.77550479717736,0.061984,0.25,5.843693744187299,0.003869779283773,0.0,0.0347312744228455,0.022415,0.446363,0.953512
120,2018,10.3361911773682,20.78822582735333,0.065725,0.3636363636363636,4.233637353552688,0.0047465278148691,0.1954191674451932,-0.2177626229805303,0.1028,0.21718,0.00245
120,2019,10.5570755004883,20.86235672155179,0.061473,0.5714285714285714,5.209854135513181,0.0174142433527983,0.2659934437070071,0.3129306858028857,0.120316,0.198725,0.00419
120,2020,10.7070932388306,20.95757075634773,0.062271,0.6666666666666667,4.640394743442257,0.0032077487168134,0.2659792964694157,0.2257956773319096,0.100655,0.207201,0.08918
120,2021,10.8398675918579,21.083515800530357,0.070327,0.6,4.524268683660612,0.0019365952482493,0.3074565613595387,0.156777062868926,0.079104,0.261751,0.104941
120,2022,11.0057306289673,21.367912702339645,0.070579,0.6666666666666667,3.9363687493746338,0.0013195456482648,0.3194404605987838,0.1375984361689518,0.114264,0.341098,-0.015622
120,2023,11.0473070144653,21.651084184768703,0.057594,0.6666666666666667,3.652535689689095,0.003170360126824,0.3378178586912212,0.1706405676418076,0.105296,0.394815,0.000109
120,2024,11.3068914413452,21.654014160899447,0.061039,0.6666666666666667,4.07529227307908,0.0030128027190195,0.3711011338165112,0.1267786086696833,0.089763,0.369697,-0.105425
250,2019,11.8762912750244,24.08559029247024,0.040126,0.875,5.078966360460475,0.0046003316358992,0.4018036615655804,0.1442241049235218,0.101351,0.312825,0.159825
250,2020,11.9117975234985,24.2228720842789,0.037985,0.8888888888888888,4.21760141833095,0.0053746870153676,0.4469533615327296,0.1566026600725049,0.085792,0.34871,0.684844
250,2021,12.3016452789307,24.293965671855258,0.035673,0.8888888888888888,4.717988524781676,0.0054440503551016,0.5158498265006393,0.1208676124514242,0.0933,0.329994,0.359437
250,2022,12.3090209960937,24.38176404347483,0.03553,0.8571428571428572,4.6172067177994425,0.0029948590201102,0.4769664654602243,0.2823688091848513,0.129153,0.280036,0.077177
250,2023,12.0380096435547,24.46753654285528,0.037677,0.8571428571428572,6.102603491237144,0.0032085201911934,0.4458903531276146,0.188479377869911,0.077742,0.298091,0.301536
250,2024,11.9817209243774,24.51971101485685,0.034274,0.875,6.614824475299387,0.0036964031377426,0.4113020562965623,0.1590035097660456,0.081249,0.274368,0.12483
242,2019,11.4335041046143,21.027771295674498,0.064085,0.8,5.153590668566468,0.0140895589426112,0.0,0.1255094886471854,0.122292,0.10269,0.11542
242,2020,11.0563135147095,21.230411042797584,0.097222,1.0,5.86052388713046,0.0076891932966349,0.1220409267670762,0.0860911786157468,0.06331,0.228327,0.413601
242,2021,11.6013669967651,21.50953308037266,0.131421,1.0,4.879211207971483,0.0023830704247741,0.16064037962811,-0.0204085292599704,0.013587,0.215216,0.510314
242,2022,11.7216892242432,21.635625120667928,0.081942,1.0,4.5994931843298,0.001977516919704,0.1690925455072269,0.0411945117950384,0.077352,0.250996,0.551415
242,2023,11.7254409790039,21.753761784027255,0.0539,1.0,4.699871298094445,0.0032739828458799,0.1759858905834044,0.0953386586655264,0.100494,0.249419,0.14066
242,2024,11.5523319244385,22.099177386820195,0.039446,1.0,4.529437124384674,0.0008403911417709,0.1450879761258305,0.0685179569096763,0.11514,0.19917,0.038965
442,2019,9.07265472412109,20.636962895829548,0.031588,0.375,3.7049534617231954,0.0078921160759219,0.1021844921845198,0.0600872618553958,0.088559,0.135386,0.062921
442,2020,9.52117156982422,20.71182730366934,0.025169,0.75,3.513049863751659,0.0316584355290509,0.1209127809558189,0.062925083188727,0.087251,0.15372,-0.073439
442,2021,9.70794105529785,20.774418432927405,0.020448,0.75,3.608031319246249,0.0036254304995297,0.1454537481569566,-0.1281607302180467,0.043684,0.208249,0.117742
442,2022,9.99599361419678,20.95223469068829,0.016455,0.75,3.7417867760168178,0.0057451660769094,0.1642832155994524,-0.0035345855142279,0.099128,0.258585,0.108989
442,2023,10.3221759796143,20.853288390525258,0.036644,0.75,4.502805298678085,0.0039640515861765,0.225663810008949,0.0935009239961329,0.018603,0.223008,-0.268373
442,2024,10.2440614700317,20.868352336240733,0.032305,0.75,3.930746245525739,0.0031943275776724,0.2314173057689732,0.0926578863387666,0.011629,0.23412,0.036933
350,2019,9.7285852432251,22.10055612550913,0.0373,0.5714285714285714,4.080081255141135,0.0046806320412949,0.0829638392396999,0.0126265823241662,0.079879,0.258511,-0.13877
350,2020,9.81273651123047,22.14362010594373,0.052361,0.6666666666666667,5.134261573372153,0.0109462663551188,0.1540858488803954,0.0351893955915657,0.023015,0.266233,-0.066341
350,2021,10.0783023834229,22.273257396358435,0.031766,0.8,4.341532014235389,0.0064476333582126,0.1860284845799882,0.0467849593532792,0.039687,0.32842,-0.246126
350,2022,10.3019723892212,22.272396844788112,0.040679,0.8,5.131505949838807,0.010191154827277,0.0,0.1051378061692428,0.091053,0.230048,-0.406956
350,2023,10.3087816238403,22.29114384288684,0.059575,0.8,4.861000331947903,0.008729678859307,0.0,0.1566060784654546,0.078334,0.280627,-0.406411
350,2024,10.3659267425537,22.32026710856678,0.076938,1.0,4.848701443578583,0.0079262906448689,0.0,0.0603352374329709,0.043744,0.280529,-0.361849
344,2019,9.76663208007812,22.006676599891875,0.045339,0.5714285714285714,5.1122951808050034,0.0070454700302585,0.0874118228956234,0.0304119392545437,0.097568,0.232713,-0.005557
344,2020,9.8466272354126,22.19209578086845,0.061527,1.0,5.459833697093623,0.0265314187120164,0.0727592057362225,0.0688524282447173,0.101087,0.285516,0.013323
344,2021,9.72823810577393,22.46115293220272,0.055958,1.0,4.899507428142066,0.0171494203499899,0.1081659847860036,0.0342317056827329,0.097518,0.345184,0.091481
344,2022,9.53902912139893,22.80990687054859,0.05204,1.0,5.522475239065827,0.0155111093986283,0.0780190579267039,0.0600308064111577,0.074414,0.255991,-0.117566
344,2023,9.43323612213135,22.86000120772505,0.054398,1.0,6.1261927269902126,0.0187136535137735,0.1137788308044987,0.0743162781598508,0.083315,0.235539,-0.046855
344,2024,9.72213172912598,22.907801437914603,0.066705,0.8571428571428572,6.680322018481292,0.0148451626105246,0.1520952761805282,0.0636067547625154,0.040719,0.275384,0.115906
117,2019,12.586799621582,21.361278512717707,0.05903,0.6666666666666667,4.842741786055668,0.0314853579503891,0.2410245633193369,0.0680835716831456,0.083907,0.135167,0.01809
117,2020,12.4594659805298,21.419770433397723,0.079125,1.0,5.954866929416988,0.0404181749088376,0.260020062329715,0.1318823545894772,0.068775,0.13141,0.057478
117,2021,12.5946884155273,21.442568287764452,0.088957,1.0,5.064536069632843,0.0229276803642427,0.2861989243449696,0.0692602312787311,0.040524,0.129792,0.179078
117,2022,12.7218780517578,21.42123792493249,0.056241,1.0,4.6198446874085874,0.0184579197746329,0.2749301770238101,0.111630025923134,0.045323,0.089035,-0.054856
117,2023,12.3984746932983,21.473662461629868,0.046318,1.0,5.486967694312702,0.0152845899375362,0.2509684941377884,0.0544529490294896,0.032192,0.134875,-0.198428
117,2024,12.1281499862671,21.475736403044312,0.048226,1.0,6.817164976251358,0.0074667814266347,0.2443981753383114,0.0288278905133947,0.028627,0.137972,-0.277089
290,2019,8.91637516021729,20.92136432399325,0.082795,0.8,6.046902593587264,0.0324559449926767,0.0649505581488651,0.0642655436785083,0.101575,0.149057,0.109614
290,2020,9.06959533691406,20.991329841360105,0.06992,0.6666666666666667,8.722484189006302,0.0221733017847062,0.0661272692480111,0.0624770838754357,0.105116,0.122701,0.653548
290,2021,8.79226970672607,21.07608175684779,0.069769,0.6666666666666667,9.99434470541282,0.0356549343785283,0.0796635393260895,0.0525395580548951,0.106459,0.12773,0.485043
290,2022,8.8338098526001,21.157113827960316,0.087534,0.6666666666666667,11.692106097502734,0.0279455541756526,0.0862454091319558,0.0293940088432604,0.079252,0.181649,-0.382053
290,2023,9.03998947143555,21.05857468568716,0.136588,0.6666666666666667,15.0874337621584,0.064139032361421,0.0965674982102998,-0.0239974465548516,0.044557,0.107861,0.381488
290,2024,9.14311027526855,21.098044048324176,0.097944,0.6666666666666667,12.343484632163646,0.0465575442665479,0.089862230464895,0.123620337741707,0.060441,0.163645,1.070446
178,2020,10.0236492156982,20.93555479234941,0.03993,0.5,4.273753148974002,0.0039434647222063,0.2831764848249356,0.0328619817823686,0.036764,0.324163,0.0827
178,2021,10.399751663208,21.0488892751677,0.042087,1.0,4.346847186976309,0.0030410069161904,0.3898934137976361,0.0896459157051621,-0.030035,0.430142,0.324721
178,2022,10.8601961135864,21.19847859101249,0.05688,1.0,3.796978577828357,0.0023939926433715,0.348246009814928,0.0199121554006358,0.038448,0.473233,0.003766
178,2023,10.3686647415161,21.131463634249364,0.070539,1.0,4.396073467771536,0.0008810646444779,0.4273801077199162,0.1501536439855428,0.079113,0.367524,-0.123176
178,2024,10.2033386230469,21.269562229583908,0.060123,1.0,4.742778795183873,0.003292913040448,0.3814999738088078,0.0553852546450273,0.066777,0.396924,-0.004429
215,2020,11.8834295272827,21.05737809065446,0.045581,0.5,3.429499874947154,0.0166075906691599,0.0,0.0932193251036667,0.062564,0.263717,-0.060894
215,2021,11.595178604126,21.14918804012692,0.039512,0.5,2.7410735924560785,0.0109894787374943,0.1268422104282126,-0.0645615328123865,0.054001,0.302067,-0.156427
215,2022,12.0800924301147,21.16883270802074,0.02836,0.3333333333333333,4.685356794860979,0.0044283914266252,0.1282327264365248,0.0776347612096753,0.067842,0.271394,-0.082687
215,2023,11.9005336761475,21.31687618678431,0.029669,0.5,3.828937712118657,0.0060900244095615,0.1564619724929972,0.1051812360589805,0.092014,0.249798,-0.579281
215,2024,11.9136390686035,21.420759857672813,0.033525,0.6666666666666667,4.1675193308750815,0.0070086156679299,0.1755114671932601,-0.0272199351887736,0.059247,0.292319,0.486327
408,2020,11.989296913147,21.67766680583108,0.032757,0.625,6.062598786125271,0.0149008883652943,0.0,-0.0327971121075704,0.012004,0.417634,-0.054895
408,2021,12.2734069824219,21.57958937439338,0.04204,0.8,8.854394729655125,0.0094716651787658,0.4372082950442553,0.0200884063323064,-0.150733,0.529158,0.102998
408,2022,12.3201503753662,21.45163050207093,0.069635,0.8,7.275275206564056,0.0158830537436078,0.4988403589450573,0.0319947511768403,-0.108049,0.547054,0.107214
408,2023,11.825662612915,21.644022102268305,0.050273,0.8,6.358530230782347,0.0065150478030217,0.4387362092313444,-0.0327999233344779,-0.050061,0.671101,0.378538
408,2024,12.4743881225586,21.512049189905685,0.038919,0.8,6.68251294222537,0.0046595645738051,0.5035527004435315,0.0461731862067756,-0.037941,0.661979,0.221486
3,2020,10.587272644043,22.15774880295904,0.033051,0.7142857142857143,4.869933158759988,0.0040078191391891,0.1262171905152699,0.1528677576329047,0.07839,0.47202,-0.045377
3,2021,11.2664804458618,22.344448470476888,0.030406,0.8333333333333334,4.844150782116998,0.0043701880716516,0.1874290816891679,0.070573436446586,0.067859,0.505869,0.160843
3,2022,11.5155220031738,22.677042829534024,0.03768,0.875,5.472412308471919,0.0046640592291494,0.1811917543345852,0.0895481951194254,0.062749,0.344646,-0.043195
3,2023,11.5725164413452,22.85216143266726,0.041733,0.875,5.960507794425085,0.0051470337311936,0.1734781919526773,0.0735857514781938,0.05239,0.421678,0.034907
3,2024,11.7832803726196,22.91748617639681,0.044954,0.875,5.48038505961786,0.0060845665918603,0.2107071035320177,0.0553851784981559,0.052403,0.441626,0.184429
219,2020,13.4544696807861,21.08617394973496,0.054328,0.4,5.462328945385116,0.0047768109630197,0.0,0.0780843493464682,0.068929,0.215732,-0.263602
219,2021,13.2642774581909,21.017840691494143,0.061352,0.5,5.083449172407958,0.0067648727266052,0.0,0.1201501974240991,0.061347,0.166776,-0.13585
219,2022,13.8934011459351,20.9922756134724,0.063054,0.5,5.4423429871897335,0.0077760384007499,0.6138010183011795,0.1528267716347053,0.030483,0.196445,-0.040829
219,2023,13.756233215332,20.90821246346131,0.058702,0.5,6.640496926899493,0.0031922153150451,0.6021017612588755,0.1120721131571183,-0.013783,0.184884,-0.12354
219,2024,13.6130447387695,20.8285531077589,0.046929,0.5,5.796038105755496,0.0031698788640569,0.5785858230921644,0.12281621134097,0.060731,0.125619,-0.148377
364,2020,10.7340831756592,21.118764199835223,0.05664,0.6666666666666667,3.9553465961149215,0.0110507061111014,0.0808954454676331,0.061063195421557,0.074865,0.185176,-0.098095
364,2021,10.6356496810913,21.352112701952915,0.052368,0.6,3.309311782249261,0.008387320821095,0.0641027301049312,-0.1223419794367574,0.080454,0.301931,0.091497
364,2022,10.7113809585571,21.33884671053201,0.055612,0.75,3.1858657355035644,0.0084925842920892,0.0653783948095707,0.2093006096511761,0.140901,0.177975,-0.255714
364,2023,10.637113571167,21.399076142281697,0.064701,1.0,4.379359316745039,0.0068347579847263,0.0733631711304009,0.233627419073993,0.090656,0.18529,0.019682
364,2024,11.053882598877,21.631324098867363,0.057773,1.0,4.4186246958857085,0.0020800204309354,0.1259634889905359,0.0593434389227921,0.071325,0.352542,-0.375719
62,2020,11.5109710693359,20.553677110861887,0.068263,0.6666666666666667,3.5919769906700822,0.0204148629942727,0.2284358758437046,0.1014991968040227,0.102756,0.114525,0.139258
62,2021,11.5542812347412,20.945327344222058,0.069649,0.8,3.4469530118903133,0.0251102756130413,0.3127269567158466,0.0687626198390865,0.110836,0.291819,-0.041012
62,2022,12.6259117126465,21.062105896781787,0.112544,0.8,5.912009562296039,0.0070801840371844,0.4326555626609558,0.0795746597902889,0.02438,0.385962,0.215484
62,2023,12.8061923980713,21.04833282931663,0.106278,0.8,7.555590079869486,0.0119582951189943,0.5282956249341992,0.0405119202398316,-0.012477,0.403606,0.05753
62,2024,12.8315191268921,20.973738374783657,0.098998,0.8,6.458330754953289,0.0094032572194192,0.0,0.0326059913894583,0.025433,0.494981,0.019911
431,2020,10.4869194030762,21.077097824680084,0.021902,0.375,3.913678678493585,0.0066649523673381,0.0,0.0963285439915968,0.121908,0.273291,-0.075244
431,2021,10.5610160827637,21.24474651374699,0.023894,0.5,4.471813604478102,0.0074493702134621,0.0,0.0047335540095385,0.12472,0.27002,0.087038
431,2022,10.6001586914062,21.31107476452294,0.028185,0.6,5.823586375870624,0.0047712247029113,0.0920337754092162,0.2145629425518982,0.094779,0.222652,-0.002675
431,2023,10.3310127258301,21.51438426582514,0.021174,0.5,6.440160914579875,0.0017330804448937,0.1645688389611437,0.160753117987275,0.094296,0.282242,0.013082
431,2024,10.3417510986328,21.64102517691159,0.022009,0.5,6.146011501264944,0.0033649170663451,0.2312237153858563,0.0852463897671164,0.081198,0.300153,-0.150179
341,2021,13.2963724136353,21.15607030868764,0.038084,0.3333333333333333,13.914943226905436,0.0196944219959808,0.0,0.0550695655203373,0.078917,0.267372,-0.273696
341,2022,13.2429990768433,21.29955957494502,0.03521,0.2857142857142857,13.779333757354342,0.0153503020544704,0.0,0.0645799783580881,0.083541,0.294349,-0.162017
341,2023,13.7771024703979,22.7048141998323,0.036709,0.2857142857142857,10.511402060979536,0.0152012774043747,0.2424701375502514,0.0749464741852643,0.078453,0.184975,-0.363386
341,2024,13.7282743453979,22.750186752747805,0.038829,0.3333333333333333,10.94651247901894,0.0211666436229385,0.2653591334022042,0.0713329843983186,0.080796,0.158899,0.147423
143,2021,11.1793050765991,21.432999365125514,0.057963,0.5454545454545454,6.562042560947637,0.0212980680085092,0.1026989041921932,0.044356024697295,0.028926,0.324055,0.284665
143,2022,10.8441610336304,21.517943226287738,0.04808,0.5714285714285714,5.874145840384195,0.0234266866401565,0.1053364600164582,-0.0883383875470342,0.07481,0.31679,-0.122276
143,2023,10.8885107040405,21.428035864780288,0.060485,0.5714285714285714,7.658542168945422,0.0296017655016739,0.1562473780166095,0.0800743802301889,0.034723,0.258962,0.38467
143,2024,10.8357601165771,21.412423967490103,0.0801,0.6666666666666667,9.461091375661514,0.0264145080861909,0.2070126650712449,0.112286584211042,0.010717,0.271772,0.644125
430,2015,10.9576215744019,20.686778190636307,0.267211,0.75,4.504445815026172,0.0266823723685707,0.1972046739865803,0.1812241123200538,0.020761,0.622567,-0.093682
430,2016,11.2613496780396,20.02023362612177,0.324883,0.5,4.9675370213696,0.0042811961372957,0.0,0.0748286666534886,-0.042616,0.271834,-1.005404
430,2017,10.9425678253174,19.555012422166143,0.997299,0.6666666666666667,23.48053810460432,0.0074298462021633,0.0,-0.1061857713322071,-0.601266,0.441759,-0.171889
430,2018,11.6311082839966,19.205526107402694,1.236301,1.0,14.593936846125631,0.0140633619515688,0.693600202106181,-0.1204810526153962,-0.105867,0.314092,0.352139
430,2019,11.5966548919678,19.02512382633273,3.27906,1.0,1.4254696528220734,0.0,0.6853805992687608,-0.0165892265275298,-0.214306,0.392794,-0.29416
78,2015,7.7377552986145,20.598321409178496,0.069179,1.0,3.078718623052381,0.0107491222131465,0.0705570102873144,0.0509143293671116,0.027519,0.043779,-0.194843
78,2016,8.73686218261719,20.644796719168124,0.055958,1.0,2.8293342549886127,0.0093973596527314,0.0,0.0229711214384565,0.048066,0.050232,0.265687
78,2017,9.25824546813965,20.67375923509378,0.045761,1.0,2.83277479676534,0.0053854567746886,0.0,0.0253924722002482,0.059041,0.045317,-0.141149
78,2018,9.08933544158936,20.72202427370565,0.02398,1.0,2.222438901477432,0.0077463361145232,0.0,0.060725939429632,0.064577,0.043834,-0.030064
78,2019,8.61945915222168,20.80537138039049,0.019414,1.0,2.2632196267607854,0.0099520329799135,0.0,-0.0993323535200717,0.066188,0.074606,0.0209
78,2020,8.25982189178467,20.8880457737691,0.014168,1.0,2.087266835693544,0.0043863590513801,0.0,0.0161938079013818,0.059919,0.09805,0.339943
78,2021,7.88574981689453,20.952456780794776,0.015376,1.0,1.857430131840416,0.0039485175801177,0.0,0.0500612661267404,0.054748,0.110209,0.176006
78,2022,8.05687236785889,21.02699592807496,0.0198,1.0,2.558143507070656,0.003976345283711,0.0,0.1004490086533605,0.045859,0.12823,0.010781
78,2023,10.2367868423462,21.040366696575948,0.056543,1.0,1.6428215496087255,0.0010051636604876,0.0,-0.0622176416127574,-0.033886,0.17955,-0.835423
78,2024,11.1743516921997,20.902552985393115,0.071177,1.0,2.998076024808012,0.0034149101216669,0.0,-0.0191708158639566,-0.091313,0.144623,0.397258
249,2015,12.0206813812256,20.539861225480426,0.191524,0.4,7.463312483233331,0.029465730018464,0.2178962471056125,0.0341571801995159,0.034521,0.052124,-0.129859
249,2016,11.910662651062,20.773349510409965,0.176249,0.6666666666666667,3.7849962452301065,0.0096568455526595,0.165524314331194,0.0582576780982752,0.036661,0.246627,-0.018779
249,2017,11.7846345901489,20.748658632722048,0.129644,0.625,3.999684759265589,0.0109381243303558,0.1531809060987335,0.0731203728261501,0.052049,0.182671,-0.747701
249,2018,11.6245250701904,20.77242716819625,0.070867,0.625,1.869928640976458,0.0025339866509369,0.1364328994666983,-0.0052774846173951,0.081657,0.147265,0.670007
249,2019,11.5289640426636,20.50853451069204,0.126527,0.625,5.01567233404315,0.0,0.1607255751188084,0.0197967279874541,-0.274502,0.241351,-1.123727
249,2020,11.3359546661377,20.46095935432652,0.078763,0.5714285714285714,3.303045361205073,0.0049910967365226,0.1506035119364077,0.0860488992669663,0.039135,0.161354,1.688455
249,2021,11.2054080963135,20.825233655012795,0.099601,0.4,4.454580653447827,0.011425661227788,0.0997590073076667,0.0226025215463983,0.03862,0.068964,-0.365946
249,2022,11.078164100647,20.86046855161196,0.09094,0.4,5.877549873203083,0.0138842103621891,0.0957976839298569,0.0123387340486585,0.016356,0.077855,-0.114936
249,2023,11.24782371521,20.91827196066089,0.09515,0.4,5.425228024059953,0.0044917029361314,0.1100257000050041,0.0587572984593196,0.025085,0.088264,-0.09522
249,2024,11.8152475357056,20.93465983598858,0.083676,0.4,6.828189630787467,0.0078150956734825,0.1147373985345772,0.0679291451313212,0.017585,0.09797,0.15299
241,2015,10.404239654541,21.127502278319312,0.138134,0.4285714285714286,5.82287092495126,0.012598221443375,0.2436037248738581,0.0859963711695146,0.03918,0.1624,1.656474
241,2016,9.28677558898926,21.652492250347983,0.13641,0.5555555555555556,4.702693542816226,0.0110331896808065,0.1654773836512362,0.0560384829022919,0.033354,0.225691,1.117185
241,2017,9.75224494934082,21.736356112233903,0.150718,0.4285714285714286,3.867808231851557,0.0288678836093175,0.1770274751979739,0.0512555040707524,0.04372,0.249985,0.677402
241,2018,9.32520484924316,22.134267686499687,0.125568,0.4285714285714286,6.853786618596498,0.0201702660195628,0.2161554911370283,0.0537477066930694,0.023133,0.218452,0.623525
241,2019,8.9596529006958,22.09625805517819,0.136618,0.4285714285714286,32.63531064797747,0.0323152152186053,0.3408124022921412,0.0211399585790948,-0.059216,0.258587,0.878439
241,2020,9.36500263214111,22.092731010000453,0.133864,0.5555555555555556,23.188662862224103,0.0454332593555087,0.2811102080837439,0.0090826326695545,0.027519,0.228919,0.561032
241,2021,9.17678546905518,22.085194651588356,0.138641,0.5,17.025421013136743,0.0399374050958376,0.3170742877972308,0.0388468219198573,0.010912,0.212793,-0.077492
241,2022,9.54495906829834,21.87213073271185,0.251461,0.5714285714285714,22.151736690634092,0.0368048569362235,0.3223987771932404,-0.0062219949956431,-0.181385,0.209554,-0.177176
241,2023,9.83671569824219,21.736502514756967,0.19209,0.5714285714285714,46.50279277303242,0.0525715875509885,0.379061885834771,0.0483448753868738,-0.154399,0.248991,-0.450867
398,2015,9.52043533325195,21.228443677157504,0.190455,0.6666666666666667,11.927184011847748,0.0571271586981463,0.1519623830130309,0.0336003815886042,0.021851,0.183346,0.384416
398,2016,8.14105319976807,21.31587639180465,0.10897,0.3333333333333333,6.319264689641919,0.0337048604709272,0.143540518054645,0.086849639317465,0.061265,0.206218,0.509496
398,2017,8.06649494171143,21.517436620470964,0.12177,0.3333333333333333,6.462762940074573,0.0438242845867274,0.1241011891664626,0.0624443635593363,0.070855,0.22619,0.769032
398,2018,10.1269226074219,21.497147297238037,0.073994,0.3333333333333333,8.95038940353987,0.0472700878571577,0.1414826859386039,0.0497230927174192,0.063335,0.215061,0.200677
398,2019,9.80941486358643,21.51522227996541,0.097918,0.3333333333333333,9.897180054163307,0.0386936869685042,0.154033043766878,-0.0181429607654497,0.045747,0.189116,0.521127
398,2020,10.9049520492554,21.79438069748396,0.108178,0.0,10.071304004082084,0.0242155274666233,0.1464865695108101,0.0550610379958054,0.019308,0.439565,0.986113
398,2021,10.5132169723511,21.77219742608616,0.105326,0.7142857142857143,13.58577655698054,0.0293123491515025,0.171530459412034,-0.0135741611710719,0.017249,0.32814,0.762017
398,2022,10.2378759384155,21.68016524381287,0.165758,0.75,10.4803988336343,0.0149574880833464,0.1752574924067484,0.0043645017860039,-0.308426,0.255815,-0.554704
398,2023,13.2522382736206,21.564908439160043,0.100943,0.75,8.71803794036018,0.0274483598813531,0.2640930643081131,0.0519084516183497,-0.050012,0.267676,0.555857
398,2024,12.9454727172852,21.615752682704706,0.171854,0.75,22.506048235885302,0.0201769820901427,0.20783326518396,0.0384911143433358,0.00337,0.300224,0.359415
267,2017,10.6540069580078,21.81515313691303,0.250331,0.8,19.780952528695646,0.0298025800161411,0.1528968496341237,-0.0377833057255305,-0.164069,0.145377,-0.136412
267,2019,11.6698760986328,21.42325456724668,0.25903,0.5714285714285714,40.06027545138881,0.1003269790499603,0.2626251260400957,-0.0349499446888665,0.02131,0.459972,0.361039
360,2015,9.95862007141113,22.13875123608165,0.339823,0.6666666666666667,24.54525427159072,0.0925720458507655,0.2138238852374757,0.0320052509067017,0.055729,0.204139,1.414017
360,2016,9.90912818908691,22.12389781836069,0.243244,0.5714285714285714,19.171719099082893,0.0566600952693207,0.2255919614959684,0.0554401229395417,0.059675,0.125648,0.251025
360,2017,10.0831003189087,22.16764328088809,0.247977,0.5714285714285714,17.940892084920883,0.0460928696169871,0.2157186193477037,0.0807276986453705,0.010599,0.171848,0.120493
360,2018,9.54461479187012,22.2533138552087,0.118325,0.6,13.302026056753116,0.0310011806967719,0.0,-0.0307892977338018,0.018192,0.200906,0.973121
360,2019,9.46375751495361,22.2084285990819,0.188318,0.8,17.207622251888004,0.0258018515640142,0.2122864708650256,0.1658259806666784,0.015715,0.129133,0.192632
360,2020,9.03849697113037,22.240854821366103,0.196015,0.75,13.583935349587072,0.0469623061637511,0.0,0.0514166182052226,0.021021,0.134205,0.31184
360,2021,9.59024238586426,22.2427685346726,0.190688,0.75,15.251083951894378,0.0325631617767803,0.0,0.0321414129961109,0.023574,0.117117,0.321872
360,2022,9.73252487182617,22.295606583840584,0.187532,0.75,15.240146327172848,0.0269576502619605,0.1492564984927755,0.0463176810129296,0.027949,0.117715,0.912387
360,2023,9.7575855255127,22.23368872603929,0.301289,0.6666666666666667,21.502240273455627,0.0328622589197533,0.0,0.0443395217185551,0.00155,0.069525,0.171194
360,2024,9.79253387451172,22.253561995747305,0.288093,0.3333333333333333,20.175526781057798,0.0194269290071218,0.0,0.0270000834928335,0.005301,0.083712,0.833233
13,2015,12.0546617507935,22.30016740841908,0.034969,0.3333333333333333,1.109996213885913,0.0068935382336447,0.4305362079600694,0.0816333678593315,0.0497,0.259656,-0.352706
13,2016,11.3758306503296,22.702181579788267,0.023082,0.4,0.5515919891329796,0.0035804863287079,0.3486412072343347,0.0359677309877417,0.048981,0.47879,0.870437
13,2017,11.8232564926147,22.73661446726188,0.022575,0.2857142857142857,0.6581456667575982,0.0038463381192813,0.4225525367257348,0.0793243754719852,0.073177,0.413153,0.014594
13,2018,11.9200744628906,22.95591815107285,0.020378,0.4444444444444444,1.0160219116333664,0.0024983414190536,0.3990025190817851,0.0808047777431569,0.077836,0.474267,-0.098152
13,2019,12.012414932251,22.922557299439784,0.034666,0.4444444444444444,3.470414183762539,0.0031083405477188,0.4996544511101418,0.1644076987185978,0.095312,0.293548,-0.025337
13,2020,12.2442626953125,23.01478744220268,0.028618,0.5,3.912122716310447,0.0090091042762701,0.481380676524504,0.1631859608750928,0.085988,0.276816,-0.014367
13,2021,12.0708160400391,23.17105208811795,0.028031,0.5,4.574257000387996,0.0122535195329375,0.5059423931611768,0.0989363636161829,0.080685,0.298583,0.059322
13,2022,12.3883180618286,23.293188678225075,0.031918,0.5,5.145974881703232,0.0111964847569394,0.5181766288377138,0.1005589074457196,0.054528,0.330397,-0.079177
13,2023,12.2879667282104,23.382884652184654,0.025177,0.5,4.554636050017042,0.0078497893485285,0.493947204240966,0.0397458167644279,0.02069,0.384249,-0.1124
13,2024,12.2206726074219,23.5101424137635,0.023879,0.5,4.612209392585062,0.0057878524285195,0.4441385719960452,-0.0004768304179541,0.0226,0.45424,-0.19806
366,2015,13.1893901824951,21.935386345759536,0.205869,1.0,8.883976062165287,0.0241736988738245,0.4436946717870794,-0.0455788708594787,-0.026844,0.27038,0.057905
366,2016,13.2024869918823,21.91637986712975,0.108205,1.0,4.266491685729972,0.0337196893691206,0.4476785290082928,-0.0217456120508466,0.014673,0.241706,-0.197161
366,2017,13.1273851394653,22.388690065824047,0.148298,1.0,6.427085308877732,0.0668398982178829,0.3127522820198097,0.0846695268932801,0.039819,0.487162,-0.13045
366,2018,13.0816946029663,22.5766107037349,0.141541,1.0,8.29355734865435,0.1643573300675244,0.5263491032469039,0.0366089575363542,0.028206,0.547458,-0.177943
366,2019,13.7230501174927,22.654628669395457,0.169903,1.0,10.725625304339705,0.124766693138259,0.5492329160466273,0.0389596396519352,-0.040587,0.622899,0.457084
366,2020,13.8225431442261,22.550015594879508,0.097438,1.0,6.905689196975645,0.0507742088741098,0.5869948409847234,0.0199256020441569,-0.039861,0.621262,0.223763
366,2021,13.7253274917603,22.527249947404545,0.081837,1.0,6.442622093441192,0.056214564515586,0.0,0.090884305717496,0.030611,0.573814,-0.167346
366,2022,13.6661605834961,22.67135257611705,0.089013,1.0,8.422885271280721,0.0547720429594043,0.0,0.0675410004976913,-0.007307,0.417599,0.230507
366,2023,13.6220808029175,22.61148751349323,0.051888,1.0,5.804171119679654,0.0246971149569809,0.4844890242138778,0.0409571704571028,0.004774,0.369542,-0.192779
366,2024,13.5075941085815,22.62676677555616,0.069491,1.0,7.117161642624367,0.0154152609458633,0.4877773814410698,0.0813619335265923,0.014321,0.386488,-0.087786
407,2015,10.1856307983398,21.316669409297123,0.129172,0.5714285714285714,6.354628238846047,0.0033805538677925,0.2860744998856225,0.097763225294611,0.063564,0.252276,0.136704
407,2016,10.1729249954224,21.383061968350493,0.133328,0.5714285714285714,5.733556928434645,0.0050559223049488,0.277970222219818,0.121004022586803,0.063514,0.253699,0.395512
407,2017,10.1205272674561,21.516911977400465,0.149657,0.5,5.879404809208762,0.0065146416733538,0.2400669801945427,0.0671135927878877,0.067971,0.291225,0.074168
407,2018,10.2248992919922,21.44747872839249,0.101782,0.3333333333333333,5.282304491510889,0.0022240213865344,0.2593986672110353,0.0423187512366075,0.085923,0.267877,0.153531
407,2019,10.238187789917,21.63477446240253,0.102415,0.3333333333333333,4.78979838034835,0.0067785239890971,0.2157222994366336,0.1302529604296411,0.088236,0.330304,0.029051
407,2020,10.2355279922485,21.799316613117806,0.093726,0.3333333333333333,5.702573747384168,0.0120899280704128,0.211081911133325,0.0736100403276368,0.092631,0.326786,-0.151651
407,2021,10.3672637939453,21.916938920149168,0.093244,0.25,6.678718176328129,0.0133793093673108,0.2519135800758492,-0.0046784689472833,0.095879,0.333051,-0.218902
407,2022,10.3946943283081,22.01892032087201,0.102993,0.2857142857142857,8.801336275741908,0.0107104487366694,0.3046247085987615,0.013549853599203,0.053758,0.359161,-0.119485
407,2023,10.5667037963867,22.103268126672216,0.117845,0.2857142857142857,10.343405755265408,0.0121341900523349,0.31583017635588,0.0327405708391103,0.024873,0.389709,0.279034
318,2015,11.377420425415,22.349353600408342,0.117028,0.5,6.73229238289322,0.0045724296941498,0.4323869081218465,0.1730078401235584,0.08934,0.339113,0.204434
318,2016,11.4040937423706,22.825271164157964,0.131059,0.5714285714285714,7.900700596567399,0.0078943143278614,0.3899705439216924,0.1331127651943613,0.085531,0.487858,0.331656
318,2017,11.7607793807983,23.034165479071508,0.124433,0.7142857142857143,7.461357353377018,0.0090126752021435,0.4110677663191689,0.027534092806629,0.058454,0.538428,0.096967
318,2018,11.639965057373,23.006819135781384,0.056805,0.8333333333333334,8.875018022321083,0.0095816799173786,0.4138341341273385,0.0786786405826053,0.000901,0.535549,0.088612
318,2019,11.7192878723145,22.98987994291666,0.062702,0.5714285714285714,9.698655476087945,0.0085039926568422,0.4152006660249877,0.0853353953524811,0.01229,0.536182,0.109743
318,2020,11.627836227417,23.33479495164747,0.069767,0.5,9.003028977305833,0.0141364119286471,0.3477013828551909,0.06331130859771,0.0443,0.487877,0.114083
318,2021,11.704381942749,23.555234274765372,0.074446,0.4285714285714286,9.765172774008276,0.0118617724447753,0.358137260060803,-0.0254079774133088,-0.039186,0.655025,0.293792
318,2022,11.8311443328857,23.590069913862006,0.052944,0.4285714285714286,7.995760664726742,0.0100389807893208,0.3740736270836735,0.0532965303107961,0.003897,0.664016,0.064868
318,2023,11.9107942581177,23.6449665441033,0.058896,0.4285714285714286,9.016483275457654,0.008712297848218,0.4069727699927872,0.1199849126639602,0.008139,0.669872,0.013101
318,2024,11.8492994308472,23.727383452655253,0.050509,0.4285714285714286,7.229641229915345,0.006010939316953,0.4192434876581085,0.1119946873205598,0.041661,0.587229,0.097866
103,2018,11.2663764953613,21.776740087872252,0.057811,0.6666666666666667,3.247478489189467,0.0058499424674322,0.2771208716328795,0.0374408632330513,0.047613,0.30317,0.034843
103,2019,11.4013042449951,22.023144836335195,0.061773,0.75,3.407200138293899,0.0065495517252404,0.312623830838273,0.0348127882060989,0.035553,0.311074,-0.063097
103,2020,11.6917734146118,22.134623682463022,0.045278,0.7142857142857143,2.6731917078167653,0.015610056636229,0.2882416515503928,-0.0138755312364333,0.019963,0.374493,-0.246451
103,2021,11.6545181274414,22.132081747349705,0.045446,0.6666666666666667,2.727465296406598,0.0057256965341575,0.2774063936477166,0.0385885192377283,0.012233,0.365769,-0.194113
103,2022,11.7586002349854,22.213699802628906,0.055109,0.6666666666666667,3.2796918000779933,0.0023437713096154,0.2443733374157595,-0.0089720524068231,0.009413,0.405478,-0.36417
103,2023,11.7110013961792,22.270240139713856,0.050109,0.75,2.3835396482889557,0.0013456614896395,0.2066796054602814,-0.015202600988352,-0.06187,0.370667,-0.021953
103,2024,11.8617544174194,22.23316772291629,0.046067,0.75,2.427911957053124,0.0013015554786707,0.1951571430008169,0.0202219408523928,0.00474,0.340364,-0.372619
218,2015,11.1193876266479,21.921603385119056,0.05561,0.75,2.024264464222949,0.004145667437538,0.2071249973967232,0.1010411649164368,0.010355,0.307491,-0.105264
218,2016,11.0417575836182,21.98054128400177,0.067567,0.75,2.8076643027455224,0.0030449169525995,0.1828713998122442,0.0028307054360869,0.015201,0.415655,0.182887
218,2017,10.988881111145,22.08923297986497,0.059062,0.8,2.0768694503415555,0.0014290532837234,0.2057016697395194,0.0048050275598612,0.020028,0.449545,0.257458
218,2018,11.2202405929565,21.82828131890281,0.054816,0.6666666666666667,2.0813008964040165,0.0026174122316971,0.2020854829601186,-0.0837455212201355,-0.290622,0.582899,-0.09213
218,2019,10.7037105560303,21.657902878809125,0.062006,0.4,2.7885199047145464,0.0032154339635682,0.0,0.0539213328181786,0.004203,0.501933,0.076771
218,2020,10.8515272140503,21.5790286008095,0.081159,0.5,3.3399268256328303,0.0029292676445044,0.1804333941282638,0.0857069525825379,0.011418,0.457587,0.183951
218,2021,10.9292144775391,21.40745307392372,0.12027,0.3333333333333333,5.095100327413663,0.0019848602078849,0.2058858599076054,0.027254511879781,-0.17402,0.529469,0.27891
218,2022,11.3800630569458,21.770345178487982,0.124817,0.3333333333333333,5.25217042868823,0.0049495395001076,0.3029395290066831,0.0741456619310384,-0.072751,0.634436,0.087456
218,2023,11.7544775009155,22.09217527027814,0.127182,0.8333333333333334,4.592693030515414,0.0040178677645546,0.3199862743182415,-0.0461391940686655,-0.055791,0.584722,0.614353
218,2024,11.9532861709595,21.89238695703157,0.173625,0.8333333333333334,4.206953035847634,0.0013947747377683,0.2815768674587059,-0.1005610918709927,-0.10617,0.721608,0.244638
76,2015,11.5165357589722,22.193273484484195,0.150882,0.1999999999999999,7.147656120087598,0.0118470803172787,0.3908579353914954,0.0324191761195853,0.022494,0.413341,0.005831
76,2016,11.4946565628052,22.77645713859048,0.122518,0.3333333333333333,6.881072895855834,0.0524166661696917,0.238310798261481,0.0434196284724241,0.01652,0.246138,0.294497
76,2017,11.7782487869263,22.67963606572133,0.195857,0.4,10.187748243977,0.0135440266904089,0.2652879995263817,0.0150138857731421,-0.074088,0.243965,0.181399
76,2018,11.7408866882324,22.61959770448739,0.099198,0.4,9.816108817934568,0.1079483072294466,0.2459473557140223,0.0073978120856248,-0.000344,0.197231,0.141301
76,2019,11.6811323165894,22.54871915256273,0.069156,0.4,9.189912014499296,0.0157671313488757,0.2724748305316894,0.0940218375679816,-0.057243,0.1955,-0.084305
76,2020,11.7973937988281,22.5402307296386,0.075302,0.4,10.52843999343495,0.0183170441569919,0.2827257765938515,0.0256106185811014,0.009672,0.169421,0.014569
76,2021,11.635871887207,22.558042128453927,0.0799,0.5,10.746691876889834,0.0123229587627261,0.3031637760012106,0.004369290345335,-0.041709,0.236503,-0.089955
76,2022,11.6469650268555,22.59885475949738,0.082134,0.5,10.245237419482272,0.0129009929460498,0.3596710624910662,0.026336326919769,0.016273,0.275842,-0.351165
76,2023,11.8133392333984,22.594925510337937,0.091667,0.6,10.816494764500014,0.0152805383788238,0.4233918451176123,0.0122290046657728,-0.026776,0.29128,0.145867
76,2024,11.9049787521362,22.503810418020016,0.139339,0.6,11.340167347838245,0.0136992614582493,0.4594953872817142,0.0185703428881108,-0.073724,0.29737,0.009397
365,2015,9.90971851348877,21.061716488599053,0.224426,0.4444444444444444,12.737414191967511,0.0136969078535152,0.2011336296200711,-0.0350393613741393,0.025129,0.173057,0.481753
365,2016,10.595817565918,21.112551098057317,0.22826,0.375,13.042064901404304,0.0137735878399843,0.0,0.0277353490008582,0.014711,0.207192,0.37839
365,2017,10.9666452407837,21.137076142601284,0.197882,0.375,11.43024134621038,0.0491251228425016,0.0,-0.0131889084469572,0.009186,0.225057,0.357677
365,2018,10.8347587585449,21.180884523943945,0.062143,0.4444444444444444,9.45075049200103,0.0301500639853716,0.1621613905517387,-0.020641437578044,0.018302,0.243859,1.034724
365,2019,10.5838708877563,21.19831205407368,0.066842,0.4444444444444444,9.916057036221508,0.0401378927638445,0.137384339813677,0.0834876528503934,0.045789,0.216099,0.60388
365,2020,10.5076303482056,21.26586600909674,0.060611,0.4444444444444444,9.230409702340474,0.0265155475100249,0.0,-0.0051057142460996,0.062859,0.216708,0.704094
365,2021,10.6897230148315,21.2818274900998,0.070545,0.5,10.235732425993058,0.022084909833333,0.0,0.0189560653824158,0.016116,0.17371,-0.132764
365,2022,10.706428527832,21.190295392271636,0.116578,0.5,13.600785656764003,0.0294132686377942,0.1129820448722455,0.1272968337359652,-0.031748,0.13874,0.128571
365,2023,10.6458797454834,21.139884048662744,0.118748,0.5555555555555556,12.0455808784736,0.0253627900893259,0.0,0.0546203773658506,-0.029243,0.123593,0.080346
365,2024,10.1759958267212,21.08426718521753,0.215959,0.5555555555555556,17.590333771434434,0.0216538408348794,0.0,0.015416360543678,-0.036823,0.110243,-0.072759
87,2015,11.282280921936,20.936152208082973,0.181718,1.0,6.801990250333308,0.0131518756944527,0.2074088074676566,0.0382698529094996,0.01461,0.120751,0.413635
87,2016,11.1416130065918,21.12845800843076,0.1424,1.0,6.058808278765577,0.0082401200293743,0.1558367861956673,0.0659312002503376,0.02035,0.238085,0.036665
87,2017,10.8227386474609,21.02774064349237,0.128238,1.0,5.367470060161448,0.0073482521330005,0.1512910452093601,0.0008239796635963,0.01598,0.175604,0.061052
87,2018,11.1899948120117,21.034414070011028,0.091163,1.0,5.410782096678323,0.0090072570912591,0.0,0.037319810726027,-0.027424,0.226024,0.158927
87,2019,11.1620969772339,21.056403644747917,0.067169,1.0,4.590564368109694,0.0,0.0,0.0287461434479995,0.032913,0.324715,0.097861
87,2020,11.1197175979614,20.87141427323631,0.092877,1.0,7.158516055146746,0.013646237977818,0.0,-0.0087524763787629,-0.273348,0.459303,-0.385494
87,2021,11.5199871063232,21.13511043772343,0.052705,1.0,4.859885115001003,0.006544157499646,0.0,0.027636751853766,0.03151,0.561146,0.068972
87,2022,11.5311155319214,21.0698185431306,0.072524,1.0,5.743171464593089,0.0139922761851672,0.0,0.0336535842747462,0.019424,0.507701,-0.221001
87,2023,11.4772043228149,21.3320029990496,0.07248,1.0,5.769030359111734,0.0102870381458811,0.1772890682673717,0.0630775027681193,-0.040454,0.423569,-0.055085
87,2024,10.9868602752686,21.268693082566163,0.079747,1.0,5.718098677335443,0.0103506812519385,0.1543205121406514,0.0363622664296438,-0.053739,0.471358,0.06244
139,2015,10.2954864501953,21.224548134616818,0.11118,0.75,6.275580437741195,0.0358583115068325,0.1525613170570895,0.0582393578329702,0.055427,0.441033,-0.110024
139,2016,9.98996353149414,21.56734262645884,0.122758,0.7777777777777778,7.113310436159584,0.0321072625490436,0.0,0.031089547146198,0.044338,0.306257,0.046117
139,2017,9.76056385040283,21.805184335422027,0.133806,0.7777777777777778,7.236859397915703,0.0450978917050631,0.0934453673168262,-0.006097580526701,0.040619,0.3402,2.250227
139,2018,9.54243183135986,21.842427839033792,0.08309,0.6666666666666667,8.948371129410507,0.0375401676005316,0.0,0.0018173623612749,0.042886,0.364404,2.842412
139,2019,9.26326274871826,21.8732475488812,0.079003,0.75,9.152767201148665,0.006447556571888,0.0,0.0571532829966707,0.048074,0.338281,0.869763
139,2020,8.91457843780518,21.83337162264929,0.091959,0.75,12.808024215941828,0.025112877370118,0.0,0.0334886376117723,0.038502,0.293037,0.085841
139,2021,7.7154369354248,21.83246964691396,0.086916,0.7142857142857143,14.400989401606,0.0184660360670486,0.0,0.0348022663201891,0.038995,0.280621,0.618425
139,2022,7.65130758285522,21.833408938712065,0.088586,0.7142857142857143,14.301335176912778,0.0033821667989084,0.0,0.0429513181222548,0.020106,0.262988,1.365093
139,2023,7.5027551651001,21.875996483758332,0.103644,0.7142857142857143,15.569368609756054,0.0060018577990241,0.0,0.015515377732857,0.020028,0.297706,0.734801
139,2024,7.44440364837646,21.86867332830744,0.099221,0.7142857142857143,15.62964202625666,0.0059711873700931,0.1154756069224202,0.0186261898210222,0.021895,0.289165,0.515186
322,2017,11.8185758590698,22.32707851945772,0.080203,0.8,4.752624242047592,0.0223882200035902,0.2624171520372694,0.0226953117367617,0.070948,0.437886,0.173274
113,2015,11.1030235290527,19.969180272740687,0.185299,1.0,5.8740027232708165,0.0172152571873711,0.2414834831265653,-0.0295228103354217,-0.032971,0.275404,0.061021
113,2016,10.9302492141724,19.95878082086205,0.125619,1.0,5.108740263829049,0.0162693334712261,0.0,0.0431126154546478,0.012291,0.264359,0.33955
113,2017,10.9606914520264,19.676959554767304,0.203938,1.0,9.550506779020836,0.0081956401867706,0.0,0.0010973403342657,-0.121802,0.287174,-0.135719
113,2018,10.9166660308838,19.688492623901503,0.082009,1.0,6.621206012307959,0.0057208750730987,0.2532588524513542,0.0835981309840109,0.022085,0.274891,0.234849
113,2019,10.7212753295898,19.762637484327904,0.084863,1.0,7.071730615929448,0.0099172941481953,0.0,0.0655847372462816,0.041312,0.287359,0.033054
113,2020,10.6342573165894,19.930527901356427,0.152051,1.0,6.553001141103865,0.0158205053470459,0.2083443840566035,-0.0870239770402821,-0.127322,0.510659,-0.034012
113,2021,10.7764873504639,19.79418733862465,0.074563,1.0,4.384202119099327,0.0097622680752507,0.0,-0.1548064820259427,-0.162906,0.602096,-0.147983
113,2022,10.7835817337036,19.690018986934696,0.091441,1.0,5.847172850401802,0.0062956630334779,0.2405349742864342,-0.0283037775183966,-0.152262,0.710622,-0.141401
113,2023,10.5865993499756,19.518306212306765,0.084993,1.0,6.38227254389078,0.0101975881045252,0.0,0.0708011912581645,-0.091247,0.760056,-0.073122
113,2024,10.385947227478,19.519883595803705,0.083609,1.0,5.586945502693759,0.0163115972548916,0.0,0.0545892867224425,0.013494,0.759332,0.188147
424,2019,9.87581634521484,20.992887223899768,0.199715,0.375,18.27476506627921,0.1169238252829757,0.0804626569916802,0.0115970204250468,0.044797,0.056591,0.01571
424,2020,12.0445880889893,22.91696108932357,0.045058,0.375,16.378319527262114,0.0215588140453055,0.1456574278721221,0.0348066950004362,0.008136,0.083265,0.078069
424,2021,11.9501056671143,23.15116343463591,0.030265,0.375,10.632808401660634,0.0040774771499617,0.112381032522899,0.0955656550277759,0.081285,0.089301,0.01616
424,2022,11.9170036315918,23.242721779376527,0.030695,0.375,12.09794466939026,0.005045972711891,0.0986068445784892,-0.0060787562947151,0.062707,0.093611,-0.156988
424,2023,11.6423501968384,23.268171574859945,0.039473,0.375,15.839200012055882,0.0061930389434994,0.0,0.0438039996677204,0.040474,0.071614,-0.07305
424,2024,11.623327255249,23.28257973733505,0.051077,0.375,16.46023649049478,0.0071357666017962,0.0,0.0281160727713161,0.028174,0.065292,-0.075798
86,2015,12.6496076583862,20.21910242913696,0.178356,0.5,4.65849426290175,0.0145935844262931,0.6479403058645343,0.0892274516076912,0.040279,0.367469,0.045072
86,2016,12.7274322509766,20.351886463599683,0.16554,0.4,4.693599818121128,0.0188446634156676,0.6225174252480773,0.0353436546421007,0.019914,0.42834,0.073373
86,2017,12.4218111038208,20.783011892418788,0.166939,0.6,5.646089370575647,0.0189884195738032,0.4758632241089477,0.0484825908950043,0.055267,0.330927,0.067208
86,2018,12.4684314727783,20.866899024858725,0.107342,0.5714285714285714,7.111511678690937,0.0308663301727988,0.4805927048947861,0.15300347570446,0.058878,0.332606,-0.151583
86,2019,12.4340295791626,21.284154883144392,0.085734,0.5714285714285714,8.42701213620801,0.0184148465728965,0.3743243014795306,0.0566692740918646,0.047239,0.351421,0.194989
86,2020,12.4244976043701,21.40726520499349,0.070513,0.5714285714285714,7.025283314015201,0.0097446056748595,0.3219589709449202,0.0587432336963596,0.072521,0.382084,0.040807
86,2021,12.4770202636719,21.532905872152597,0.07213,0.6666666666666667,8.213870657423978,0.0083610738364736,0.3296950974097689,0.0569337903838386,0.042803,0.353299,0.140868
86,2022,12.5389595031738,21.6602059534107,0.09206,0.6666666666666667,9.234132243135406,0.0133498494827885,0.328980713185473,0.0387834661329392,0.031813,0.377797,-0.028628
86,2023,12.5618228912354,21.725346963589352,0.088763,0.6666666666666667,8.829832145999001,0.020814045270742,0.3177744026562685,0.0331147025924977,0.01749,0.398262,-0.199942
86,2024,12.4761276245117,21.783103781279053,0.095897,0.7142857142857143,9.310547564233778,0.0217528819249353,0.296666927577802,0.0297322274524729,-0.012527,0.452041,-0.146929
16,2015,11.0248184204102,21.256133193522142,0.088935,0.8,3.982624072783023,0.0145939696531376,0.2793039264631357,0.0454790329782057,0.084694,0.390072,0.036767
16,2016,10.7213125228882,21.680956282315798,0.080119,0.8,4.331707587647419,0.0079188179556287,0.2332157068566861,0.0836210576320818,0.063999,0.415422,0.002391
16,2017,11.0172872543335,22.31078049595164,0.073305,0.8,3.6033359375151166,0.0111940872577863,0.2015797785416092,0.0250821327867485,0.058817,0.58163,0.434385
16,2018,10.9981498718262,22.582300125744613,0.044177,0.8,4.565440628035809,0.0054052318434533,0.172013810265201,0.0498826027730419,0.066437,0.591352,0.164394
16,2019,10.9508504867554,22.740381614352824,0.041174,0.8,4.188702493966498,0.007033794608587,0.2013347720098109,0.0622949375017607,0.071565,0.588403,0.100561
16,2020,11.2047834396362,22.82293643977335,0.044947,0.8,4.63838663918197,0.0152559031386773,0.2254209476038811,0.0657025192322886,0.012954,0.567496,0.38655
16,2021,11.0742855072021,23.100710727225824,0.044606,0.8,4.260813940892987,0.0094884048405086,0.1981548195160768,0.0013786292374512,0.015597,0.571234,0.260201
16,2022,11.4972448348999,23.011452119647338,0.048654,0.75,4.957495203135432,0.0085218199551454,0.2250686645623575,0.0713365462579255,0.005265,0.533564,0.234438
16,2023,11.3132610321045,23.0562816888464,0.043331,0.6666666666666667,5.419105183563234,0.0061901673785862,0.2293666545357732,0.0792776303458811,0.012432,0.545101,0.32256
16,2024,11.6553840637207,23.08114819960209,0.050793,0.75,4.836781965388483,0.0044567699833805,0.2770381185781751,0.0790562380476049,0.007886,0.553966,0.16822
135,2015,12.1996297836304,20.892558305511177,0.079213,0.5,4.379033442572113,0.0126895898384206,0.3858198127344333,0.0165276280470642,0.028094,0.444365,-0.001742
135,2016,11.8136548995972,21.362226964350015,0.08898,0.3333333333333333,4.200012330724943,0.0140748648878646,0.3384978481992461,0.0009858435340751,0.026452,0.458569,0.059342
135,2017,11.897216796875,21.59838120769452,0.0817,0.25,3.660368995858875,0.042485771358849,0.2991893055445109,0.0896065513190617,0.055324,0.48915,-0.126886
135,2018,11.9306926727295,21.60386059545975,0.040001,0.4285714285714286,5.843190908609876,0.0568939120104098,0.290339085083649,0.0772314414822237,0.035249,0.445334,0.047102
135,2019,11.8726234436035,21.47819503696907,0.055759,0.5,5.991602485072492,0.0124189194457472,0.3153308456256178,0.087560046019821,-0.057815,0.437505,0.041274
135,2020,11.82310962677,21.52798952787871,0.055559,0.4285714285714286,7.435180305274303,0.0115100467487603,0.3432107263294032,0.0129712228981008,0.021329,0.44055,-0.023567
135,2021,8.35562705993652,21.951911283264284,0.060828,0.4285714285714286,7.496778292602013,0.0884495234085298,0.34821622752823,0.0343558796479424,0.028804,0.371886,-0.013614
135,2022,12.1999559402466,22.01704004003077,0.066841,0.5,8.209638879813832,0.0692690756478199,0.4011107165945171,-0.0113660077083885,0.0032,0.412882,-0.211967
135,2023,8.68061351776123,21.999322728595143,0.075068,0.4,7.868495798672563,0.0467176745984384,0.3806086409852279,0.0206153311486355,-0.011989,0.416408,-0.106093
135,2024,11.8264636993408,21.943756967935133,0.07628,0.5,6.220160842697578,0.0131817459174305,0.4610520812190151,0.0588786135376948,0.010333,0.366984,0.084445
95,2015,11.4607915878296,22.57352917105715,0.065659,0.7777777777777778,3.589842677906647,0.0031166148532913,0.2324864671787631,-0.0065908365033366,0.007898,0.486485,0.183533
95,2016,12.0199403762817,22.78302966413021,0.084806,0.875,4.321977062826193,0.0053714305287346,0.2815461980182066,0.0389570263794096,0.018616,0.571387,0.089655
95,2017,12.3417644500732,22.916984810756286,0.090782,0.8333333333333334,4.647933341491682,0.0060947371401584,0.2911162164335941,-0.0246906379955224,0.007554,0.616837,-0.037615
95,2018,12.4788455963135,22.82096295785676,0.077593,0.8333333333333334,5.889734592720778,0.0202310083847629,0.3735539107243646,-0.0099484344826235,-0.215857,0.795742,-0.672082
95,2019,10.9564380645752,22.900025251934967,0.078376,1.0,4.891326348144452,0.0,0.3957894357469511,-0.1303603089459789,-0.147128,0.78301,-0.299171
95,2020,12.5715589523315,22.710681975000185,0.069893,1.0,5.868888525337528,0.0,0.474856274243047,-0.2567812284001635,-0.385447,1.123708,-0.970954
95,2021,12.0250053405762,21.894843426380504,0.147772,1.0,5.771507716324956,0.0,0.293158538578738,-0.1187977088587478,-0.4411,0.900624,-0.093724
95,2022,12.7498064041138,21.715522714123036,0.508218,1.0,5.429281087800331,0.0231804711484275,0.3903851280742208,-0.1216010793976149,0.05277,0.279275,-0.208445
95,2023,12.5243759155273,21.491053677699824,0.291164,1.0,6.6592103855995965,0.0342032776257226,0.4061336300866577,0.0412172020320103,-0.234455,0.32464,-0.149892
95,2024,11.7645854949951,21.17534878929228,0.153085,0.8,4.894884968226422,0.0134657385685748,0.4057828476182424,0.0395786393239789,-0.394606,0.574592,-0.202002
414,2015,9.83526611328125,21.904877935861197,0.093912,0.75,3.0034906486109394,0.0109780018506595,0.0989303270013211,0.0706115956650119,0.068714,0.190693,-0.001344
110,2015,10.6865930557251,21.49931041994336,0.081863,0.8333333333333334,3.7384875896017458,0.0041026033101203,0.1875884568188364,0.0862684807442516,-0.038935,0.40632,-0.041649
110,2016,10.5986652374268,21.9037675426118,0.085711,1.0,4.007504641352696,0.0050372794014034,0.1291533560064389,0.048683647097778,0.049064,0.39939,-0.193066
110,2017,9.30708789825439,21.681320336187927,0.100939,1.0,5.096733971322713,0.0053430178107652,0.0,-0.0156866849390154,0.012639,0.088146,-1.046631
110,2018,9.03571224212646,21.79201412894983,0.094668,1.0,8.708723656441727,0.0189934119875531,0.0,-0.0225441171665536,0.040199,0.143949,0.427692
110,2019,8.92210483551025,21.80391730047157,0.124284,1.0,10.665524856643549,0.0420543654595659,0.0839465473971781,0.0521118763254158,0.006079,0.142501,0.187283
110,2020,8.77124786376953,21.402275984307416,0.246308,1.0,12.668632040645194,0.0167793430228259,0.0,-0.3606433499060877,-0.360483,0.0914,0.073926
110,2021,8.79043960571289,21.32349068653098,0.209719,1.0,10.990423268295194,0.0140917603655093,0.0,-0.0932549559198932,-0.085652,0.113816,-0.084436
110,2022,12.547721862793,21.70485274046474,0.365717,0.8,15.014974529962194,0.0055017345793501,0.1265730325099892,0.3458965251129546,-0.091157,0.462709,-0.169898
190,2015,11.1326379776001,22.38753760122183,0.117589,0.75,5.468569656824991,0.0239796452502276,0.1998044030207485,0.0219066257634072,0.062865,0.544421,0.718525
190,2016,11.1776237487793,22.82932601833624,0.104116,0.75,4.40497585330926,0.0108556777496766,0.1358866083333803,0.0016759732025116,0.081096,0.45607,0.446584
190,2017,11.2269678115845,23.26153532280762,0.095537,0.75,4.058515006583423,0.0079263929787816,0.1155512423093964,0.0615366389909923,0.095664,0.554871,0.232105
190,2018,11.4092903137207,23.403857311825465,0.052273,0.75,4.112664373646082,0.0102380101053933,0.1116163569572795,0.0562254545628141,0.086602,0.467457,0.244348
190,2019,11.3726835250854,23.456203824789327,0.051589,0.75,4.091347671019628,0.007515870097421,0.1083871588334333,0.059385079765795,0.046035,0.45326,0.207882
190,2020,11.3406028747559,23.336085483441725,0.063312,0.6,4.785491327835578,0.0129899658218207,0.1221236192917503,0.0814584809427353,-0.07102,0.467898,0.352771
190,2021,11.5313997268677,23.486325544204178,0.056325,0.6,3.794028573258984,0.0058635516331231,0.1270802896090246,0.029245973084924,0.038539,0.507812,0.351327
190,2022,11.4419689178467,23.42413584232816,0.062454,0.6,4.738826389612006,0.014593157033542,0.1375040378482113,0.0378760707486455,0.019195,0.451517,0.14924
190,2023,11.7577543258667,23.433773636891168,0.067498,1.0,5.590376123181509,0.0058396331956342,0.1442084813768188,0.059456825150717,0.018762,0.432621,-0.205945
190,2024,11.6028985977173,23.341602360321573,0.071115,1.0,5.645535885727711,0.0065737169346203,0.1483533031674756,0.0486887185412619,-0.066259,0.405774,-0.08094
39,2015,12.048620223999,21.523799616745457,0.108102,0.5,4.281498807222097,0.0038643540727482,0.2046652286762898,0.0824053339590166,0.044935,0.234724,0.00656
39,2016,12.0642013549805,21.788509994413804,0.091908,0.6666666666666667,3.626547673536384,0.0057975263119392,0.201874310766523,0.0479675761148538,0.053656,0.357037,0.135959
39,2017,12.1022233963013,21.922712146035654,0.095848,0.6666666666666667,4.263862035174149,0.0068442765913971,0.254698315562538,0.0137456614969997,0.013589,0.441311,0.106106
39,2018,12.3685760498047,21.90246212386234,0.050123,1.0,4.093062394973142,0.0142569494629231,0.3306243767183274,0.0230430349414061,0.047023,0.402663,0.044764
39,2019,12.3003921508789,22.14054559364,0.05279,1.0,4.819923263548365,0.016736127867557,0.2835227878978355,0.1207376111220307,0.07423,0.463453,-0.064817
39,2020,12.305739402771,22.323896059780832,0.047866,1.0,4.867111704058172,0.0136660048506399,0.2321626620929146,0.0496143773332473,0.062093,0.494582,-0.04158
39,2021,12.4183187484741,22.323790140426297,0.049067,0.75,5.500273314379055,0.0101862605059902,0.2623209896550317,0.1152952270198357,0.055969,0.413184,0.09421
39,2022,12.3533182144165,22.32083589603421,0.055006,0.75,5.563267221098132,0.0107838458052021,0.2843139746490326,0.071673169292785,0.039222,0.407553,0.02604
39,2023,12.1227102279663,22.39725325608024,0.053116,0.8,6.071262092639531,0.0105403672871968,0.2506311224767267,0.0498960769499094,0.043001,0.426486,-0.041399
39,2024,12.3554611206055,22.513215171002862,0.046348,0.75,6.705606981266662,0.0097001009973201,0.2509127429549352,0.0535702476852329,0.056552,0.376594,0.037086
216,2018,13.0268239974976,22.812682584448496,0.049133,0.6666666666666667,6.585658518100434,0.0064316822670301,0.2530336681167969,0.0816828105010063,0.077116,0.408866,-0.307689
216,2019,12.9420213699341,23.073799415328136,0.057714,0.6666666666666667,9.3683690040851,0.0178075778692401,0.2315389447585618,0.0542797334445163,0.048945,0.339805,0.180228
216,2020,12.8258457183838,23.33449174872004,0.052505,0.8,7.397636587523595,0.0151364717964138,0.2333173073655279,0.0015928787930133,0.064368,0.412923,-0.058826
216,2021,12.8995361328125,23.530538602411784,0.056419,0.6,7.353035424096369,0.0123401982777805,0.2236115278884032,0.0490658777796905,0.053517,0.299531,0.172452
216,2022,12.9111204147339,23.53007409858646,0.052563,0.6,8.215984345019061,0.0111164757309573,0.2379261797417813,0.1479098034466605,0.074512,0.271063,0.054239
216,2023,13.052282333374,23.719335426668906,0.040455,0.75,7.551689276166841,0.0059925445463747,0.2433730156180392,0.0948243547522057,0.110345,0.261524,0.218545
216,2024,13.0981540679932,24.085939849503408,0.028478,0.75,5.584393271021769,0.0029080315428623,0.2305448071936155,0.109629066699749,0.186092,0.297005,0.005458
246,2015,11.41530418396,21.448705389716466,0.069378,0.5,3.3353050413472523,0.0095107886233628,0.1645489833995116,0.0194271671545236,0.037212,0.404979,0.561635
246,2016,11.6797819137573,21.862269615628207,0.057926,0.5,3.177158764909844,0.0078037776738009,0.1286765644881332,0.1055770869384023,0.048929,0.284344,0.061443
246,2017,11.6582193374634,21.85768890877708,0.088654,0.5,3.92701162803624,0.0134501897692539,0.2370419062437297,0.0579776907420081,-0.112787,0.377,-0.281398
246,2018,12.1078481674194,21.87220177678516,0.032155,0.375,3.357001956365764,0.0132217169619876,0.2822083240379376,0.0317379830411432,0.045092,0.341444,-0.006228
246,2019,12.4302005767822,21.945111567843124,0.027477,0.375,3.435410335680618,0.0171041051042195,0.3596794501108503,0.0708193442416732,0.017456,0.370316,0.086505
246,2020,12.5922441482544,22.07101975192774,0.028609,0.2857142857142857,4.070698610324845,0.013403122918579,0.3879655128423228,0.09855253978635,0.01206,0.437128,0.019133
246,2021,12.6227226257324,22.461999546152143,0.024941,0.375,4.513055999163634,0.0148916311314611,0.3451683890987857,0.1052481259924799,0.0555,0.326763,0.023482
246,2022,12.9879856109619,22.45212728706309,0.035885,0.2857142857142857,5.269952459427282,0.0157182795426827,0.3907235149752081,0.1233322217206313,0.038811,0.276142,-0.082236
246,2023,12.7472238540649,22.51114992433165,0.028068,0.375,4.740512153479175,0.011582177601693,0.3583918925718359,0.0735721243499214,0.047003,0.280556,-0.082763
246,2024,12.6932744979858,22.63935472225273,0.031448,0.375,4.784441978211327,0.0109722690141505,0.3624035674962203,0.0640236942969983,0.050155,0.322854,-0.179158
427,2015,12.1035404205322,20.974735888796232,0.269495,0.8333333333333334,11.8544024691559,0.0082693251726243,0.4616311097010676,-0.0238008688745034,-0.094456,0.566486,0.163753
427,2016,12.1145648956299,21.61313385208115,0.147169,0.6666666666666667,6.824274797669124,0.0057874878268909,0.4307908066761367,0.0026350529128511,0.009177,0.705385,-0.106911
427,2017,12.3835220336914,21.42218982720459,0.138237,0.6666666666666667,6.203946470403377,0.0108996636081744,0.3504317836007744,0.0220669457001557,0.013347,0.646626,-0.105804
427,2018,12.2401762008667,21.3317039162794,0.072942,0.7142857142857143,6.813251526655924,0.0142299105395603,0.394586595377894,0.2150406645618658,0.038702,0.6384,0.00034
427,2019,11.4529991149902,21.313273013409173,0.073401,0.625,7.012119751215024,0.0095848616602372,0.2741876830535654,0.0913048996286686,0.053563,0.609873,0.046172
427,2020,11.4969186782837,21.805591571974052,0.073907,0.6,6.832814779937832,0.0040557802265975,0.2071370280789477,0.0288854422056791,0.012469,0.526343,-0.050338
427,2021,11.6815280914307,21.78726000181062,0.079921,0.5,6.868124448016986,0.0030128695371272,0.246368164436792,-0.0214689884578203,0.018314,0.506197,0.017992
427,2022,11.7452554702759,21.819929526978747,0.11106,0.5,10.483668658470645,0.0223841910694554,0.2721493756002159,0.0489485663034368,-0.031555,0.566516,-0.002204
427,2023,11.499098777771,21.782284516899264,0.107354,0.5,9.387990421470269,0.0118195666106782,0.3132189370399365,-0.0291760533829934,-0.075737,0.62071,-0.030864
427,2024,11.3551225662231,21.843051981441768,0.102286,0.5,8.868538351099366,0.0160935152668416,0.2757497174461031,-0.0199987291005556,-0.022211,0.663535,0.043532
314,2015,13.3691062927246,22.161942495969843,0.144792,0.4285714285714286,10.987559573307983,0.1130082776023112,0.5563910277666699,-0.0061909500370468,-0.022767,0.603959,-0.031099
314,2016,13.253830909729,22.65233317913084,0.078003,0.4,5.892091506780927,0.1661883558431205,0.5227103731236988,0.0460425292724058,0.038818,0.497851,0.11672
314,2017,13.2585563659668,23.01603964652276,0.100793,0.7142857142857143,4.899620627686554,0.1047990291456608,0.5780955530448008,0.0518745663469338,0.050706,0.603633,0.11717
314,2018,13.2386817932129,23.28037923662402,0.085609,0.5,6.733282092908254,0.0991829955533327,0.5017665840932737,0.0535737514165913,0.018906,0.541862,-0.44354
314,2019,13.7318468093872,23.17184555639657,0.086558,0.5714285714285714,7.903546875951283,0.0601331191550354,0.4961985501627077,0.035780914245509,-0.090552,0.584419,0.046952
314,2020,13.7196235656738,23.124266384811,0.085426,0.4285714285714286,5.784713099503328,0.1117461113950734,0.5052409929485322,-0.0099865707357375,0.001653,0.428285,0.119623
314,2021,13.6582612991333,23.181582713648805,0.071201,0.5,6.533334334002412,0.0508324319508599,0.5427822074565876,0.0212941866830578,0.008012,0.449933,-0.040608
314,2022,13.795259475708,23.12832848124329,0.080654,0.6,9.854586656188925,0.0340224644976978,0.5793631388024776,0.0661220466015588,-0.013274,0.433032,0.214665
314,2023,13.9634304046631,23.154390786131497,0.060487,0.75,9.59975497550388,0.0357048297590932,0.5409363386360397,0.0092443346755219,-0.074368,0.337729,0.08096
314,2024,13.8375005722046,23.26152885487846,0.052031,0.8571428571428572,5.824615549004889,0.0348953371341528,0.6305939009468065,0.0088406246109551,-0.048285,0.452298,0.104937
119,2015,8.57189655303955,20.422469794631205,0.267477,0.25,17.671584366190213,0.0007930668649307,0.0742320726193857,0.0593973066138911,0.067254,0.170431,0.105029
119,2016,8.30684375762939,20.53112636197878,0.25441,0.3333333333333333,14.554924205378084,0.0191689681951945,0.0,0.1024766434604066,0.129439,0.135587,0.275302
119,2017,8.32786178588867,20.70385578211118,0.208713,0.3333333333333333,13.637542678083165,0.0125322399008207,0.0,0.1427578914581578,0.131761,0.191626,0.06417
119,2018,8.10139656066895,20.755215740904028,0.061713,0.3333333333333333,15.79729349221702,0.0128042660376603,0.0,0.1003293154020913,0.156266,0.158423,0.036179
119,2019,8.08798789978027,20.904564559039923,0.045869,0.3333333333333333,16.238846190319762,0.0,0.0,0.1831536580177521,0.151296,0.172951,0.135622
119,2020,8.76697540283203,21.000767913427055,0.037521,0.4,17.069088075612502,0.0,0.0,0.1634507724679525,0.151616,0.185401,-0.057545
119,2021,10.8229246139526,21.25700880078005,0.031091,0.3333333333333333,17.69790600264037,0.0,0.1253784255916101,0.0019382067254135,0.217355,0.220694,-0.0176
119,2022,10.6525840759277,21.405185249473785,0.03145,0.3333333333333333,20.177189882321027,0.0,0.1715986911168221,0.0017704499033952,0.157954,0.249413,-0.023413
119,2023,10.5833082199097,21.50397845686341,0.039701,0.3333333333333333,24.47427691068445,0.0349594096827222,0.1783056944657301,-0.0136052461689085,0.06091,0.186634,0.284046
119,2024,10.5352420806885,21.548496581154023,0.038688,0.4,22.35244259780372,0.0182569048303305,0.0,0.0803888736554131,0.03856,0.210549,0.128331
73,2015,11.8365898132324,20.367458451255885,0.20439,0.75,11.50383305751754,0.051039288208783,0.3468651618947256,0.0323369669533218,0.005021,0.284378,0.067506
73,2016,12.1336345672607,21.323849006967663,0.173606,0.75,11.4489015098231,0.0465453359092094,0.2131615083115253,-0.0046194690957523,0.015324,0.266981,0.184315
73,2017,11.3799028396606,21.334353439082346,0.127701,1.0,7.522030059218084,0.0215452530581933,0.2205181535832335,0.0277958445812233,0.04158,0.239195,0.331088
73,2018,11.2779836654663,21.456364402245477,0.055087,1.0,7.05996416554565,0.0163344777372607,0.2064784112734204,-0.0096755048193675,0.02715,0.30812,0.243525
73,2019,11.5446071624756,21.61618101624266,0.054558,1.0,6.3486782078592086,0.0090314152578597,0.2690249772227797,0.0220998971587937,0.042424,0.375757,0.67042
73,2020,11.7031908035278,21.84935157222625,0.082305,1.0,6.696437712402897,0.0152693044277718,0.2731504929811288,0.0158719339129773,0.013553,0.490879,0.267283
73,2021,11.9205188751221,22.001740835813,0.073553,1.0,7.446684170265222,0.0172929762398671,0.2787444194283399,0.0030391906153279,-0.100471,0.441763,0.483765
73,2022,12.2694253921509,21.900031994576366,0.083932,1.0,8.457942901069401,0.0219716731239982,0.3422286985978439,0.0624355757988876,-0.091543,0.440846,-0.100976
73,2023,12.3047847747803,21.86044856509724,0.063923,1.0,8.431170055837617,0.0127294007548968,0.3430963673751233,-0.0036034168684927,-0.018869,0.439025,0.004453
73,2024,12.3598251342773,21.81979296519108,0.066002,1.0,7.882202002540953,0.0146388450157981,0.3304928037699325,0.0683473704983349,-0.020533,0.451613,-0.037951
230,2015,12.6092405319214,20.67195392575399,0.114578,0.8,3.864155104987129,0.0013908857170895,0.1783023616525344,-0.0653105518940617,-0.087796,0.163588,0.220964
230,2016,11.768443107605,21.49506797351013,0.072344,0.8,3.398931301534178,0.0079835300998077,0.1136819235100521,0.0008218440798685,0.015661,0.405144,1.283365
230,2017,11.7873096466064,21.960135279136537,0.086456,0.5,4.429949772677986,0.0072229822475437,0.1046344609923543,-0.0289591836916165,0.034591,0.588049,0.293061
230,2018,11.982250213623,22.0082330129371,0.031252,0.5,4.281645273822467,0.0111845757352132,0.1356606010052498,0.0115145102323632,0.014887,0.603027,0.208923
191,2015,13.0629262924194,20.985195373040906,0.464824,0.2857142857142857,24.46327881625367,0.2164337511275284,0.1891368642530276,0.0211540497515969,0.034588,0.059349,-0.098605
191,2016,13.0281057357788,20.974081048538288,0.576522,0.2857142857142857,30.905536938306,0.0801282657873332,0.1968568131894016,0.0257288793382259,0.004074,0.057281,0.405404
191,2017,12.8690004348755,21.019962749563888,0.361629,0.5,21.693148712484565,0.0992433929093254,0.1964784165695833,0.0167405457993226,0.026605,0.080126,0.579565
191,2018,12.7237367630005,21.11103606045809,0.157114,0.5,16.372237355030094,0.0606957921839391,0.1965690298845893,0.0880961026135257,0.037646,0.175146,-0.184887
191,2019,12.8996858596802,21.517227552518715,0.142845,0.5,20.491133894758416,0.0165300548411682,0.3972301154780858,0.1259580449171227,0.027892,0.379469,0.290178
191,2020,13.6385297775269,21.70648108223457,0.191263,0.4285714285714286,38.98222675492878,0.0343252668290753,0.5108778672089627,0.0477119150139622,0.040656,0.409373,-0.010946
191,2021,13.4558763504028,22.14747406859088,0.145304,0.1666666666666666,20.11086543664457,0.0513113729473483,0.4886121584397964,0.0630541799455663,0.044086,0.429767,0.036017
191,2022,13.6193819046021,22.3937168818101,0.143966,0.375,11.68351520097718,0.0128198138720775,0.4395587165791322,0.0431347071830083,0.047934,0.504192,-0.218264
191,2023,13.7043924331665,22.4701447192651,0.118955,0.375,11.41773041645498,0.0704501851477853,0.4044036521397733,0.092144537869089,0.04777,0.526825,-0.069543
191,2024,13.5274057388306,22.59352690624532,0.09139,0.6,9.05879011231852,0.0443996713078152,0.3455653668406506,0.096671151765214,0.057307,0.384111,-0.083039
286,2015,7.86819982528687,21.075908639602343,0.2178,0.75,11.478284246187204,0.0452739221828435,0.1207438582707967,0.0611719015428581,0.049173,0.183896,2.229227
286,2016,7.76738977432251,21.654624805610464,0.218119,0.6,16.555544312665027,0.0236413425528385,0.093137760688721,0.0166677930141484,0.047572,0.173153,0.439353
286,2017,8.18593406677246,21.83991459890072,0.24009,0.625,18.76744273615953,0.0490169982868084,0.104040898277142,0.0117888823905102,0.040855,0.263669,0.653565
286,2018,8.11623573303223,21.93525213624253,0.103109,0.6,18.81079207402576,0.0340003512481455,0.1268618144362713,-0.0287887535633122,0.027581,0.324316,1.140634
286,2019,9.34405612945557,21.91011917951539,0.13682,0.6666666666666667,23.853464831264397,0.0621289440027329,0.1778314549118435,0.011103488018053,-0.136083,0.470215,1.060973
286,2020,9.60200500488281,21.63436013838401,0.244835,0.4285714285714286,42.09958907360774,0.0721927810246117,0.242859264812795,-0.0157946230265009,-0.370141,0.667489,-0.377342
286,2021,9.43451023101807,21.58077047493093,0.123998,0.6666666666666667,23.257482411710388,0.0501308268386671,0.2552242421229698,0.0547103838967694,-0.000429,0.544712,1.003731
286,2022,9.40286731719971,21.738407918417423,0.119454,0.6666666666666667,19.95860395925613,0.1004655508710222,0.0,-0.0319657367693704,0.005164,0.599701,1.02769
286,2023,9.51571178436279,22.039053824380364,0.110346,0.6666666666666667,21.93207779760611,0.0575007230233866,0.0,-0.0437733787634529,0.070008,0.407084,1.167903
286,2024,10.3070049285889,22.081771004021697,0.146599,0.6666666666666667,29.44332449397272,0.0829224488835968,0.0,0.0080140934418546,0.010924,0.426069,2.133248
116,2021,3.19455432891846,21.455997164566263,0.837534,0.8333333333333334,110.9025454310507,0.0,0.0,-0.0061151620042606,-0.529311,1.726184,-0.434089
260,2015,10.6560983657837,20.99872554983232,0.105861,0.8571428571428572,3.726863877323784,0.0051681600319819,0.2921366650516553,-0.0180207719377548,0.096765,0.34492,0.264879
260,2016,10.7205104827881,21.22258901032346,0.111338,0.8571428571428572,4.135874912391124,0.0075124274598778,0.3079269787457257,0.0430103783557456,0.09313,0.403488,0.287855
260,2017,10.4944677352905,21.310594736395466,0.122791,0.8888888888888888,5.185240937693877,0.0087610317266289,0.2499823841948828,0.1040262601193355,0.057979,0.417669,0.787393
260,2018,10.8320722579956,21.47250942469404,0.059487,1.0,4.489845687537837,0.005435746100063,0.21725991485764,0.109944592688696,0.111188,0.398828,0.322128
260,2019,10.5808229446411,21.529696252365326,0.059309,1.0,4.384530246533931,0.008094374825459,0.190634922486811,0.1332726637449836,0.046276,0.430152,0.271081
260,2020,11.0122451782227,21.475139524133148,0.070018,1.0,5.127555218009534,0.0129719869802605,0.1957213217497052,-0.0133098692752981,-0.033808,0.439036,0.738466
260,2021,10.9484376907349,21.71768014673037,0.054455,1.0,4.6805887644653685,0.011577037413964,0.1590119242158626,0.0837336792621899,0.011014,0.550431,0.658972
260,2022,10.6729011535645,21.824802755694964,0.046636,0.8333333333333334,4.461018817731056,0.0119758789720048,0.2023648765005765,0.2281020100308336,0.067678,0.606573,0.495962
260,2023,10.891414642334,22.102518091997013,0.044315,0.8571428571428572,4.16513009515418,0.0055054518503404,0.1780219848614401,0.1333965024222776,0.077911,0.632044,0.553319
260,2024,10.9992980957031,22.024408155978985,0.057776,0.8571428571428572,4.62910185258101,0.0082056000600899,0.2098761233586878,0.041573793282188,0.027953,0.581659,0.026975
206,2015,11.3541412353516,20.69318347353984,0.092437,0.8333333333333334,3.237954465197536,0.0052082454860634,0.3358535843233505,0.0557874521662596,0.049979,0.155342,0.174264
206,2016,11.4183931350708,20.73801968187666,0.109483,0.875,3.872584965330857,0.0051504286310207,0.3552855477512132,0.0216197450006841,0.017338,0.198674,0.137261
206,2017,11.303822517395,20.75229181898293,0.091816,0.8,3.3575269730730746,0.0034697316296198,0.3442106891506221,0.0856056019633918,0.03353,0.179886,0.088844
206,2018,11.1974582672119,20.84920469722745,0.060504,0.8,3.8144671091102382,0.0052925297694536,0.2848934438139446,0.1036271401485523,0.046928,0.219155,-0.04289
206,2019,11.2625646591187,20.860088901639266,0.067393,0.6666666666666667,4.155583340599348,0.0039981397992575,0.2982027175397876,0.128392942674987,0.056549,0.217259,0.155521
206,2020,12.6564130783081,21.635880027589856,0.055964,0.5,4.34921620937583,0.0065037095165896,0.4522975392836496,0.1404969917718654,0.116638,0.403123,-0.174514
206,2021,12.3344440460205,22.556757610205267,0.042151,0.5,1.544942883913971,0.0193517574432335,0.2771332305310261,0.0288508470213205,0.199985,0.350297,0.207521
206,2022,12.4665851593018,23.73228083141659,0.02172,0.5,0.352646698421597,0.00712161559919,0.1962721854088213,0.3154618111607239,0.434588,0.30566,-0.070948
206,2023,13.0754156112671,23.660633571974063,0.04823,0.5,0.8635894247531883,0.0424181692076183,0.3300832329217108,0.2211551986259997,0.112206,0.228775,-0.313639
206,2024,13.5547571182251,23.58803775784569,0.061548,0.5,1.3838096364101158,0.0801787870565143,0.3571257063602856,0.0818569500280639,0.05832,0.201307,-0.335774
292,2015,10.8436870574951,20.377141368660133,0.131317,0.4166666666666666,6.255504954155219,0.013246535034908,0.2208930814586797,0.1460662889333615,0.145974,0.042807,0.302258
292,2016,11.2651271820068,20.519923634263343,0.16975,0.4,8.48361223235605,0.0074618442343234,0.291323128301028,0.1881401462911118,0.148993,0.072193,0.052253
292,2017,11.4347257614136,20.6060860106889,0.169139,0.5,10.135983759855858,0.0123144105625428,0.3394065082257875,0.1347700881248967,0.123017,0.088839,0.074542
292,2018,11.370792388916,20.901413932662788,0.066951,0.6666666666666667,9.465638370604935,0.0064395039064478,0.2619933734631192,0.1134173102805801,0.113886,0.103012,0.009048
292,2019,11.3503379821777,21.019451155013037,0.057646,0.6666666666666667,10.716158181381482,0.00716415835139,0.3161253767118467,0.131514011138846,0.124397,0.128818,0.036164
292,2020,11.417896270752,21.19683683099813,0.060375,0.6666666666666667,8.850316626790034,0.0104773030517089,0.3687724968953294,0.149173513511542,0.176705,0.142156,-0.179096
292,2021,11.4266986846924,21.659782518315023,0.065883,0.6666666666666667,9.65452722973474,0.0154190148664919,0.2531204471422925,0.144936715878617,0.120947,0.084173,-0.035165
292,2022,11.3654289245605,21.788294153032847,0.052321,0.6666666666666667,10.257161388849273,0.0100758978082242,0.2275434418219997,0.1598325367392764,0.139589,0.090973,-0.017259
292,2023,11.2648983001709,22.0837867101013,0.042606,0.8,7.389660834687535,0.008336228895522,0.1789560395155532,0.2313529092502461,0.187234,0.137245,0.351601
292,2024,11.6631698608398,22.27861205391852,0.040595,0.8,7.141984711341139,0.008622914462095,0.2369041170449386,0.2665378402992654,0.283501,0.158491,0.021753
302,2015,10.2991037368774,21.20615316515233,0.936687,1.0,62.70431523152784,0.170803810559421,0.1718275328578943,-0.0462059466836944,-0.032676,0.231842,0.525383
302,2016,10.8927040100098,21.218622553048192,0.426107,0.8888888888888888,24.09337057465695,0.0293409386685401,0.2379235726425129,-0.0201699959461852,-0.038725,0.258871,0.465115
302,2017,11.1158876419067,21.19442698635088,0.284159,0.9,15.688431438805278,0.0328992365133648,0.2865463834706278,0.064513839107008,0.048039,0.189519,0.69749
302,2018,10.551905632019,21.06011349126101,0.29781,0.8888888888888888,33.55272914681468,0.055399056015939,0.3618096793879386,-0.152557072987911,-0.121126,0.201051,1.066018
302,2019,10.291711807251,21.307604099197768,0.090523,1.0,10.581144117506405,0.0261763427152607,0.3330869287686283,0.0452370863181922,0.08172,0.294951,0.356211
302,2020,10.797474861145,21.35584752945273,0.098766,1.0,9.53450333277342,0.0224864684426786,0.345622849891697,0.1774501551031066,0.107274,0.211868,0.182025
302,2021,11.0061836242676,21.65637434861378,0.200706,1.0,21.64805783025508,0.0664116241362063,0.3562427824099151,0.0120214555486469,-0.030263,0.21984,-0.091289
302,2022,11.0851135253906,21.66261343864264,0.238689,0.7142857142857143,30.92737235073104,0.0369410514060133,0.4416149695849884,-0.0294400725336765,-0.06491,0.284076,0.595603
302,2023,11.0452938079834,21.657911788425476,0.281904,0.8333333333333334,43.50127259915087,0.0380542983096554,0.5254954169436572,-0.0267353241850004,-0.087551,0.368075,0.333842
302,2024,10.9752054214478,21.62199157299163,0.207275,0.8333333333333334,29.804216886313696,0.0203644563748118,0.5982747193320035,-0.0416440368403241,-0.049478,0.399048,0.820432
82,2015,10.991870880127,22.331609909742003,0.091436,0.8181818181818181,3.305260892895455,0.018441455916795,0.2043488496842478,0.1058497683656095,0.175344,0.137428,-0.024176
82,2016,11.2189302444458,22.49540263788409,0.085681,0.7777777777777778,3.5524000735842574,0.0218525316558667,0.2143629953538672,0.161132559339803,0.180139,0.125705,0.096241
82,2017,11.601658821106,22.72937921061257,0.09399,0.75,3.5991948931626383,0.018136552180759,0.2709631572957337,0.1314413112861416,0.146056,0.201615,0.265619
82,2018,11.7881984710693,22.86179899236367,0.077434,0.8,4.286875489582527,0.0164927421027385,0.300989234198323,0.1813920208186695,0.155959,0.172515,-0.136953
82,2019,12.1161098480225,22.8717295460714,0.08735,0.8,6.474736635192746,0.0342965488526952,0.3281841606172139,0.2000378454512983,0.101972,0.123868,0.149505
82,2020,11.7683162689209,23.23668580318736,0.074966,0.75,5.986820149998967,0.0246363050989391,0.2737102315872652,0.0951561419649237,0.116758,0.124199,0.134909
82,2021,12.1828746795654,23.647504751026,0.072891,0.7,6.731038076996515,0.0217376005505622,0.2876542791385453,0.0619935112523327,0.108126,0.130423,-0.046145
82,2022,12.584508895874,23.698457418444413,0.093089,0.7,8.781092278465612,0.0413229309669475,0.3199735587287026,0.1058456433376018,0.076868,0.127082,0.127951
82,2023,12.3608884811401,23.806411963252504,0.074985,0.6666666666666667,9.530922137985986,0.052396595207265,0.2865933571859378,0.0787543285404717,0.072532,0.164378,0.097695
82,2024,12.3161029815674,23.89780529294914,0.055572,0.6666666666666667,7.906075797327258,0.0326248406504254,0.2837389196397604,0.1004826114271731,0.091581,0.169095,0.020906
69,2015,9.77101516723633,20.50008589359502,0.090518,0.4,3.955875654598637,0.0118900468380883,0.0669574533112924,0.0782654816259914,0.100728,0.152971,0.693339
69,2016,10.1287078857422,20.535811215142665,0.116909,0.5714285714285714,5.419244310961975,0.0114852916390585,0.0922490774425699,0.0826871496890704,0.069685,0.137406,0.255698
69,2017,10.21692943573,20.689897048320397,0.135021,0.5714285714285714,6.544655906781265,0.0134639289791676,0.0859532057040588,-0.0204524803538567,0.037175,0.166887,0.238183
69,2018,10.2666215896606,20.71127311125842,0.074341,0.5714285714285714,7.142188336333205,0.0198570694450688,0.0925590615690706,0.0229440462498835,0.053133,0.144584,0.404003
69,2019,10.2629356384277,20.735125816971244,0.068913,0.7142857142857143,8.591370185262006,0.0134808952829858,0.0920670483068447,0.020397225447662,0.045599,0.131036,-0.05231
69,2020,10.3566637039185,20.79745755737529,0.069173,0.7142857142857143,9.28904573434953,0.0144133473872391,0.0906806785544222,-0.0066232432330042,0.024762,0.169157,0.538862
69,2021,10.2298593521118,20.868615094849577,0.053681,0.7142857142857143,8.796122534523947,0.022239952092994,0.0,-0.0597664606281973,0.018353,0.201521,0.099975
69,2022,10.2346849441528,20.898287319560502,0.051858,0.7142857142857143,10.941063889779356,0.0068267047024222,0.0,0.0953815754807667,0.025504,0.203839,0.21436
69,2023,10.31081199646,20.884209511821847,0.055201,0.7142857142857143,8.269611833245275,0.0094693342688291,0.0,0.0698631665293248,0.018129,0.166931,-0.131488
69,2024,10.3050880432129,20.88353284729098,0.069986,0.7142857142857143,9.80952938128427,0.0027043587697975,0.0,0.0450016637442496,0.00678,0.163707,0.004293
419,2015,11.2867517471313,23.74329242494011,0.116559,0.5,6.6424155670242,0.0222474750565232,0.5888745633155523,0.1668779553683287,0.075258,0.490878,0.083756
419,2016,11.3942775726318,23.89334393397837,0.152304,0.5714285714285714,9.086936135703931,0.0292207670366853,0.5818175466876214,0.1419305233537282,0.050609,0.408701,-0.081765
419,2017,11.494421005249,24.29903957123637,0.123368,0.4285714285714286,6.647792574821157,0.0128619636705338,0.5472503763007243,0.1166643681526837,0.056633,0.529807,0.330069
419,2018,11.8807039260864,24.48771703971556,0.07326,0.5,5.339652402748625,0.0209554925083673,0.6205327385749682,0.112964040666138,0.013922,0.603916,0.077136
419,2019,11.7941703796387,24.57402066911665,0.059554,0.6666666666666667,5.415269117433344,0.0161514795667154,0.6170940982690433,0.1541746039006439,0.051656,0.522896,0.046172
419,2020,11.9034957885742,25.099973242060813,0.062622,0.6666666666666667,3.9035212618028696,0.0117228510016418,0.4899166731037721,0.095258232004981,0.062271,0.468196,0.032469
419,2021,11.5960664749146,25.06200883905865,0.087675,0.5714285714285714,4.713400900128511,0.0133183058305753,0.5285101585808043,0.0788267420529685,0.027671,0.441342,-0.095145
419,2022,11.8610725402832,25.08439617416351,0.057937,0.5714285714285714,4.507582728354516,0.0099440270457403,0.5422120224982592,0.1171798684989117,0.032163,0.433513,0.220196
419,2023,11.8058300018311,25.073153298479824,0.046662,0.5714285714285714,4.251399826043371,0.0140262858290431,0.5462346344971191,0.1200494365755157,0.039265,0.399486,0.517384
419,2024,11.800386428833,25.11791309930941,0.04041,0.5714285714285714,3.984179791763307,0.0032601203017235,0.5293227698435841,0.1344035073171536,0.045384,0.397084,0.363336
48,2016,11.2900695800781,20.505694624039084,0.144222,0.1666666666666666,12.623636277346309,0.0507321914408605,0.0,-0.0166489916326529,0.083885,0.196705,1.209824
48,2017,11.6483631134033,20.52189012866556,0.143869,0.25,9.57254719787596,0.0607083566964258,0.0,0.0407470805633073,0.087764,0.140681,2.039585
48,2018,12.0348062515259,20.575350982079065,0.051923,0.25,9.069466919895916,0.0535891146447151,0.2308608101924834,0.0298150720521738,0.087718,0.134056,1.363999
48,2019,11.468433380127,21.54676617440048,0.051958,0.25,5.691040372370861,0.0165818616802537,0.1944751467560016,0.0310558975724494,0.06284,0.367719,11.810536
48,2020,11.3918418884277,21.673386124089237,0.043492,0.2857142857142857,5.857187449758226,0.0021368275811928,0.1900142354569781,-0.0394792987917467,0.059793,0.396463,2.423079
48,2021,11.4193344116211,21.89150413093039,0.048137,0.2857142857142857,6.655549678036063,0.0051669811910826,0.1679782088781458,0.0422185605961257,0.035097,0.490019,2.005862
48,2022,11.2539558410645,21.98449075657068,0.047393,0.125,6.433293381551729,0.0318396071855023,0.0,-0.0282699316700658,0.02445,0.51616,1.284856
48,2023,11.1967344284058,21.91058667480675,0.053083,0.125,5.962934868127443,0.0207971564376203,0.0,0.0179623834816662,0.027634,0.453323,0.573206
48,2024,11.5807409286499,21.83792533722476,0.063361,0.25,6.45192490653298,0.0140747666037034,0.0,0.0355442717120947,0.023351,0.391765,1.567663
21,2015,11.4865760803223,20.315012062129146,0.160191,0.25,9.748326774037087,0.095510785342851,0.1298070379414345,0.0306132778698668,0.074265,0.120811,2.447469
21,2016,12.9325475692749,21.297657873320546,0.18269,0.4,8.324172546184565,0.0247015310124352,0.1661804084268155,0.018386627951788,0.0376,0.206742,1.352571
21,2017,12.7769241333008,21.854738195757207,0.177607,0.6,8.041722261986898,0.037743324682373,0.1300162030216766,0.0246151961973852,0.018757,0.436632,0.336494
21,2018,12.6081714630127,21.911918649551478,0.113683,0.6,7.621149825458037,0.0232920762084587,0.2289874259271098,0.0085458875045073,0.028681,0.424594,-0.344919
21,2019,13.1238431930542,22.15114963793063,0.11639,0.75,15.388558131850193,0.011956535160857,0.3095270104462194,0.0453408769993726,0.025266,0.193477,0.135314
21,2020,14.3725357055664,22.286831559237363,0.11965,0.8,25.53812046498076,0.1708610883524894,0.3713607179352355,0.0534772221944934,0.03924,0.250495,0.32063
21,2021,13.1634731292725,22.702837636634595,0.142428,0.8,28.69277228742376,0.1411463732778905,0.1878716621330403,0.014307199127649,0.025762,0.215202,0.193706
21,2022,13.3069009780884,22.665852246402448,0.249848,0.8,44.01262567803103,0.1756072465220337,0.2790500372854775,-0.0105785999096308,-0.021391,0.211114,0.297595
21,2023,13.6818752288818,22.705904411648493,0.092986,0.6,27.44179144057143,0.0820131228492407,0.367674129831906,0.0198833988942605,0.009922,0.224866,-0.23861
21,2024,13.8960857391357,22.670794357767114,0.123084,0.6,37.754206877118726,0.0174619575321172,0.4109863400709203,0.0507170705818744,-0.036406,0.231364,0.385638
49,2017,9.44483947753906,20.87196629157125,0.356316,0.8,18.9511777011148,0.0291096296806134,0.2705223892571107,0.0184586557858792,0.10241,0.140055,-0.222498
49,2018,9.12873935699463,21.60251582042008,0.128438,0.6666666666666667,20.31783816206517,0.0283450914986516,0.1428602967731205,0.010609143714485,0.059063,0.082133,0.025264
49,2019,10.4106893539429,21.67790803243206,0.117555,0.6666666666666667,22.073764356887946,0.0396302711525128,0.1521210141791372,0.0334736614376529,0.067738,0.092148,0.132372
49,2020,9.95073509216309,21.834861819151264,0.119162,0.6666666666666667,27.13541172793538,0.0432312289912104,0.1723438476677085,0.0362501339928062,0.068316,0.167139,0.197356
49,2021,9.05974674224854,21.9247969068206,0.10362,0.6666666666666667,24.92828540744223,0.0491279652120288,0.1843362148330004,0.0700227882780562,0.088037,0.138437,-0.173176
49,2022,9.45600032806396,22.096637075940748,0.099013,0.8333333333333334,27.33058609389775,0.0491581047431794,0.1778343616975695,-0.0750955589572635,0.073181,0.165705,1.290711
49,2023,9.27150058746338,22.157014112520656,0.16512,0.7142857142857143,46.44013012445597,0.1282599886846513,0.1724780438822312,0.0628280569039952,0.014229,0.186124,0.966695
49,2024,9.04269123077393,22.74677363077492,0.246085,0.8333333333333334,60.18080376278552,0.1876339306746962,0.0960246345428427,0.0082185767446953,-0.021827,0.065368,-0.722621
172,2015,11.8516807556152,21.407854563430483,0.111769,0.9,5.718655935039571,0.0052027684238172,0.3362340550075456,0.0094861714643891,0.063814,0.37061,0.078216
172,2016,11.8040752410889,21.582664741406123,0.107489,1.0,5.444184541582888,0.0030821660673552,0.357317975727724,0.090247220793088,0.098263,0.387022,-0.130304
172,2017,12.2643909454346,22.132127476772823,0.084094,1.0,4.0820869268689775,0.0026783223111874,0.3490120768189087,0.0874555001159433,0.068882,0.340674,0.015001
172,2018,12.6458787918091,22.40934233972201,0.03979,0.8571428571428572,4.940894638251812,0.0020591697838714,0.4425805611216201,0.0920175454511289,0.070484,0.448741,0.03436
172,2019,12.9062776565552,22.668078169364357,0.037322,0.8,4.455609672576352,0.0016579945590974,0.5209225024594223,0.1055316574763057,0.066179,0.52437,0.114269
172,2020,12.6575012207031,22.99423666005784,0.036518,0.8,3.94893043844237,0.0026291907883368,0.4387629053243351,0.0994833625674798,0.053556,0.614895,0.245735
172,2021,12.8726406097412,23.32307805598712,0.030477,0.8,4.00204581803579,0.0065219769910856,0.46940721892568,0.0588761561954917,0.049804,0.534239,0.022026
172,2022,13.0301179885864,23.38378925069451,0.028641,0.5,3.645891536105197,0.002516712806815,0.4720540782934978,0.0867096166131356,0.055275,0.515033,-0.027192
172,2023,12.801287651062,23.578794018429623,0.03381,0.6666666666666667,4.391536122409217,-0.0016765385118263,0.457932975881009,0.0736196839225837,0.038619,0.561327,0.054897
172,2024,12.6483707427979,23.676889517522927,0.03655,1.0,4.191658267995784,0.0022262916241368,0.4323207983523813,0.0708361704492468,0.060204,0.534405,0.067343
359,2016,11.8615283966064,20.90336330945582,0.071603,0.5714285714285714,4.097892202538867,0.0085784179802807,0.0,0.005274574971825,0.087934,0.168529,0.198131
359,2017,12.255708694458,21.06142129299436,0.075555,0.8,5.1212449029036025,0.0141853838345635,0.0,-0.0520096497924327,0.079217,0.22437,-0.068208
359,2018,12.2458524703979,21.0450121254838,0.034877,0.8,6.930015129167308,0.0106675771367515,0.0,0.2324165790055643,0.023075,0.176695,0.140913
359,2019,12.266993522644,21.23320060489617,0.028904,0.8,6.983005941485524,0.0055676035420943,0.0,0.065744091101639,0.127828,0.202494,0.353114
359,2020,12.3643484115601,22.162417234348823,0.015798,0.8,4.258532083336593,0.0064538465145237,0.0,0.036620571473262,0.11661,0.183322,-0.067267
359,2021,12.6786098480225,22.30517524586906,0.011652,0.8,3.727999055246908,0.0078844142460568,0.0,0.0449262492903041,0.13608,0.186157,0.537975
359,2022,12.7076044082642,22.494152560875506,0.025529,0.8,5.655858282803114,0.0053453548598193,0.0,0.1414811966118624,0.153773,0.178163,-0.042315
359,2023,12.768120765686,22.58579182431718,0.024604,0.8,4.318641955243758,0.0041426893554306,0.2544333196036129,0.1934763959854298,0.106889,0.151243,0.291673
359,2024,12.3817710876465,23.23014187062714,0.019547,0.75,4.662617059789567,0.0030543871598432,0.2190157291365859,0.0522502376963598,0.231346,0.32107,0.463481
423,2018,10.5309038162231,21.80520648012467,0.020606,0.75,3.2283746245878366,0.0014738558184573,0.0,0.0518320086888434,0.051579,0.404806,-0.045789
423,2019,10.7437705993652,21.64262349116662,0.027317,0.8,5.567476108542623,0.0046055422702763,0.0800439762321588,0.055576128902066,0.04294,0.277671,-0.145862
423,2020,10.8517799377441,21.657032044068288,0.032237,0.6,6.129233951792447,0.010709669779609,0.0888069894256946,0.0819164658086594,0.043308,0.265707,-0.004654
423,2021,10.846905708313,21.82088428727076,0.028214,0.8,5.5431956197838925,0.0100864543498179,0.0914758984343136,-0.0510089596972172,0.060292,0.324221,0.100189
423,2022,11.0487823486328,21.86340465379984,0.024838,0.8,5.005363828513991,0.0108979711067191,0.1324307433905013,0.016363304808429,0.061857,0.293488,-0.179464
423,2023,11.1463718414307,21.83749586835956,0.025323,0.8333333333333334,5.060225868222021,0.0172103096260282,0.0,0.0468302005776952,0.033045,0.251931,-0.112266
423,2024,11.1552133560181,21.682684578741863,0.030475,0.8,5.742400944845109,0.0113186613338946,0.0,0.0190924583441612,-0.010124,0.167042,-0.198994
420,2016,9.69790363311768,21.041952767184643,0.140016,0.25,9.437613761235523,0.0538886756371803,0.0,0.0676114362958327,0.102472,0.151912,5.653373
420,2017,9.89603900909424,20.971624849164428,0.26229,0.25,19.25456983378641,0.0851120993096691,0.0,-0.0991413001653961,0.034746,0.089073,7.96934
420,2018,11.9779148101807,21.0420413945278,0.054313,0.25,15.04656905351966,0.0222827367549416,0.1702122273744413,0.0336890220400247,0.033278,0.127417,0.561072
420,2019,12.1811113357544,20.92257850265708,0.049264,0.2857142857142857,10.532931859912557,0.0235991153159737,0.2139406021116605,0.0729060959603658,0.051026,0.117603,0.991196
420,2020,12.4179039001465,21.127448225708427,0.044542,0.1999999999999999,10.11762220133718,0.0196836938310554,0.1952269128898892,0.1824050463641511,0.045484,0.243991,3.982451
420,2021,12.3197832107544,21.14613568291304,0.05633,0.1999999999999999,10.5835639703381,0.0455673234750473,0.1864446791579743,-0.0294477538127392,0.051165,0.218969,0.033457
420,2022,12.3337564468384,21.13553123772306,0.057413,0.1999999999999999,10.211027450878053,0.0445552571663396,0.1824797999443827,-0.020465793324679,0.054363,0.170463,1.09478
420,2023,12.1492166519165,21.28083699511312,0.064756,0.3333333333333333,12.011880812849054,0.035801841204664,0.1495142834503492,-0.0341023058414464,0.047482,0.246218,1.315984
420,2024,12.2411909103394,21.258717158775266,0.081026,0.3333333333333333,13.672376212140469,0.0403286759825921,0.1537770283729303,0.0826285634438596,0.018133,0.246337,1.794229
174,2016,7.67188024520874,20.28335178542104,0.143371,0.8181818181818181,10.488399272614704,0.0294617190007141,0.0,0.0491570845032626,0.1049,0.130156,0.671517
174,2017,8.52327442169189,20.559317247689616,0.175206,0.75,12.605455227388855,0.0420077685334045,0.0,0.0682951798613913,0.065171,0.260451,0.561555
174,2018,8.50759410858154,20.8995346305381,0.037863,0.7142857142857143,7.587817365576639,0.029685382933276,0.0,-0.022871236166011,0.109429,0.374964,-0.285959
174,2019,8.92535495758057,21.36550024169138,0.037993,0.7142857142857143,7.779262029048069,0.0,0.0,0.1104754346198726,0.029121,0.329801,-0.3911
174,2020,8.10471248626709,21.428382639801736,0.045443,0.7142857142857143,8.695543332754548,0.0,0.0,0.0620408265959122,0.058374,0.248445,0.092984
174,2021,7.74611234664917,21.53799904106416,0.049593,0.6,7.072794679002596,0.0,0.0,0.0669330365342524,0.067976,0.250117,-0.095001
174,2022,7.37410163879395,21.6163768364397,0.053168,0.6666666666666667,7.78145757525827,0.0104096818515448,0.0,0.0422939886555856,0.063893,0.286249,0.048085
174,2023,9.13274192810059,21.575448748419984,0.06091,0.6666666666666667,9.780393759368405,0.0088071047640509,0.0708534822074803,0.0962428344485849,-0.07124,0.33979,0.111301
174,2024,9.5125036239624,21.44808289090715,0.066117,0.6,11.39923232476579,0.0085518556267839,0.0867120414352796,-0.0012622431894768,-0.072925,0.352223,-0.076927
202,2016,9.9681453704834,20.66096258085085,0.073859,0.1111111111111111,3.8934346381287055,0.0056898886003969,0.0,0.0688294305684453,0.081504,0.349359,0.321053
202,2017,9.78268814086914,20.82005389499596,0.071786,0.4285714285714286,3.467834976681722,0.0044963892284912,0.0,0.1080541606285185,0.072775,0.406321,0.316437
202,2018,10.2554512023926,20.768991810312716,0.050356,1.0,3.392370110313461,0.0048950264108285,0.0,-0.0901964515970883,0.042582,0.367028,-0.001793
202,2019,10.4448184967041,20.924815982288216,0.061644,0.75,3.6689250930291855,0.0030387488679688,0.0,0.1663402131715264,0.083621,0.379633,0.063665
202,2020,10.1922130584717,21.23162305824014,0.044349,0.75,3.3620712246848425,0.002377276704225,0.0,0.167087902149132,0.089767,0.466268,0.288973
202,2021,10.474983215332,21.54079168061444,0.038937,0.75,3.4986623207432843,0.0017563495342582,0.1372360640857913,-0.1025105352715813,0.04718,0.54382,0.097278
202,2022,10.5206346511841,21.458298428187963,0.049784,0.75,5.646306939989399,0.0,0.1961000172664451,0.1682467908049595,0.03444,0.474416,0.119557
202,2023,10.5247983932495,21.441724866003764,0.073575,0.75,7.016099828079976,0.0,0.2682096014189637,0.1092956155345962,0.018388,0.463377,-0.068355
202,2024,10.5349435806274,21.50619658211321,0.062513,0.75,5.682302925059619,0.0,0.3179965749320689,-0.0017698454257353,0.024498,0.485022,0.017416
186,2016,8.59833335876465,20.391438005564755,0.222387,1.0,10.902386306168603,0.0138328839639258,0.0,0.0625641101038077,0.084184,0.19551,0.661733
186,2017,8.23884105682373,20.664352900551545,0.239249,1.0,12.651738541832286,0.0664185181646289,0.0,0.0560190535473077,0.084336,0.32559,0.756225
186,2018,8.33054256439209,20.810970331404626,0.078694,0.6666666666666667,11.087239248848771,0.0435077463529309,0.0,0.0087856143347215,0.098786,0.325507,0.94408
186,2019,8.31943702697754,20.830092150985703,0.075585,0.6666666666666667,14.161353998737225,0.040521084160994,0.1334789971218273,0.0780463369238667,0.110348,0.229438,0.452187
186,2020,8.57783985137939,20.7618034763002,0.138934,0.6666666666666667,22.522608799707367,0.0515178379741629,0.156348109782401,-0.017391715509102,-0.015656,0.183991,1.248748
186,2021,8.26070594787598,20.77313552380245,0.116333,0.6666666666666667,18.23066894740512,0.0380313726758928,0.1423670516386955,-0.0357230043740833,0.009651,0.18401,0.433629
186,2022,8.3426628112793,21.03327760959397,0.09524,0.6666666666666667,15.675084269073436,0.0247000907074737,0.1170334138466754,0.0859474243759674,0.026687,0.201138,-0.206673
186,2023,8.29063320159912,20.96430680420154,0.139434,0.6,24.066021297182523,0.0333411086714947,0.0,0.025604267210361,-0.018504,0.165751,0.887087
186,2024,7.89408016204834,21.01685349108286,0.11666,0.6666666666666667,19.061797220050604,0.0211207887202868,0.0,0.0068919227045879,0.021733,0.182066,0.938716
281,2016,13.1534261703491,20.236812472105317,0.099102,0.6666666666666667,5.510116846244625,0.0108999512313016,0.0,0.0522103228781332,0.058552,0.310197,-0.206419
281,2017,12.9769277572632,20.281424091840268,0.086655,0.8,4.536780433461369,0.0089173778243993,0.4319901391373856,0.0052795389288783,0.061851,0.303332,0.018912
281,2018,12.9585399627686,20.26774130958201,0.045134,0.75,3.990942147638492,0.008561028853781,0.4578379711000528,0.0648073732511264,0.06961,0.236741,-0.019506
281,2019,12.7435350418091,20.37679178101192,0.04352,0.8333333333333334,3.213783209351324,0.0051387570411601,0.4211453587966745,0.0849890302050576,0.075851,0.252843,0.047174
281,2020,12.8175182342529,20.817857571867368,0.035305,0.8333333333333334,3.701201517027988,0.0040711399659914,0.3324290546073827,0.0473030805601587,0.056261,0.174637,-0.167431
281,2021,12.7639846801758,20.9568789153576,0.031944,0.8333333333333334,2.602082014591949,0.0044479558145903,0.3495064916941864,0.0696170988275172,0.055175,0.257608,0.01741
281,2022,12.7437086105347,21.006412963846586,0.031958,0.8,3.053439970408709,0.006384234734633,0.334730191195669,0.0374240174739887,0.032547,0.272751,0.075075
281,2023,12.5741386413574,20.97344244766057,0.055514,0.75,2.656379162293724,0.0116167783599282,0.3288817727403283,-0.0024290687275162,0.039281,0.181075,0.026631
281,2024,12.3011560440063,20.99646445939687,0.069419,0.8333333333333334,2.7012341772316373,0.0080387926303683,0.3029688810320839,0.0717528450013068,0.060028,0.199997,-0.056773
283,2016,9.38245487213135,20.81264890627485,0.081218,0.4166666666666666,3.90504460675509,0.0014971630452024,0.0821704385646457,0.0175445372064715,0.056538,0.342144,0.20168
283,2017,9.72747421264648,20.82338683636968,0.102889,0.8333333333333334,4.872313914898667,0.0035738681214421,0.1762726718617442,0.1532326097647273,0.053217,0.324905,0.023479
283,2018,9.75941276550293,20.74548675403701,0.080934,0.875,5.994255287035768,0.0113950055365719,0.0,0.0179822397174449,0.016335,0.27735,-0.098225
283,2019,10.3723754882812,20.67750135473377,0.172648,1.0,11.704445554844808,0.0110540660126201,0.3433410064168399,-0.0191866568219634,-0.085869,0.301365,-0.164871
283,2020,10.4193506240845,20.99937998791968,0.074716,0.8333333333333334,7.568188455607168,0.0221588870880215,0.3259891493403957,-0.0234321478442102,0.009427,0.484984,0.070509
283,2021,10.7329778671265,21.16326901596224,0.120106,0.8,11.193541104671771,0.0097454108424007,0.427560423529385,-0.0902027775431957,-0.077723,0.639084,0.222004
283,2022,12.4004278182983,21.290781960223512,0.090068,0.8,9.089291162780814,0.0037213026170126,0.5396289368291335,-0.0136806857831556,-0.013287,0.695695,-0.394513
283,2023,12.2640628814697,21.106886651929205,0.154026,0.8,15.732344705855477,0.0156575595121692,0.0,-0.0078445626934823,-0.161918,0.797943,-0.054257
283,2024,11.9346675872803,21.173345155660737,0.140524,0.75,13.780944835775063,0.0105220828930697,0.5439878597706285,-0.0619130527680899,-0.139599,0.614303,0.458218
213,2016,12.6058502197266,21.037522799290205,0.120633,0.3333333333333333,6.916354469466243,0.0349252421280673,0.408849432709649,-0.0243045445472866,0.043274,0.590261,-0.039131
213,2017,12.6277990341187,21.196767257880243,0.154617,0.3333333333333333,7.418125151806917,0.0480269178036933,0.400446471673216,0.0283112882151611,0.03835,0.587114,0.150978
213,2018,12.6528310775757,21.364539486082272,0.064362,0.3333333333333333,7.842580609216979,0.0319308409358437,0.3541203495314526,-0.0178817472266427,0.021934,0.665744,-0.064498
213,2019,12.6879138946533,21.41214556275508,0.036845,0.2857142857142857,7.712245400442606,0.0280193465243196,0.3206825502446968,0.0606737116645219,0.034316,0.650614,0.14578
213,2020,12.6351757049561,21.552490412902237,0.048911,0.1666666666666666,7.360516145720009,0.0191111103897555,0.2787969229028359,0.0669747440060601,0.063212,0.630678,0.001604
213,2021,12.7699146270752,21.97856375855149,0.047127,0.1666666666666666,6.399357054802259,0.0138118966037351,0.235488397648759,-0.0008878075089483,0.036424,0.508686,0.214336
213,2022,12.6358299255371,21.996807670986662,0.03451,0.1999999999999999,7.666464516542325,0.0204167517894103,0.280941779713172,0.010000708103119,0.015784,0.517573,-0.096102
213,2023,12.5757894515991,22.09848696695853,0.037495,0.25,6.8247501727246025,0.0135742452790306,0.2761284705017398,0.0426706458484138,0.034423,0.529469,-0.008674
213,2024,12.7663450241089,22.02712238843191,0.041259,0.25,6.359147997474541,0.0144957492306204,0.2956034292584567,0.0944618518989254,0.050023,0.457357,0.030867
208,2017,10.6229791641235,20.957326727378867,0.084906,0.5,4.126729230041666,0.0051830360080217,0.2020119180625747,0.1059756883356361,0.079156,0.111323,-0.037484
208,2018,10.6205816268921,21.115230291546897,0.065935,0.3333333333333333,4.525674113195512,0.0149604459653406,0.192598204429842,0.0278406941492231,0.102194,0.173128,0.639323
208,2019,10.6214160919189,21.1193478978007,0.066432,0.3333333333333333,4.973428668933052,0.0204153854948437,0.1978280201564125,0.1594130905958566,0.111816,0.116391,-0.330309
208,2020,10.7737216949463,21.082214495803164,0.069706,0.3333333333333333,6.049746073067484,0.0251940397811197,0.1969430765137364,0.0030802892062338,0.050416,0.100639,0.386876
208,2021,10.6307649612427,21.02471036924662,0.075735,0.3333333333333333,5.640571480723178,0.0172070340497512,0.2071823905321305,0.0511402818349669,0.052246,0.113523,0.140594
208,2022,10.6284170150757,21.164151125297508,0.06722,0.3333333333333333,7.1963390813437,0.0128401591427293,0.1747078047232669,0.0676729204031331,0.114816,0.149221,0.010621
208,2023,10.4962911605835,21.240475819861096,0.056807,0.4285714285714286,6.250059142536525,0.0152377081671567,0.1452835640534317,0.0685592146820491,0.090473,0.181428,0.124965
208,2024,10.3403568267822,21.41338134580522,0.068819,0.25,5.127148614137102,0.0049901544945991,0.1234524852759775,0.0921330825174366,0.135315,0.217469,0.137724
196,2016,9.64188480377197,20.315729033042672,0.158514,0.6153846153846154,5.072758819858539,0.0057470624117185,0.0,0.0228481509508456,0.078817,0.221195,2.220393
196,2017,9.4691047668457,20.36159723225499,0.16552,0.6,3.3284513558042983,0.0146911087487739,0.124412271630068,-0.0719706573854968,0.069663,0.19735,1.14926
196,2018,9.48375701904297,20.45493353908549,0.115749,0.625,2.4587973007666397,0.1344499202980592,0.1215508937580209,0.0121307474399535,0.084469,0.181901,1.894062
196,2019,10.4203548431396,20.51154277692813,0.091751,0.4,11.28366683522859,0.0086293176408644,0.1642603426480013,-0.0458778145168975,0.060059,0.182984,0.694919
196,2020,10.2351350784302,20.60985356040976,0.095172,0.375,9.522535822215444,0.0700444506556942,0.1931098972767125,-0.0183501406435116,0.070517,0.197445,0.823959
196,2021,10.8158512115479,20.654128259050708,0.129104,0.3636363636363636,11.598961670897706,0.0265675745190545,0.2078021487806748,0.0439190735044504,0.028636,0.201106,1.746575
196,2022,10.8611602783203,20.966809776665947,0.124068,0.3333333333333333,11.565644802214576,0.0905964433413517,0.1528275744826291,0.0180781916943089,0.027967,0.194534,2.397925
196,2023,11.1185503005981,20.959505447251477,0.131685,0.4,9.55378240168402,0.0212572735242788,0.1619623778236712,-0.0674436472068899,0.004543,0.184214,5.137845
196,2024,11.048318862915,20.92064927089452,0.215499,0.4545454545454546,22.028007872681883,0.0090588680483952,0.0,-0.0394889174472448,-0.021823,0.179711,2.313368
236,2016,9.93232440948486,21.25672720403091,0.127697,0.5714285714285714,7.562556152348495,0.0155118396786084,0.4772265881854851,0.0122320882259911,0.03923,0.465228,0.348156
236,2017,10.2727336883545,21.111035111228883,0.168115,0.5,9.383130532215503,0.0177160825214889,0.4367285906419322,0.0374820946975692,0.016978,0.371391,0.225092
236,2018,10.4945011138916,21.169358837928726,0.072186,0.5,6.686570076167131,0.0085646058664108,0.4682824042655061,0.0656334623779821,0.044989,0.387016,0.146184
236,2019,10.7097215652466,21.2744512751607,0.060322,0.5,7.08032894016724,0.0218603158197033,0.4728908510409357,0.081355342680058,0.061172,0.387845,0.106016
236,2020,11.0083723068237,21.406221021897363,0.056038,0.5,6.42684129586129,0.0166869452379296,0.2601527621523528,0.0760169777585311,0.081667,0.378656,0.170695
236,2021,11.015025138855,21.582446401727783,0.051522,0.5,5.507487912991175,0.004030735676206,0.2458572363776907,0.0100658749971466,0.077069,0.394121,-0.136114
236,2022,10.8585844039917,21.7349508928374,0.060645,0.6,5.814923660822732,0.0077588172204892,0.2280592744191144,0.1909062673757096,0.073292,0.394635,-0.245657
236,2023,10.8284702301025,22.06351134437481,0.098534,0.5,6.393073882868105,0.0068869469751477,0.1986820746991259,-0.0649980447361225,-0.045381,0.615202,-0.076234
236,2024,10.6942338943481,21.91903962195921,0.08543,0.6666666666666667,6.828575986675023,0.0053208966116992,0.2309665991629657,0.1420336188547014,0.002744,0.555346,-0.030166
309,2017,10.5168170928955,21.095400576326305,0.093581,0.375,4.973187077492796,0.0033567859404357,0.1607346275727092,0.0877241009629432,0.076002,0.332248,0.108909
309,2018,10.7652921676636,21.35101803209194,0.078132,0.5,5.145663521611864,0.0137282353330982,0.2752351436276324,0.0325408007953169,0.088623,0.381029,0.181904
309,2019,11.1548290252686,22.01638357103148,0.064788,0.5,4.903697193343507,0.0283794020356067,0.310022317575491,0.0869331322811982,0.096756,0.507309,0.229779
309,2020,11.4619092941284,22.268407410091083,0.068606,0.5,6.834590225829407,0.0338138109128152,0.3629518584987947,0.0790300254685498,0.04418,0.426966,-0.103407
309,2021,11.6383695602417,22.43333475459884,0.077189,0.4285714285714286,6.590472710472109,0.0314140322796863,0.3754267911041095,-0.0050686586079048,-0.004808,0.523692,0.293488
309,2022,11.6895303726196,22.559113357875447,0.069965,0.5714285714285714,6.045693629777798,0.0173093372798877,0.4053740449276077,0.0018643526049076,0.011884,0.57711,0.233924
309,2023,11.7611312866211,22.72238685849484,0.069684,0.5714285714285714,5.322041629048012,0.0049964098143064,0.3640730004734354,0.0800059587097947,0.010661,0.48412,0.263412
309,2024,11.6261014938354,22.78515613811028,0.053844,1.0,5.230912413346929,0.0053969419209337,0.3649000723199277,0.0447831015718923,0.022038,0.493371,0.28221
349,2017,11.1063499450684,20.07372014145033,0.173463,0.5,8.729745752301293,0.001687438582756,0.2283295753788858,0.0830817515480335,0.059386,0.133375,0.315885
349,2018,11.3911304473877,20.11983879388623,0.119525,0.75,8.99752241452122,0.0069983765264467,0.0,-0.0126594505097941,0.028471,0.144219,-0.063605
349,2019,11.3460807800293,20.113700246539143,0.102176,0.75,10.096849698918849,0.0114538648788115,0.0,0.0550628227087661,0.031175,0.124048,0.23416
349,2020,11.3280982971191,20.14394190546593,0.131528,0.6,7.113124936486863,0.0202837068553859,0.0,0.0700133235791892,0.008833,0.143241,0.223455
349,2021,11.4538679122925,20.18691187419843,0.114393,0.5,6.052634567191364,0.0016428199222784,0.0,0.0446556480837843,0.012399,0.166914,0.155979
349,2022,11.0249662399292,20.61062809413006,0.090466,0.5,5.205929537110276,0.0035644721976034,0.0,0.0339449576706482,0.060946,0.373953,0.627761
349,2023,11.5560216903687,20.363701594158,0.076949,0.5,4.941538456147514,0.0019715723118487,0.1668422564921271,0.1986999528364313,0.103768,0.225832,-0.583976
349,2024,11.4095582962036,20.30038683804216,0.179199,0.5,9.31706895232576,0.0024835387261702,0.1945128730176795,-0.001436637313675,-0.027982,0.19532,0.179663
74,2017,10.2698850631714,20.15243843194705,0.162102,0.5,8.966291755303105,0.0452453288126569,0.0,0.0834296353119079,0.106532,0.152288,0.019394
74,2018,10.4587688446045,20.526138001425608,0.115563,0.75,9.304800560132149,0.0431226025648939,0.1868259805650949,0.0357080865764301,0.099208,0.323351,0.237108
74,2019,10.6233539581299,20.573161459984806,0.162877,0.5714285714285714,9.678737293990352,0.0279640057008631,0.1979600709789605,0.0862278361210579,0.068842,0.255606,0.136911
74,2020,11.533766746521,21.206799878122105,0.159482,0.5,10.046424342915024,0.031742151240494,0.181803105727087,0.0351733470950546,0.037371,0.134953,0.058552
74,2021,11.2686214447021,21.29303073624841,0.119091,0.3636363636363636,11.580710662928066,0.037871511363811,0.2200938795683429,0.048830095833843,0.073993,0.132548,0.005149
74,2022,11.8380823135376,21.39715701745068,0.121439,0.4,15.554714243338443,0.0644578608891236,0.332310176145112,0.0316925677754786,0.060047,0.158913,-0.169389
74,2023,11.9335250854492,21.41677405236043,0.121476,0.5714285714285714,17.454203660610318,0.0369136053191471,0.4038031406467793,0.055879008178191,0.029807,0.148638,0.002732
74,2024,11.5434970855713,21.805645192920327,0.119318,0.5,14.716818541684898,0.0235460099766151,0.3149266400731072,0.0633889011564236,0.024558,0.335426,-0.181407
340,2017,12.6540269851685,21.031741043245457,0.099899,0.6363636363636364,4.862972618062419,0.0131854994653995,0.0,0.0903422496659289,0.105887,0.10335,0.04748
340,2018,12.5823583602905,21.168314379724144,0.0809,0.7142857142857143,4.845343553365677,0.012052174944624,0.0,0.1674990633439735,0.106159,0.134752,-0.069698
340,2019,12.4086952209473,21.62145411311548,0.061816,0.625,5.515914234569815,0.0098935292461786,0.0,0.0812169614246376,0.077239,0.084828,0.16883
340,2020,12.5242614746094,21.80199245157065,0.061752,0.375,7.358018182778646,0.0100176805156944,0.3030546657025385,0.077904821204792,0.095998,0.152142,0.126946
340,2021,12.6837768554687,22.46836844649479,0.070145,0.3333333333333333,7.423766732796073,0.0112696252410797,0.3199602819315463,0.0692188653725471,0.086003,0.313982,-0.136849
340,2022,13.6225109100342,22.75467514110546,0.074627,0.2857142857142857,11.677694499822858,0.023937400423651,0.5627493019769747,0.0442363160129574,0.046623,0.444969,0.209407
340,2023,14.0081825256348,22.767322831705208,0.074752,0.5,12.210671041131288,0.01898249842297,0.6872994689218327,0.1210347232310461,0.026421,0.430743,0.294
340,2024,14.0429534912109,22.80917912859757,0.045332,0.5,9.55705837884398,0.0416158415442989,0.6628885383336,0.0894120383209949,0.061858,0.259611,0.128026
326,2023,10.5708446502686,22.907655629307044,0.030573,0.75,11.478111804473516,0.0089250532963397,0.1568953967784458,0.2027970672136851,0.226244,0.085478,-0.047149
326,2024,10.4676179885864,23.003044086853823,0.027803,0.8,9.950462911122289,0.0064040083486556,0.0,0.2566808066764041,0.270894,0.084592,0.047723
47,2020,10.0981950759888,20.87054497449684,0.12315,0.6666666666666667,10.328202401297975,0.041721540779785,0.0,0.0970952832122909,0.043358,0.220585,-0.018063
47,2021,10.566029548645,21.000386157960698,0.103131,0.7142857142857143,12.948136861786097,0.0104859300398911,0.0721060741966734,0.108359556476561,0.073546,0.165383,-0.025723
47,2022,10.2405185699463,21.10988714429768,0.100094,0.6,11.337096412799015,0.0035616606589855,0.0,-0.0881475999648517,0.089347,0.16105,-0.036922
47,2023,10.0041370391846,21.397432228505757,0.093741,0.6,10.906230466330962,0.0059633212140521,0.0580698551233497,-0.0243486472113636,0.073438,0.153956,-0.013744
47,2024,9.85386753082275,21.46074495089796,0.08871,0.6,9.942091983881102,0.0029224402034989,0.0,-0.0164828876595216,0.061631,0.160105,-0.403431
160,2022,10.4969692230225,22.579436947545958,0.016362,0.6,10.458264026008132,0.0122836209019987,0.1176722198656621,0.0468104515348685,0.056954,0.620626,0.478379
160,2023,10.4844665527344,22.682696470939923,0.022271,0.75,9.280588772793193,0.0076195237753876,0.1040028947265931,0.0921716470637107,0.079629,0.559058,-0.120415
160,2024,8.51760673522949,22.744688267781257,0.021768,0.75,8.776613872245393,0.007799919594705,0.0757895517093264,0.0582702871733724,0.089659,0.521402,-0.079212
410,2017,10.5159502029419,20.80441110949185,0.138988,0.7777777777777778,5.98976693866972,0.0242288923683064,0.3134089317904857,-0.0761543572092329,0.036604,0.493815,0.80229
410,2018,10.7899112701416,20.9707552529282,0.128953,0.7777777777777778,5.894779856576453,0.028945067124592,0.2865951807382868,0.0320515492746818,0.021674,0.539487,-0.044162
410,2019,10.8452854156494,20.982460960587765,0.159787,0.7777777777777778,5.626726935603484,0.0103228571080139,0.3246084410040113,0.0198667411635409,0.014141,0.503763,0.550795
410,2020,10.9894580841064,21.089596110590147,0.126657,0.6,6.827897576749161,0.0324262069921323,0.3072542701893428,0.0103735199875837,0.011126,0.52212,0.540324
410,2021,11.9319200515747,21.459743952880647,0.162045,0.6,7.269856706235493,0.0160879744467299,0.2928007173259481,-0.0536208968883493,-0.090675,0.469399,0.74216
410,2022,11.9920892715454,21.600839172300294,0.083958,0.6,3.451894894766508,0.011837174826961,0.2788765546754195,-0.0599636046541488,0.00425,0.452871,0.368881
410,2023,11.933048248291,21.529164297924023,0.13631,0.5,6.690382829772328,0.0119488475702408,0.4357212160253766,-0.0043154498283055,-0.157796,0.561279,-0.406032
410,2024,11.9927930831909,21.434087139194755,0.114184,0.5,9.599765215175934,0.0037479907435029,0.4765154176817731,-0.0009044180164252,-0.194944,0.706801,0.114779
296,2017,9.91544532775879,19.91970809982122,0.130813,0.5,7.071872492879877,0.0518460020377017,0.0,0.0134658152086896,0.092064,0.047692,0.777782
296,2018,8.79707527160645,20.24249826404524,0.068689,0.75,6.744643079272759,0.0250141455380782,0.0,-0.0198733769480249,0.088733,0.246065,-0.251807
296,2019,8.67096328735352,20.29218400045863,0.063565,0.75,5.500044573720004,0.0192727646261898,0.0,0.0790233926659307,0.05766,0.219411,1.369401
296,2020,10.0775308609009,20.513122084331368,0.046436,0.75,4.046599254808925,0.0138737727461484,0.0,0.0241892286471417,0.064638,0.325243,0.623765
296,2021,11.2966833114624,20.53894223707297,0.035782,0.8,4.148847021585245,0.0114113853989579,0.0,0.057393698703981,0.093132,0.317203,0.17786
296,2022,11.0285577774048,21.15021137969157,0.041381,0.8,4.787155459016847,0.0099854571605138,0.2809460450965977,0.0513492276910438,0.059695,0.243848,-0.011775
296,2023,14.3139400482178,21.289858178796568,0.059956,0.8,6.627959180831498,0.0219101901192489,0.3474148483544655,0.0554150877608853,0.008304,0.329832,0.162778
296,2024,14.1832599639893,21.18726888436377,0.060631,0.8,6.761618568984648,0.0170386349406953,0.3750846746232677,0.0699884208834241,-0.072448,0.350259,0.512409
256,2017,11.8535003662109,21.23779010523605,0.068166,0.2857142857142857,4.311252750306116,0.059862230164492,0.4284974058017085,0.0863577919766529,0.048832,0.6926,-0.451447
256,2018,11.8833055496216,21.60667826477256,0.023451,0.4,3.713158258403576,0.0345140843411654,0.3591188656985133,0.1395331022415019,0.043994,0.757247,-0.079067
256,2019,11.7776174545288,21.97947539614136,0.029572,0.5,3.924967594793167,0.0417569363060413,0.2920388318010948,0.0201357465410128,0.048203,0.573932,-0.298274
256,2020,11.9636259078979,22.26004118313405,0.033603,0.6,4.757777089336714,0.048335651208176,0.3250916338302613,0.0524106717496901,0.016827,0.644361,-0.112146
256,2021,12.0333099365234,22.291915541322822,0.043548,0.3333333333333333,4.715253171037398,0.0157857862399509,0.42646754573515,0.0200559880051647,-0.059769,0.65266,0.176888
256,2022,12.2602643966675,22.328716345342723,0.050501,0.5,4.84844408689998,0.0255275757288014,0.4179548201798556,0.0202065118064447,-0.06471,0.58744,-0.111089
256,2023,12.111834526062,22.460773801323533,0.04249,0.5,3.107517059575161,0.0107195928804533,0.3402733679456045,0.0251229197300379,-0.086735,0.728125,0.044674
256,2024,12.0470151901245,22.61135100508437,0.025646,0.5714285714285714,2.100812419935476,0.0110484412278249,0.4199096111477151,0.030665070008965,0.0168,0.786988,0.010863
91,2017,11.7249002456665,20.596129446704552,0.11723,0.5,5.907885032690779,0.0317475711257964,0.4387458194718536,0.04499397238561,0.072214,0.355052,0.158243
91,2018,12.0140285491943,21.09078563346018,0.064205,0.5,7.168905821191279,0.0304089949753464,0.3078265859685932,0.0035488240923804,0.040336,0.573541,0.042421
91,2019,12.0984668731689,21.1055598222527,0.099253,0.5555555555555556,7.241807304836207,0.0415883776457001,0.3510521626739757,0.0645646388055962,0.043494,0.529051,0.157646
91,2020,12.2320175170898,21.58678968880092,0.078145,0.7,6.327325738726958,0.0139778203329189,0.3346004546507298,-0.0192034371875625,0.060333,0.540319,0.030133
91,2021,12.3983592987061,21.7884717411061,0.072304,0.7,6.164782285943011,0.0256649428218761,0.3449776600310859,0.0354675086226007,0.034237,0.494806,0.175959
91,2022,12.3531827926636,22.34960470301019,0.081552,0.6666666666666667,5.316472278589179,0.0018271603100248,0.3194255682811333,0.003243233938715,0.046679,0.216141,0.066057
91,2023,12.2211837768555,22.559304849175057,0.087158,0.8571428571428572,6.602257443279027,0.0148906648473273,0.4113069180412729,0.040025471946042,0.035148,0.341511,0.145913
91,2024,12.3358125686646,22.8853747679048,0.075816,0.8571428571428572,6.027517365683654,0.008731729429295,0.4481888523986145,-0.0110858468111197,0.031495,0.490432,-0.018027
147,2017,10.306396484375,20.806029209802517,0.37723,0.3333333333333333,31.972360578916835,0.092051180971411,0.1663249124913358,0.0815096445662496,0.042226,0.116266,2.95899
147,2018,10.2741374969482,21.2100718368608,0.120105,0.8,39.15962353216253,0.2382084033832261,0.1160359549639261,-0.0464732710673627,0.027577,0.381976,1.944453
147,2019,10.27121925354,21.35456251775476,0.107017,0.8,28.11892388603469,0.1254165817135698,0.1261256106297155,0.1210812399848407,0.035878,0.404753,0.435916
147,2020,11.155891418457,21.801635761357613,0.096291,0.8,26.794422317342782,0.0786497314249238,0.0,0.0449065189490405,0.023711,0.580439,0.937271
147,2021,11.7036104202271,21.970016415664027,0.034954,0.8,14.50793985910644,0.0767072735671789,0.0,0.0507879197358753,0.084003,0.570481,-0.517724
147,2022,11.8234214782715,22.8621925397356,0.031944,0.8,14.056471401182272,0.0215607740348655,0.0,0.0642762832148022,0.018007,0.529341,-0.446817
147,2023,11.6933250427246,22.71664158448857,0.024038,0.8,14.475344050223448,0.0315018465403243,0.1287231797607229,0.1212092927246083,0.01164,0.440895,0.60314
147,2024,11.4104604721069,22.760273875544648,0.050615,0.8,34.14350774744939,0.088667236539027,0.0,-0.0062207029254534,0.012539,0.464388,1.208696
195,2017,10.6886444091797,21.946990113454245,0.151928,0.25,8.713303143745325,0.0103973080570553,0.1114618591953674,0.1584119145635034,0.106593,0.082256,0.000306
195,2018,11.2416934967041,22.062935400917493,0.076527,0.5,9.919243614222752,0.005676512148035,0.145502097544912,0.0877543423868442,0.062779,0.103525,0.187907
195,2019,11.2286252975464,22.160232104134117,0.057029,0.4,9.451524178447226,0.0057296023686417,0.1900639478529756,0.0099434376154426,0.042647,0.163246,0.127714
195,2020,11.4672927856445,22.27312478740347,0.05365,0.4,10.576714809597878,0.0095412336735651,0.186417229734869,0.0935215634659413,0.058172,0.224103,-0.065661
195,2021,11.5301847457886,22.50370718896002,0.066689,0.3333333333333333,8.779308204397303,0.0050836339897655,0.1828443526562985,0.0874337518562376,0.063938,0.312117,-0.042487
195,2022,11.6233510971069,22.48280891659625,0.091373,0.3333333333333333,8.915799175816117,0.0059790994958872,0.2315175116771594,0.0560048081067162,0.080548,0.249765,0.063555
195,2023,11.4541940689087,22.5629258104186,0.087738,0.3333333333333333,9.468868751181509,0.0037099597148863,0.2600767727372223,0.0513901388092211,0.058548,0.256762,0.100505
195,2024,11.3860940933228,22.72676490038936,0.075512,0.3333333333333333,8.528547499981473,0.0041139563691565,0.2617315391884526,0.0689207143690629,0.085396,0.304855,0.117779
142,2017,11.4782133102417,20.52445181248565,0.119298,1.0,3.8034214940760234,0.0004972174729565,0.3577983525919924,0.0160386130906834,0.051258,0.246424,0.314396
142,2018,11.6194486618042,20.823822730354475,0.089942,1.0,4.116269986605591,0.0113966958834736,0.4438335055129699,0.0267708505042594,0.006176,0.438144,0.320898
142,2019,11.4234848022461,21.30703580285868,0.049935,1.0,4.954221422058434,0.0043324784217601,0.3824009020452483,0.0828962673009694,0.090296,0.53659,-0.026998
142,2020,11.4771537780762,21.96102121547039,0.042058,1.0,4.950979631191851,0.0027032413418816,0.2434967111705509,0.0736138849810491,0.041443,0.413025,0.187319
142,2021,11.5620698928833,21.76760320595828,0.047786,1.0,5.32334816554665,0.0013467664441282,0.2888090641478649,0.0502572082374661,0.020173,0.391429,-0.229876
142,2022,11.3362083435059,21.67140119731133,0.065325,1.0,5.371461367803185,0.0022118066938641,0.2904062233900382,0.0572757993079301,-0.084916,0.435326,0.028518
142,2023,11.2266416549683,21.59793365022957,0.088588,0.75,6.928704994432181,0.0019325159066519,0.3076879801940439,-0.019463397124738,-0.106429,0.499111,0.071346
142,2024,11.1877136230469,21.47750307531536,0.068455,0.8,5.21027145080313,0.0010933706671746,0.3139684166560771,0.0676349509512564,-0.072375,0.512927,-0.007994
43,2017,11.5713424682617,20.21612041703186,0.127321,1.0,4.031641359607251,0.0135990791531799,0.0,0.0839237326473843,0.087851,0.112141,0.010327
43,2018,11.7026147842407,20.303867544506065,0.086903,1.0,3.911096040532536,0.0067406304269728,0.3347503594193878,0.0646233787550472,0.083381,0.130072,0.312048
43,2019,12.0109882354736,20.37541986895588,0.120823,1.0,4.179183274080322,0.0608368612357238,0.5101233156795193,0.0790502420824807,0.065326,0.144373,0.119122
43,2020,12.0246429443359,20.36591784684863,0.120448,1.0,4.376167277927956,0.0371727328939443,0.4817489740499348,0.1040234960588973,0.035759,0.11606,-0.12376
43,2021,12.0445222854614,20.447937270200644,0.09858,1.0,4.132539541804316,0.0028662555785915,0.4135611288249314,0.0480123701628704,0.022977,0.160092,0.23281
43,2022,12.0746335983276,20.515430871168768,0.085327,1.0,3.396470066678374,0.004209025574167,0.3746746030305596,0.0846886146592263,0.052463,0.16673,-0.041658
43,2023,12.1227836608887,20.478243400754963,0.131662,1.0,3.876281439843566,0.0125354482962289,0.3656709199291997,0.0909021985960829,0.011106,0.116518,0.032137
43,2024,12.1561079025269,20.487658929928003,0.123657,1.0,4.058555944144248,0.0135313546680713,0.319614138181757,0.0395758903006285,0.014975,0.137377,0.213333
30,2018,11.4428834915161,21.074737381306704,0.055742,0.75,8.227193349328383,0.0068179385425039,0.0,0.0592897043879122,0.050887,0.406058,0.149935
30,2019,11.642258644104,21.216953361143023,0.043008,0.6666666666666667,8.97997311650632,0.0051425588518565,0.0,0.02707670583976,0.044739,0.447359,0.039742
30,2020,11.5322427749634,21.28124417182702,0.051803,0.8,9.178558190396735,0.0121937493048893,0.0,0.066355779890435,0.028577,0.45518,0.172002
30,2021,11.8644981384277,21.668649521133982,0.063284,0.6666666666666667,9.155491344618603,0.0061058067874877,0.0,-0.0082835567645621,0.028886,0.405267,-0.02105
30,2022,11.8188562393188,21.652111275491464,0.073146,0.6,10.603749365493943,0.0107669476487988,0.3019660865342622,0.0511085784874574,0.022126,0.367513,0.069235
30,2023,11.6446552276611,21.682863812801887,0.067135,0.5,10.39790802691129,0.005120328065861,0.3083734871840263,0.0738761184790207,0.024518,0.372123,-0.13244
30,2024,11.6621656417847,21.82697440307429,0.072063,0.4,11.359297933717524,0.0127165192529609,0.3347165529692076,0.0051975109987209,0.010914,0.466754,0.14728
332,2017,10.0392961502075,20.1586413324138,0.120333,0.7272727272727273,5.168907849757443,0.0073176810212142,0.1890440193147138,-0.0923954177744798,0.048084,0.332496,-0.265887
332,2018,10.245795249939,20.267548508066504,0.071323,1.0,5.770388542942649,0.0177941091210113,0.1790149869647471,0.0242814945188416,0.006761,0.399669,0.174065
332,2019,9.97226905822754,20.471711570499487,0.057296,0.8571428571428572,3.54618504572836,0.0034855042213006,0.1531055332971703,0.0113311716329801,0.014121,0.432147,1.131732
332,2020,9.81851291656494,20.44897505193253,0.046289,0.8571428571428572,5.317855742337272,0.0042586576878841,0.0,-0.0201940661727542,-0.008384,0.426652,0.513091
332,2021,9.52607154846191,20.65808241469948,0.056703,0.8571428571428572,6.9023547430309184,0.00532156872388,0.1425670522872473,0.0019242727148778,0.003071,0.531767,3.074051
332,2022,9.71620845794678,20.52287733504169,0.059082,0.8571428571428572,8.428205768114397,0.005004832983938,0.1326896633325659,-0.0262010646783477,0.033324,0.499674,0.736804
332,2023,9.92609596252441,20.61280888295867,0.056833,1.0,8.314613583673868,0.0157764994585545,0.1482253154664969,0.0092492800926729,0.071493,0.47326,0.216435
332,2024,11.435001373291,20.80790633101296,0.070864,1.0,9.331942593690496,0.0363760914820602,0.0,-0.0076026552623192,0.037955,0.556986,0.091185
316,2017,10.3136053085327,19.943133543095577,0.107145,0.6,4.1931020637410015,0.0020579508720774,0.1253026001597689,0.1390489117151333,0.13102,0.046468,0.092954
316,2018,10.5304136276245,20.03633066953797,0.071602,1.0,4.45520770388946,0.0113751931184643,0.1178214212155413,0.1263645465907131,0.13977,0.051177,0.136836
316,2019,10.523645401001,20.18275571419137,0.071031,1.0,4.043648265841564,0.0127903657415344,0.0955304538613614,0.1460407741456634,0.141042,0.069953,0.206037
316,2020,10.4971017837524,20.41978055551633,0.051141,1.0,3.506081721311649,0.003345985866934,0.0926488155469889,0.2214703765198482,0.218436,0.081587,0.065283
316,2021,10.7829084396362,20.53279694974404,0.078041,1.0,4.206943993897374,0.0036067755561897,0.1674304240060424,0.0727218450314411,0.151924,0.100426,0.193718
316,2022,11.1719751358032,20.55881466129812,0.0909,0.8,5.781993047832784,0.0054731291289305,0.2483184245900988,0.0793336539083376,0.050663,0.107977,0.30996
316,2023,11.2051620483398,20.91950341203837,0.112714,0.8333333333333334,6.645587028798363,0.0293051569520545,0.1748368151921457,0.0432395066925648,0.046387,0.288867,0.265266
316,2024,10.8907175064087,20.850165237690952,0.078388,0.8,6.506970311942216,0.0352121074990261,0.2015691310316259,0.0833938053808911,0.043191,0.118823,0.132314
376,2017,13.2850589752197,21.11419436801581,0.086321,0.5555555555555556,3.8866367471532417,0.0375248547271272,0.0,0.087144356828573,0.074424,0.517479,-0.124669
376,2018,13.4451322555542,21.731900887633167,0.084604,1.0,8.361485850481582,0.0124800091600921,0.0,0.1293402674103578,0.00743,0.733577,0.655896
376,2019,13.6082324981689,21.713806755594167,0.031378,1.0,3.99324764559321,0.0714234861504132,0.4352807244441052,0.1440175348302962,0.003025,0.728893,0.054853
376,2020,13.5696477890015,21.69985906565349,0.023827,1.0,4.359872966221241,0.072389361316131,0.4430046958987455,0.0876558088134992,0.00805,0.711705,0.021616
376,2021,13.4834127426147,21.824488885928687,0.018333,0.8,4.946276609510747,0.0107424699077103,0.3810562726386987,0.1547282852149141,0.058872,0.450749,0.022265
376,2022,13.5906448364258,22.014901931921838,0.023311,0.8,6.562753047767044,0.0698806748165931,0.3831676513776237,0.1341760673650734,-0.017424,0.556557,-0.090559
376,2023,13.6423559188843,22.279248891480066,0.019388,0.75,5.207348708947944,0.0002614899955767,0.2706460469853127,0.0424648237069114,0.025561,0.3917,0.036689
376,2024,13.5393352508545,22.256309514261577,0.015665,0.6666666666666667,4.692203993898896,0.0038361295654053,0.0,0.1132263849466029,0.042224,0.413495,0.070525
77,2017,11.5361223220825,21.18274108132501,0.128736,0.5,5.868947416694463,0.0103358753766655,0.3458493584576014,0.082189537796892,0.097993,0.197331,-0.157983
77,2018,11.8734922409058,21.22535182867488,0.087449,0.2857142857142857,10.682793152301734,0.0043853819387718,0.4446510986468292,0.0498768244186158,0.022507,0.23468,0.031343
77,2019,11.71484375,21.50807889202128,0.102674,0.2857142857142857,9.31228186546752,0.0020645673064179,0.3461203514342653,0.1789009398084698,0.07813,0.347313,-0.083188
77,2020,11.8771533966064,21.90809598369433,0.066768,0.2857142857142857,9.540432002914445,0.0071829198930796,0.34356381705453,-0.0064551339893917,0.043378,0.477034,-0.11051
77,2021,11.79958152771,21.99898296639272,0.06712,0.5,7.313894469154059,0.002281767004604,0.4236416571516497,0.052415393536422,0.045356,0.34443,-0.155782
77,2022,11.8124284744263,21.98120623228096,0.076975,0.4285714285714286,7.851520191919911,0.0086965106445955,0.3983969756737173,0.0903290317175063,-0.074646,0.46245,-0.443561
77,2023,11.8565492630005,21.89199940166995,0.075444,0.4285714285714286,8.233590346205613,0.0061319330758442,0.4040658494168748,0.1187851504545046,0.041584,0.363648,-0.324004
77,2024,11.632420539856,21.91357964931731,0.083713,0.4,8.247450590469318,0.0048166339176798,0.375164253280554,0.1094693440477294,0.039461,0.346774,0.017399
385,2017,8.70113563537598,20.267089827905647,0.204664,0.1818181818181817,13.456016245767252,0.0360548507003272,0.0,-0.0706769624322074,0.087243,0.123635,0.870293
385,2018,8.47687339782715,20.28109538527113,0.088627,0.4,18.05700190111368,0.0401298437046451,0.0,0.0094706608920603,0.024305,0.129469,0.906466
385,2019,8.34606838226318,20.417926823242023,0.0704,0.6,16.041471980702557,0.011681703844291,0.0,0.0601925311828949,0.023116,0.222391,3.251954
385,2020,8.23843955993652,20.474925524847045,0.079084,0.6,14.719380569271935,0.0126858094732621,0.0,0.0903174801602821,0.039512,0.232173,3.719528
385,2021,8.17819023132324,20.51251747501037,0.072105,0.6,17.181530652511498,0.0098516845466881,0.0,0.045580411896751,0.053966,0.216277,3.788969
385,2022,8.08748626708984,20.6806508871149,0.07594,0.5,16.155411537974068,0.0098879612259289,0.0,0.0835363207819385,0.05094,0.31046,2.114844
385,2023,7.93110704421997,20.73344002032689,0.074264,0.1999999999999999,15.988370241776735,0.0133736533273719,0.0593383896824918,0.0491298632813341,0.060591,0.301768,2.473131
385,2024,7.6921911239624,20.89858696750045,0.081465,0.1999999999999999,13.862202047951303,0.0131004676510842,0.0,0.0633786063950996,0.064112,0.347159,2.775246
106,2017,11.0928392410278,21.11341654806837,0.116329,0.4285714285714286,4.667962347781061,0.0434211773915531,0.1003786933525446,0.0485247747990795,0.134911,0.05365,0.208579
106,2018,10.9786329269409,21.241605675476556,0.092654,0.6,6.747288695964036,0.0782457813771829,0.1120780459847441,-0.0227368934909957,0.130405,0.057987,0.130981
106,2019,11.4587831497192,21.403297021547544,0.082302,0.75,6.744270654149041,0.0399053121590283,0.1271515040273991,0.0418288454823045,0.156572,0.089644,-0.047697
106,2020,11.2023143768311,21.80940264535622,0.077426,0.75,5.991828145004466,0.0427375103973147,0.1763315309088961,0.08661565793615,0.17861,0.256005,0.110694
106,2021,11.3782253265381,22.314118500677385,0.050306,1.0,6.231280124658253,0.0547538501326232,0.1450353585337682,0.107072037946294,0.181502,0.18066,-0.240201
106,2022,11.6634645462036,22.4735479722058,0.051552,1.0,8.553950775733057,0.0246431220214558,0.1604050109454069,0.0886225148454723,0.163638,0.182571,-0.173893
106,2023,11.7401056289673,22.47513869339203,0.08177,1.0,9.442770231809936,0.0582278558794617,0.1701339924958762,0.1050329476237298,0.091996,0.124744,0.147791
106,2024,11.653956413269,22.49840818970829,0.0937,1.0,8.706836035585361,0.0318129224160444,0.1420800153016629,0.0860978926241955,0.056629,0.112966,-0.065328
226,2017,10.9475431442261,21.345729808650237,0.111129,0.4444444444444444,3.518586805114992,0.0107880558245182,0.3219362534122432,0.152645493305167,0.093394,0.135227,-0.214472
226,2018,11.3374557495117,21.47870508705528,0.078346,0.5714285714285714,4.1273439976547,0.0151627559769219,0.400436113818971,0.101919980731036,0.128637,0.146145,0.107986
226,2019,11.3825931549072,21.703781530938645,0.072862,0.5714285714285714,3.254659761658294,0.0149000249599092,0.4462224501551081,0.2039124664148175,0.156357,0.185709,0.305277
226,2020,11.7076530456543,22.32858671604741,0.080634,0.5714285714285714,3.863957047219648,0.011288622485403,0.3047643700808401,0.1091409348554448,0.06229,0.127668,-0.193184
226,2021,11.5273752212524,22.56262101009671,0.059293,0.5714285714285714,2.785537539673592,0.0087746474756897,0.3376143434505626,-0.0041743968315197,0.061395,0.261068,0.371354
226,2022,11.9347496032715,22.4841398872732,0.060776,0.5714285714285714,2.6233512019041387,0.0086864810020602,0.3804286321269865,0.2066910720490062,0.057158,0.167104,0.285329
226,2023,11.376371383667,22.74283713414161,0.052283,0.5714285714285714,2.382141128911831,0.0068586541821941,0.3392503604218284,0.1229411466892224,0.057921,0.312107,0.160824
226,2024,11.5706186294556,22.82978698624296,0.050428,0.5714285714285714,2.0034940674219075,0.0036730116960592,0.3784068482076314,0.1756492052834186,0.041657,0.330929,-0.086854
434,2018,11.8930978775024,21.284670465164027,0.061371,0.75,4.025619687197907,0.0186589936653524,0.3414811484617253,0.1057020406474355,0.069166,0.284987,-0.099421
434,2019,11.9697017669678,21.312914289939453,0.059588,0.7142857142857143,4.725251952103148,0.0177893521566433,0.3783712274542848,0.1221628235602986,0.073706,0.266174,0.024014
434,2020,11.774603843689,21.710739481712803,0.069063,0.8333333333333334,4.106850339138044,0.0210724314514559,0.2890430400307859,0.0637890602635431,0.049459,0.447131,-0.000151
434,2021,12.1357431411743,21.899784063636307,0.065226,0.75,3.8827382576884713,0.0068558849794163,0.3981944742277494,0.0269460220880816,0.033066,0.463252,0.068974
434,2022,12.5015783309937,21.848151542734925,0.061859,0.8333333333333334,4.422416118665566,0.0110073489088643,0.4633309393883059,0.1551689852764136,0.059167,0.393809,-0.140881
434,2023,12.4857358932495,21.97047283182512,0.07951,0.8333333333333334,5.291920647281137,0.0085342585514148,0.475785958208337,0.0917968813968428,0.029266,0.450484,-0.060854
434,2024,12.5812969207764,21.96337545759638,0.070408,0.75,4.897632556539812,0.0056356165486356,0.4998000952920019,0.0450063857129109,0.003094,0.304293,-0.098482
84,2018,10.615894317627,21.5932565509661,0.019421,0.3846153846153846,5.919277534532723,0.0209231263183675,0.0848753622818301,0.1095595019763071,0.184312,0.139563,0.132347
84,2019,11.2139387130737,21.822484818409222,0.01979,0.3333333333333333,5.873823314371132,0.0326278019880537,0.1488238157718363,-0.0192713869243561,0.112746,0.206948,0.460374
84,2020,11.5530424118042,22.06114473055193,0.017748,0.3,7.529290404846605,0.0184318444147026,0.1551587826676859,0.0145526794882154,0.082024,0.30056,0.222451
84,2021,11.4315462112427,22.30300651344545,0.019787,0.1999999999999999,8.433816595777333,0.0185492125122169,0.1659122435748701,0.0150231525609729,0.103426,0.363883,0.006459
84,2022,11.9719276428223,22.422518712334195,0.024209,0.2727272727272727,9.692865107418411,0.0112231157451924,0.2444765037714416,0.0526892624877983,0.010583,0.422185,0.121862
84,2023,12.1760396957397,22.48813539621168,0.02585,0.3333333333333333,9.184993116865002,0.011023293708512,0.24420062647633,0.048980926199871,0.038579,0.434272,0.385356
84,2024,12.1526670455933,22.39381921331565,0.030394,0.3636363636363636,11.09640235443177,0.0175344748031918,0.2567198445657486,0.0960344781451375,0.026531,0.366856,0.113421
175,2018,11.0538539886475,21.138631166117616,0.033783,0.5,4.314311387531482,0.0060318659597055,0.0,0.1399026725291356,0.106754,0.472962,-0.089539
175,2019,11.1786165237427,21.36548748029311,0.032653,0.5,4.97305877854716,0.0130379031842612,0.1554097274998779,0.0337309951453845,0.044886,0.573054,0.266615
175,2020,11.2855339050293,21.626874909107315,0.054802,0.5,5.410980059442321,0.0201595867748174,0.1947348931560642,0.0267524802772741,0.017604,0.643212,-0.006197
175,2021,11.9187383651733,21.667128519612337,0.046285,0.5,5.294394526149042,0.000627427030094,0.2939845821515962,0.0261694573958538,-0.041644,0.579159,-0.008458
175,2022,11.6638498306274,21.260786901430656,0.081456,0.4,6.719411604840225,0.008673324375662,0.2995568006471921,0.1031786835595396,-0.192766,0.548081,-0.221796
175,2023,11.3406400680542,21.30627934948183,0.049215,0.4,5.082282983617935,0.027730268767303,0.2859042017341426,-0.0841016717614786,0.025493,0.387666,-0.007053
175,2024,11.0404205322266,21.40598255788972,0.0365,0.4,4.257101771392343,0.0232828960011896,0.3312105706936829,0.1756486917501779,0.053745,0.403564,0.179878
428,2020,12.0182666778564,21.851532392202117,0.011383,0.25,6.528517055552478,0.0048472567076128,0.0585493313369172,0.3253508918063267,0.346407,0.141805,-0.159094
428,2021,12.1391181945801,22.85717734260913,0.011382,0.1999999999999999,6.566280703986516,0.0456722099076021,0.129051931599348,0.1361014936287325,0.252692,0.096289,0.022933
428,2022,13.3815650939941,22.974938812341065,0.029675,0.1999999999999999,12.216882652736206,0.0033348839866467,0.4916318093664579,0.0991454754772108,0.113466,0.086132,-0.154301
428,2023,13.5429019927979,23.11730832409784,0.035297,0.1999999999999999,14.36509086523876,0.0026531451054988,0.5241639307149948,0.1728581624007985,0.102162,0.105352,-0.073913
428,2024,14.4801874160767,23.3788179490288,0.040295,0.1999999999999999,22.22157577880003,0.0056833301952558,0.5914740482947497,0.0056405457552517,0.02829,0.283291,0.033952
200,2019,9.96193408966064,21.144313183587688,0.048896,0.6666666666666667,6.926594867504276,0.0311598203892949,0.3031572338695019,0.0914328186502546,0.077938,0.259314,0.47605
200,2020,10.0648822784424,21.39999045445268,0.045979,0.8,5.74290358507374,0.0234558477364118,0.4285133667255025,0.0324543206117119,0.057692,0.387852,0.234079
200,2021,10.2751913070679,21.636507350720592,0.05495,0.8,5.194966917468713,0.0128120409441116,0.4340721737793127,0.0008586821653571,0.074642,0.455991,0.412783
200,2022,10.5404930114746,21.719841947548023,0.051793,1.0,5.968789459096563,0.0109263509768199,0.4108336483717441,0.3273273399484748,0.120335,0.423559,-0.255839
200,2023,10.6152667999268,21.906418007942158,0.071585,1.0,9.250327670694343,0.0141833393383546,0.4254200439034543,0.092576953271487,0.039447,0.473125,-0.078044
200,2024,10.5135412216187,22.03319051945898,0.080385,1.0,8.93764369189988,0.0022612796905868,0.4130068727450388,0.0239151607241717,0.016941,0.557879,0.063462
93,2019,11.981086730957,21.475511768512632,0.042944,0.4545454545454546,4.865977060526239,0.0049483232284022,0.3558738171295106,0.1398866343648046,0.048743,0.438511,0.342785
93,2020,12.7172412872314,21.726381724926163,0.038805,0.6,5.089750979576832,0.0063723229214795,0.4288347271481763,0.0117248063875255,0.046485,0.529673,0.435286
93,2021,12.9109535217285,21.95949143996982,0.039814,0.6,6.481485029663943,0.0052139111606005,0.4539705534978852,0.0908258546961634,0.070488,0.524868,-0.157459
93,2022,12.9702415466309,22.17607478576798,0.064479,0.6,7.220750810365498,0.0112295962329462,0.5117127048815429,0.093984476010731,0.03525,0.555727,0.110916
93,2023,12.7949714660645,22.34380974910792,0.057892,0.6,5.6909361606011695,0.0076904320990926,0.47471411665682,0.1080362133322286,0.00938,0.604702,0.168192
93,2024,12.6016807556152,22.39285528823885,0.060454,0.6,6.299009981388686,0.0053700633270673,0.4988622548978322,0.063619378551085,0.036545,0.546679,0.00685
295,2019,9.47128486633301,21.42479586693284,0.03183,0.6666666666666667,3.5185498139908464,0.0012898478585011,0.1796223942805257,0.0377005193204751,0.05987,0.407103,-0.15797
295,2020,9.52176570892334,21.69199386006072,0.031354,0.6,3.9321898508174793,0.0083035735600247,0.1775658698922097,0.0374910821676124,0.025904,0.537307,0.05902
295,2021,10.0573978424072,21.96016953994819,0.037127,0.6,4.290101458856937,0.0118800456052264,0.1878976305700114,-0.0557163708151923,0.015239,0.343036,-0.226364
295,2022,10.4857082366943,21.98265388858795,0.036126,0.6,6.07059573343306,0.0098448660273994,0.2688298162510463,0.0386837149438233,0.049268,0.308719,-0.455596
295,2023,10.3802757263184,21.906034300514023,0.050345,0.8,5.234691555500173,0.0115664134569054,0.0,0.099934589399438,0.040539,0.232416,-0.15393
295,2024,10.438850402832,22.199211320570605,0.053881,0.75,5.216956640925927,0.0162019305411808,0.2558078335419561,0.0801404636329972,0.00927,0.303314,-0.336753
252,2019,9.77144145965576,20.831459726672183,0.061126,0.1999999999999999,6.978046773193027,0.0053030864102656,0.0,0.065665456808973,0.082949,0.118554,0.423215
252,2020,9.70004749298096,20.87598143084169,0.054577,0.1428571428571429,5.9482885420489,0.0232863409964017,0.111046795837458,0.0252417167670465,0.079223,0.116385,0.250139
252,2021,9.70141315460205,20.97440566642028,0.052565,0.4,8.23998543201979,0.0181624949475651,0.1161505429803791,0.0202835360042599,0.076691,0.1768,0.229128
252,2022,9.93634700775146,21.056900286427226,0.050348,0.4,9.738940615219938,0.0222780803991603,0.1196073261147118,0.0114362411490791,0.092264,0.132665,-0.151518
252,2023,10.317346572876,21.34817835932089,0.064669,0.375,11.517345893708976,0.0037976675398829,0.0994666353453838,0.0719617361125185,0.043543,0.086717,-0.415375
252,2024,10.2565975189209,21.335758710384415,0.060208,0.375,10.620228006805869,0.0037333385821923,0.0946170225427213,0.0114719337453107,0.035072,0.122905,-0.186416
184,2019,6.84821224212646,20.6549917651432,0.066343,0.4,11.187335606789247,0.0414158745859581,0.0,0.0161893277187736,0.080074,0.270947,3.194524
184,2020,7.31593942642212,20.45683634953175,0.15386,0.5,26.328437113382623,0.0890966078385311,0.0,-0.0534978344771352,0.003446,0.168872,2.480119
184,2021,7.62643098831177,20.49107334180416,0.177426,0.4285714285714286,29.4977781331897,0.0562459394642585,0.0,-0.1158986809332463,-0.047633,0.241082,3.944324
184,2022,7.67616844177246,20.471361894920705,0.128728,0.625,17.482560245712982,0.0419608900784596,0.0,0.0260164381494964,-0.011612,0.234797,1.637977
184,2023,9.2045726776123,20.39744807483281,0.177344,0.5714285714285714,25.441407818108715,0.0280063361469321,0.0,-0.0558275522152025,-0.069266,0.245771,1.472625
184,2024,9.39279270172119,20.39680415593908,0.243176,0.5,26.45767379273988,0.0109855804637999,0.0,0.0116942346468037,-0.083838,0.329022,4.527551
44,2019,11.8540802001953,20.644021188322355,0.072983,0.3333333333333333,5.8906311398166284,0.0136606732174416,0.2438272981817603,0.0522565250526484,0.091571,0.162532,0.057676
44,2020,11.7723894119263,20.79613834467745,0.066139,0.4285714285714286,5.382358341303131,0.0057821693099829,0.2522001065562267,0.0325095934432946,0.09904,0.197735,0.121234
44,2021,11.7592554092407,20.917838894762102,0.057692,0.5,5.844011592004804,0.0068371614311492,0.2928052827312812,-0.0283742186828347,0.099005,0.18443,-0.001139
44,2022,11.9929599761963,21.53356779911471,0.060192,0.25,6.050184594715658,0.0084431052175484,0.3210774809107903,-0.0022981297069578,0.085859,0.275503,0.185866
44,2023,11.9114208221436,21.644234415555257,0.058726,0.25,6.44900885644033,0.0160508828060512,0.3599685656511303,0.0642371933066918,0.101761,0.240611,0.117
44,2024,12.2250566482544,21.84816587482295,0.050468,0.25,7.043948772290208,0.0072458025944039,0.3765803288248404,0.0365027505280276,0.12136,0.24656,0.012531
151,2021,11.746771812439,21.32329169732401,0.020216,0.4,4.486855572935093,0.0039310686368018,0.2258777590410237,0.0391878164663317,0.052848,0.421056,0.139298
151,2022,12.030460357666,21.338596579941,0.021127,0.6666666666666667,4.817206052299591,0.007627621186597,0.3298683327279025,0.0460747788359711,0.052208,0.390285,0.002198
151,2023,12.2526206970215,21.539680866661996,0.026483,0.6666666666666667,4.324258199931746,0.0118622246209637,0.3270631323339865,0.033744718051447,0.011557,0.486352,0.047068
151,2024,12.086950302124,21.81728098532896,0.035154,0.6666666666666667,5.268120767508214,0.0053723207364482,0.3546522499782467,0.0209027383692918,0.012713,0.599707,0.08073
144,2020,10.3693399429321,21.134524049634432,0.028199,0.75,3.659091000790968,0.0114074381760327,0.1703556744076578,0.125005976776259,0.112093,0.244637,-0.175911
144,2021,10.8751354217529,21.20603796088394,0.03905,0.75,4.527203743349166,0.0090090131562408,0.2988987536489144,-0.0688361562869866,0.077225,0.251673,-0.123601
144,2022,10.8141136169434,21.171212249333045,0.057635,0.8,4.532487336450091,0.0056321835091536,0.3599294154808216,0.099402759157567,0.026925,0.211586,-0.271893
144,2023,10.7451248168945,21.165143598539657,0.074311,1.0,5.614008988018761,0.0028105960393441,0.4076040424365624,0.1646066719277038,0.021432,0.18597,-0.292007
144,2024,10.5980186462402,21.17035290984288,0.080634,1.0,5.323135409298063,0.0048386757614583,0.0,0.0296436075795196,0.02301,0.193903,-0.165947
449,2020,11.5188112258911,20.78633254176228,0.077429,0.6666666666666667,5.20820537343329,0.0242914936274515,0.4015402733087855,0.0533082536561811,0.064047,0.214299,0.308388
449,2021,11.8373756408691,20.934878551948376,0.065928,1.0,5.067323207539723,0.0092319059710156,0.4236895736055328,0.0602490250437377,0.106024,0.228935,-0.041519
449,2022,12.0374946594238,21.229110989976583,0.065876,0.8571428571428572,5.75003468949019,0.0250214735069934,0.4546240795679082,0.008758578097364,0.063393,0.400118,0.099511
449,2023,12.3403348922729,21.475090541932488,0.077823,0.8333333333333334,5.875647152624124,0.0124200098178748,0.3998005168079854,0.0161923415187772,0.03612,0.480949,0.109555
449,2024,12.2880363464355,21.550032132350672,0.062737,0.8571428571428572,5.575176262970915,0.0117563467578899,0.4297588650816681,0.0854362208606968,0.045382,0.516876,0.151908
18,2020,11.7443704605103,21.204833148699045,0.010542,0.4,3.6142619795859634,0.0026368681187888,0.0,-0.3216330430362427,0.050714,0.484378,0.103524
18,2021,11.6220092773437,21.54098432289435,0.005954,0.6,3.488738253937184,0.0032013008861045,0.0,-0.114508085516988,0.041467,0.588615,-0.29092
18,2022,11.6928720474243,21.93377396212189,0.009122,0.5,3.0511612730224207,0.0016367419907355,0.0568978890140231,-0.0586799913025725,-0.006326,0.718248,0.228282
18,2023,11.6392402648926,22.637938613546822,0.003562,0.5,3.2256743011912925,0.0024203778147698,0.0427980141640465,-0.1549057037395755,0.055663,0.802249,0.3374
18,2024,11.9154939651489,22.781461192046773,0.004608,0.75,3.1414571646534277,0.0010096977446616,0.0595723514031307,0.1198575202706547,0.044079,0.785803,-0.020594
25,2020,11.1241064071655,21.015880338636848,0.049563,0.625,4.694761812003366,0.0042842633377891,0.1810108513608699,0.0548259442528431,0.0764,0.352929,0.27891
25,2021,11.0966739654541,21.17124821399598,0.053677,0.625,5.21681988456873,0.0064830921739878,0.2487633008585349,0.0661397430135832,0.068492,0.378335,0.086533
25,2022,11.1799354553223,21.37202702584075,0.065069,1.0,6.537040742937464,0.0089842426799053,0.2569756784436806,0.0737145291853822,0.02897,0.444819,0.087371
25,2023,11.3116645812988,21.49602877052465,0.064007,1.0,7.270877789315376,0.0036502488233287,0.2898742293178528,0.0434033275096017,0.033755,0.474526,-0.14083
25,2024,11.3347225189209,21.496397786912272,0.069328,1.0,6.506143837708807,0.0056170635922329,0.3539383638308291,0.0531586275895707,0.046334,0.291635,0.126335
354,2020,12.2076463699341,20.94196044775286,0.025154,0.5,4.287085511340382,0.0041171009081249,0.0,0.0879738090002324,0.073884,0.129804,0.242589
354,2021,12.2386226654053,21.004641527369003,0.024487,0.8,4.404153428447747,0.0129146690639482,0.2400741231419886,0.0640609623284269,0.085534,0.11104,0.106653
354,2022,12.1166315078735,21.06380479864181,0.025354,0.8,4.640434420283801,0.0032950756366425,0.36775916883607,0.0717171208366386,0.08007,0.098355,0.075477
354,2023,12.1934881210327,21.09934733527147,0.031258,0.8,4.777985038448708,0.0060838968464913,0.0,0.1151970071538392,0.067081,0.086124,0.205625
354,2024,12.0707216262817,21.192665559076943,0.029437,0.8,4.667524184920048,0.0038532235131496,0.0,0.1239692574839306,0.079027,0.105255,0.037423
269,2020,12.0831146240234,20.790126547264386,0.039534,0.4285714285714286,4.731725204637671,0.0081987425728835,0.2704590458315613,0.1094604075175944,0.112707,0.178555,0.237962
269,2021,12.4021606445312,21.043087316343403,0.030323,1.0,4.480792180335518,0.005092521178662,0.422567928827986,0.1128669015313541,0.133813,0.244788,-0.004975
269,2022,12.3339338302612,21.23592815683893,0.030842,1.0,4.473404538679697,0.004280371163506,0.3971017368678395,0.1902698064977422,0.135075,0.262219,0.089033
269,2023,12.3265352249146,21.59325911109059,0.030456,1.0,4.038924767663432,0.0041920659973111,0.3220788463202126,0.0988214739935255,0.085603,0.364623,0.001183
269,2024,12.495903968811,21.688923752771583,0.035071,1.0,4.127022276031135,0.0005642617528272,0.3994080781390872,0.0927206633881463,0.053398,0.387427,-0.025469
305,2020,10.7783288955688,21.41748457770061,0.017352,0.25,3.1497264731732373,0.0125588790165192,0.1601404539262971,0.0142913959410725,0.050066,0.413236,0.337474
305,2021,11.2201833724976,21.628776859552065,0.021605,0.4,3.451265409441775,0.0087251807115977,0.1610095973473281,0.0377669765085611,0.050065,0.476146,-0.242377
305,2022,11.4486646652222,21.755145471995373,0.021767,0.5,3.2624357688748606,0.0081031548327128,0.1473681513945362,0.0369177385051502,0.04664,0.489632,0.10839
305,2023,11.5525703430176,22.35368254788862,0.019168,0.5,3.357940872565752,0.0029287335433542,0.092123622912637,-0.0189316792940404,0.056039,0.523905,0.029441
305,2024,12.1770820617676,22.71175665480316,0.018056,0.5,3.2473719906630008,0.0018917505030067,0.1078950283449571,0.0135526419954381,0.094063,0.556636,0.109396
20,2020,10.1498365402222,21.62278703568396,0.031894,0.7,3.307489136390135,0.0063948731930295,0.1317398767057618,0.0795980315147417,0.078894,0.390248,0.130216
20,2021,10.8462429046631,22.024616414423463,0.032151,0.8333333333333334,5.120401063832583,0.0063601902329679,0.3117883451211629,0.0440775893218532,0.030235,0.571642,0.136582
20,2022,11.0153656005859,21.92882036117263,0.05051,0.8333333333333334,7.320685221257962,0.0035180682180743,0.4011650385785583,0.0411347240170844,0.026312,0.512388,0.177987
20,2023,11.0835313796997,22.04491690035719,0.052929,0.8333333333333334,8.02050462980838,0.0039435266405673,0.3399447760142298,0.1046442389702117,0.051763,0.504929,0.044058
20,2024,11.1439352035522,22.39515426613083,0.041069,0.8333333333333334,5.598124335147869,0.0030133677471391,0.2522081053448386,0.0746051205487272,0.050443,0.59224,0.06521
291,2021,8.39845371246338,21.33930419682637,0.034037,0.8,5.095363069044087,0.0297910741732564,0.0558867623094221,0.0023941892732568,0.055695,0.299898,0.200083
291,2022,8.48977565765381,21.33208071620467,0.04919,0.8333333333333334,6.597140676527988,0.0322461395883683,0.096415043145847,0.0447188510536288,0.043692,0.270773,0.308482
291,2023,9.2689905166626,21.3971916764353,0.058104,0.8,7.77421775636324,0.0314879977828092,0.1145268848146464,0.0920869769991387,0.052099,0.28077,0.122716
291,2024,9.67270755767822,21.29320878547823,0.071669,0.8,11.004759379045502,0.0178479625839181,0.1534736415530305,-0.0063662328845247,-0.008469,0.281589,0.075161
125,2020,11.7300672531128,21.53507203881081,0.047094,0.6666666666666667,4.6690538422824925,0.0069854144027976,0.1907745094330719,0.0392403258888608,0.046641,0.490662,0.136043
125,2021,12.6007499694824,21.99579555361812,0.043803,0.8571428571428572,5.043975031794096,0.0071233380580706,0.3726399334420552,-0.0005345723084913,0.019879,0.662313,0.00218
125,2022,12.7599534988403,22.54848393468255,0.049373,0.8333333333333334,6.388128812537287,0.0134641839219251,0.4135352583457169,-0.0118996740925479,0.0075,0.61595,0.09301
125,2023,12.9991827011108,22.620081587774305,0.051104,0.8333333333333334,6.059843588227084,0.0158141595425185,0.4636560586372832,0.0011768464123016,-0.025831,0.664758,-0.020583
125,2024,12.8681936264038,22.71804685615652,0.048259,0.8,5.855283065938992,0.01322336656691,0.4504654004530521,-0.0036276858462381,-0.049419,0.745507,-0.0012
259,2020,11.1615209579468,21.07669097958456,0.071992,0.6666666666666667,4.21101496054941,0.0087342051324681,0.2149706046696543,0.0748084359141639,0.066456,0.206386,0.460446
259,2021,11.3477382659912,21.19888919881707,0.073406,0.6,4.958644505864183,0.0114756743478739,0.231765861448503,0.0288668930210582,0.092619,0.204964,0.196849
259,2022,11.4193706512451,21.369134565647123,0.097647,1.0,5.527821268302436,0.0062496747534953,0.2739197036167065,0.1024934433825817,0.065651,0.285017,0.308818
259,2023,11.7558603286743,21.714273259162347,0.088189,1.0,5.474707654285855,0.0032388015754972,0.2688250748256531,0.0249862782912606,0.032307,0.28271,0.261407
259,2024,11.770224571228,21.79255932107329,0.098425,1.0,6.2998626858746425,0.0038407012850043,0.3698474835209323,0.051052281909684,0.033727,0.314958,0.225027
133,2020,10.4694509506226,20.80784480028929,0.026097,0.8,3.4915491412123183,0.0069848920644085,0.0772488231159639,0.118087727645588,0.082027,0.234311,-0.050222
133,2021,10.5527992248535,20.981350243983638,0.022253,1.0,3.686669288739924,0.0099242275767207,0.0723005178969873,0.0997725227996459,0.108875,0.257829,0.117431
133,2022,11.0402793884277,21.142689555726555,0.021908,1.0,3.875146961398064,0.0052515908184998,0.0922442580436232,0.141913108041639,0.119104,0.247099,-0.069462
133,2023,10.7402372360229,21.33927077810621,0.029101,1.0,5.151647279505149,0.0116482521665332,0.065388828045543,0.0660598181739749,0.057739,0.336038,1.116917
133,2024,10.5435152053833,21.390270627006306,0.023864,0.6666666666666667,4.2922500957683445,0.0025854321154122,0.0657543424970212,0.1131880760438592,0.07903,0.313202,0.141129
145,2021,13.0727968215942,20.66686448995902,0.072995,0.4,4.610590582143684,0.0092896920547594,0.2444041456484081,0.0684070701742141,0.054729,0.063537,0.131558
145,2022,13.0062456130981,20.739387875669014,0.083437,0.5,5.175742354630071,0.008730681683927,0.2686717815407787,0.0449326624560026,0.033886,0.124761,0.278292
145,2023,13.198431968689,20.819868487986195,0.08343,0.5,5.297680163835139,0.0037864516721959,0.258618690570383,0.0292218022797044,0.13189,0.060551,0.298164
145,2024,13.1034698486328,20.823080820460053,0.089425,0.5,5.696575656450652,0.006882576330179,0.3340613678461951,0.0187170600542556,0.027043,0.08416,0.101472
8,2021,10.3278722763062,21.07829870588063,0.061139,0.2222222222222222,4.454221764821766,0.0093192990617764,0.1021862938562339,0.0552868953977142,0.076891,0.176383,-0.007853
8,2022,10.4336166381836,21.191406443342288,0.054787,0.3333333333333333,5.401033344305993,0.0106308334444855,0.1246237899458025,0.1006767160763506,0.099309,0.193316,-0.14189
8,2023,10.3745832443237,21.239195863985884,0.058805,0.2857142857142857,6.459070140314443,0.0076069406511651,0.1182407857898413,0.0863675010801948,0.07252,0.183795,0.051148
8,2024,10.2402219772339,21.224734454704752,0.058054,0.25,7.409954049469347,0.0035593410986764,0.1621594835390581,0.0658270203791439,0.056185,0.165082,-0.041075
71,2021,11.5707731246948,21.06951175155551,0.033777,0.6666666666666667,4.2165627113635225,0.0114071184491491,0.1925880153344999,0.0490894145134611,0.029736,0.390605,-0.197285
71,2022,11.8582887649536,20.979651240066985,0.072291,1.0,6.031415937386446,0.0040782876661208,0.0,0.071163305739493,-0.035239,0.369193,-0.379048
71,2023,11.0265417098999,21.13686652737597,0.206788,1.0,7.503122974523074,0.0233484946704632,0.0,0.0101984554759688,-0.20185,0.299869,-0.369543
71,2024,11.0839910507202,21.13480554669894,0.082907,1.0,5.757663388013809,0.0200905305329299,0.1804055146877992,-0.0210693841244696,0.013668,0.284728,0.77966
59,2021,11.2263517379761,21.50480614571336,0.064697,1.0,5.983252094123097,0.0057230731218446,0.0,0.1344914267136266,0.112187,0.118664,-0.411807
59,2022,11.3540782928467,21.685103074863814,0.065587,0.8888888888888888,5.7983310750870105,0.0053067777220606,0.0994205687631045,0.069333908018543,0.120271,0.18755,-0.334204
59,2023,11.2396440505981,21.885497319256288,0.060565,1.0,6.194079977145275,0.0091622631708078,0.1280703711881647,0.1410657738886267,0.079542,0.292781,0.842688
59,2024,11.2589273452759,21.82381954959748,0.08634,1.0,7.049498881669419,0.0038548427265735,0.1790824390105656,0.0884880625637863,0.069156,0.216577,-0.119127
6,2021,12.1227331161499,21.51720654400399,0.02641,0.4444444444444444,4.109748308371349,0.0122221414698184,0.3697920218522061,-0.0190926257946397,0.028665,0.505331,-0.057072
6,2022,12.476713180542,21.46841952955996,0.029822,0.6,5.047160302506964,0.0129156383830857,0.4396989284934599,0.1313377225324782,-0.013872,0.448796,-0.34134
6,2023,12.4836730957031,21.635054489119213,0.037088,0.6666666666666667,3.623699726963913,0.0095086313175286,0.4591739283032616,0.0187334832674643,-0.014943,0.548302,0.011393
6,2024,12.598352432251,21.809766177174875,0.031597,0.6666666666666667,3.4461702896521653,0.0048488075210923,0.4775091954573871,0.050997117618346,0.003116,0.531853,0.156379
443,2021,11.3731393814087,20.979817067708957,0.035798,0.5,4.3162218720489385,0.0073770475696955,0.1197821855267441,0.0158657754043138,0.041704,0.23229,0.188411
443,2022,12.3655042648315,21.03876943789982,0.052798,0.5,5.934642269578728,0.0155371233053166,0.3265851324172766,0.0805647679519411,0.03474,0.264671,-0.17238
443,2023,12.2890453338623,20.998596423314574,0.066735,0.5,5.765434951593124,0.0121558207452561,0.3481426210342871,0.0566452777428386,0.003665,0.243844,0.021678
443,2024,12.1005449295044,20.99310824536533,0.055616,0.5,5.177633160052308,0.0027218993527805,0.4212147450764465,0.0215189688365567,0.018067,0.242149,0.105671
115,2021,10.4172210693359,21.136266513585856,0.105017,0.3636363636363636,18.978356614266637,0.0756307822907978,0.0964309797335271,0.0682129822137984,0.044904,0.104429,-0.179489
115,2022,10.5105991363525,21.178777682680984,0.132125,0.6,19.183861426538947,0.0010298315898016,0.0806884679883013,0.0124555861874714,0.021,0.124831,1.698859
115,2023,10.2647895812988,21.06217433132308,0.0,0.6,0.0,0.0,0.0866532367550904,-0.030530433801531,-0.11929,0.138685,-4.829754
115,2024,9.74453449249268,21.10298853301737,0.12784,0.6,26.68781569552242,0.000395211465019,0.076495138700868,-0.0247384476478981,0.018293,0.155208,0.481864
279,2021,10.8500747680664,21.5809192834954,0.047672,0.8,7.644510966910521,0.0056797408959197,0.2154005920155759,0.0362465351755634,0.03781,0.197632,0.310832
279,2022,11.0969505310059,21.57605364406364,0.050411,0.7142857142857143,7.871462088764354,0.0020023102664954,0.257791281344012,0.0783119453030405,0.049391,0.178352,0.084738
279,2023,11.0710582733154,21.504237392708777,0.068777,0.7142857142857143,9.44135739608994,0.0014721035053625,0.2977898032555919,0.1594836993789903,0.005944,0.149026,0.034881
279,2024,11.1394910812378,21.52215685427276,0.060906,0.7142857142857143,7.224084254108343,0.0006404999055755,0.2767865470030398,0.0329405570557814,0.023849,0.143451,-0.293276
52,2021,10.6317205429077,21.927667646468457,0.078751,0.5,7.433201123995563,0.0057703511720834,0.191664259565747,0.065633504251999,0.066633,0.080345,0.033391
52,2022,10.5605564117432,21.990413329747494,0.087059,0.5,5.609916576417989,0.0023649011410284,0.2048456066765052,0.012605361057099,0.056752,0.104362,0.561533
52,2023,10.926233291626,22.025577129430648,0.108654,0.75,5.982294016326727,0.0015390659498244,0.2395531818364901,0.0570721731551133,0.018613,0.120236,0.313038
52,2024,10.7585496902466,22.15201957952621,0.053298,0.75,4.248795485190071,0.0015461677705158,0.2508898697803059,0.0251353499718456,0.057313,0.179112,0.176895
234,2021,10.9277153015137,20.803823082121284,0.067987,0.4,6.106591306342076,0.01421926198948,0.5596496281027303,0.0701885590460579,0.066139,0.398245,0.091339
234,2022,11.2344026565552,20.936625053462063,0.104629,0.4,8.046893524316317,0.0224870806531261,0.6414524886092682,0.0184683785929191,0.006625,0.488779,0.175455
234,2023,11.1931972503662,21.031437225141943,0.110449,0.4,7.215708814641817,0.0102325425586305,0.5828544240093653,0.0421272146760777,0.007688,0.525783,0.150624
234,2024,11.2196655273437,21.028950853367736,0.079747,0.4,5.886533566122319,0.0090827656391383,0.5789916146574484,0.0058251286135212,0.012717,0.525773,0.212165
88,2021,10.6446647644043,20.88910859400459,0.049092,0.4285714285714286,4.535252974697098,0.0081828077119556,0.2146733803554884,-0.0027329111465028,0.109377,0.369383,0.086698
88,2022,10.6951894760132,21.2087966471222,0.066616,0.6666666666666667,8.785598202620863,0.0224173518995558,0.3761358012180236,0.1240191877903648,0.047971,0.478414,0.281141
88,2023,10.7118406295776,21.11166332931338,0.067731,0.6666666666666667,12.067209629585983,0.0151069869918413,0.4417771667449658,0.0967452437910828,0.016431,0.447552,0.037261
88,2024,10.7533073425293,21.13892583925381,0.069752,0.6666666666666667,13.068470983156235,0.002145323440713,0.439510597095276,0.0191492198339672,-0.023054,0.490951,0.060777
337,2021,10.6629238128662,20.58327694105425,0.086651,0.375,6.223683908899568,0.0049788662037298,0.2322569183518874,0.05641706848876,0.058549,0.298666,0.233199
337,2022,10.9818201065063,20.543607721158324,0.090428,0.5,7.090840423741905,0.0096089911294123,0.3040047443116988,0.0328657921562988,0.040034,0.239572,0.016265
337,2023,11.2836990356445,20.62536828382273,0.095664,0.3333333333333333,7.348679966165317,0.0108762665358369,0.2756954144875208,0.1153663455341774,0.042966,0.261953,0.082789
337,2024,11.1816997528076,20.599276699391638,0.085669,0.5,6.707083055838053,0.0079317543343461,0.2679493164770316,0.0537882035389509,0.044984,0.221711,0.07169
134,2021,9.90158653259277,20.973299583202955,0.057573,0.2857142857142857,6.07551602438364,0.0045080359211107,0.1507921628968168,0.0247273817681747,0.056294,0.134515,-0.242032
134,2022,9.68182277679443,20.98804335847297,0.066345,0.25,11.065620514186698,0.0064686639968052,0.1391220228524235,0.1479453461533637,0.07868,0.106354,-0.306252
134,2023,9.3334321975708,21.02408252387136,0.078928,0.25,12.277610971234791,0.0045619089129666,0.0,0.0553389698506648,0.068412,0.132517,0.080639
134,2024,9.16624927520752,20.86843935725866,0.093053,0.25,12.161040676539695,0.006355916374805,0.0,0.0261272717533206,0.061902,0.103244,-0.373973
66,2021,11.5255737304687,20.81393362871425,0.046932,0.1999999999999999,3.822774425256745,0.0037121941898671,0.2432524002704276,0.0879447829631084,0.084334,0.243576,0.092866
66,2022,11.9481964111328,20.75182627235453,0.065118,0.3333333333333333,4.340622474742262,0.0051572085573501,0.2500001285481771,0.1152679652672897,0.026481,0.168626,-0.091345
66,2023,11.7553415298462,20.89236014605939,0.06681,0.3333333333333333,4.916911412161997,0.002678156057761,0.2428255728972353,0.0028982370252613,0.007462,0.1716,-0.129643
66,2024,11.7649641036987,21.030324207667302,0.059487,0.3333333333333333,5.363456341528992,0.0015140768010075,0.3123537671322874,-0.011800551036358,0.017651,0.204423,-0.087232
329,2021,11.0344438552856,21.779015983658013,0.05621,0.4285714285714286,4.567845246672795,0.0288018730303441,0.0523465690903973,0.031805228655248,0.070111,0.280902,0.360787
329,2022,11.8173151016235,22.079151378964134,0.055362,0.8,5.574464962151906,0.0041542703995866,0.0579759954241956,0.0057467600207002,0.071448,0.39707,-0.082843
329,2023,12.0175561904907,22.241222345007905,0.092351,0.4,7.440584821786131,0.0186410565228811,0.0541097085145464,0.1747516071766253,0.066897,0.415806,-0.312868
329,2024,12.2587366104126,22.021241012130872,0.062543,0.6,7.122711577417679,0.0492840152468136,0.0646227124422385,-0.0861240542625952,0.093579,0.188162,-0.983221
320,2021,11.2533664703369,22.228738928081363,0.066194,0.5714285714285714,4.757530211979909,0.0087994420993718,0.3056115313801275,0.0725551231836529,0.034349,0.314289,0.203566
320,2022,11.7317190170288,22.272934981633103,0.085925,0.6,7.159983900101752,0.0324977923609729,0.3782680381066914,-1.1465888172452009e-05,-0.039621,0.43207,0.06054
320,2023,11.7070817947388,22.325089473820235,0.081463,0.75,8.809967557586983,0.0217647011522148,0.4074623088117532,0.0254389658683144,0.003896,0.426908,-0.020489
320,2024,11.637598991394,22.372666379166727,0.085851,0.75,14.020822963064727,0.032390503058152,0.4321577340884032,-0.0173130829658463,-0.074568,0.523194,0.046853
254,2021,11.156566619873,21.477926363307084,0.070685,0.5555555555555556,5.832414088944158,0.0150111396841796,0.1916722591236009,0.0578083962414723,0.064047,0.162916,-0.063925
254,2022,11.4000062942505,21.578407042772508,0.065395,1.0,7.803635011740666,0.0097394107222131,0.2924610820745253,0.0613732516055397,0.065521,0.19805,-0.038909
254,2023,11.5554008483887,21.627299385503846,0.087747,1.0,7.933978786035734,0.0112818239503984,0.4111080658581348,0.0292559125844941,0.041799,0.222192,0.156885
254,2024,11.2083606719971,21.7054185851656,0.08541,1.0,5.303807003658034,0.0045734648105257,0.4226229233327926,0.042382572403917,0.041288,0.269755,-0.220633
311,2022,11.005313873291,21.022779676210515,0.025391,0.3333333333333333,4.909065195271936,0.0067978411994468,0.1844844086336707,0.0475264099310693,0.067275,0.163541,-0.034401
311,2023,11.2824649810791,21.0294155759645,0.031299,0.5,5.264834462534567,0.0015189549943394,0.2282388511044911,0.0530062496244736,0.052233,0.148907,0.061979
311,2024,11.2600135803223,21.141564700536904,0.033547,0.6,4.714746534406928,0.0002021465873795,0.2371951416522117,0.0596812776583389,0.06283,0.19234,0.135494
454,2022,11.3800106048584,22.033459966770053,0.065225,0.7142857142857143,6.843745058556504,0.0067309744555734,0.2655046746722472,0.0515794869242009,0.037064,0.167968,0.185824
454,2023,11.5320920944214,22.066355193851788,0.076045,1.0,7.089880913246543,0.0101871582694832,0.387015690368903,0.0195163175685367,-0.000803,0.221481,0.012111
454,2024,11.8000431060791,22.072805222960262,0.062003,0.8333333333333334,6.762544279305599,0.0044129025677453,0.4226654714771009,0.0225774066894895,-0.017008,0.264725,0.086791
56,2023,11.8728914260864,21.54580667634264,0.04898,1.0,4.187880613226957,0.0060951527754743,0.3292283735708478,0.0508985621896611,0.048229,0.25083,0.030924
56,2024,12.2503709793091,21.746626503117877,0.057398,1.0,4.243860546559204,0.00723871246987,0.3947039569631493,0.0393972215994923,0.038274,0.364061,0.070117
300,2022,10.5542707443237,21.34106137124126,0.07738,0.375,6.874898205965249,0.0162643111099929,0.1781064811219773,0.0407543542581756,0.023789,0.306652,0.201616
300,2023,11.0168180465698,21.32888072597157,0.079201,0.2857142857142857,7.105063527301684,0.011505339948251,0.2206021280701715,0.0419991994911518,0.022268,0.293337,0.184827
300,2024,11.0453681945801,21.33604325985364,0.089249,0.4285714285714286,6.56032849750979,0.0163893716454846,0.2536580040143165,0.0027168347725563,0.020736,0.319331,0.160292
89,2022,13.1558475494385,22.262806543555783,0.0157,0.6,3.75114254624459,0.0086549366009662,0.23477150001959,-0.0856571786430918,0.08861,0.15627,0.14519
89,2023,13.4904403686523,22.421182093037363,0.014593,0.6666666666666667,3.940173135706152,0.0061061555043467,0.2475443648576541,0.0189918699178841,0.009721,0.316703,0.029978
89,2024,13.4009838104248,22.572514438020168,0.012029,0.8,3.5772549728118386,0.0025324015135489,0.2115079952387254,0.0225062135147526,-0.013249,0.447348,-0.021751
351,2022,12.7618074417114,22.03376037713744,0.017058,0.8,3.216729122385626,0.0034805612736469,0.1816158193037299,-0.25007205822191,0.035248,0.325866,0.35267
351,2023,13.3162651062012,21.8782205422858,0.029526,0.5714285714285714,3.472128954921563,0.0042854882523163,0.3550330314077921,0.0390352895502865,-0.156621,0.377023,-0.23286
351,2024,13.1765727996826,21.745980739142755,0.056493,1.0,5.635480189461552,0.0089304841994016,0.363306516514375,-0.1097792047144632,-0.172896,0.486806,-0.125855
180,2023,10.0079050064087,22.84723700293719,0.049036,0.5,19.828810855457828,0.0030598909890151,0.0729471735610923,0.1038415295879267,0.047965,0.487731,0.150812
180,2024,10.4151992797852,22.974920705860168,0.05505,0.5,18.74317579361788,0.0016913342070446,0.0,0.0230287138639852,0.060408,0.518621,-0.003456
11,2022,12.8938150405884,21.51280477702423,0.012025,0.6666666666666667,3.046971164657232,0.014132425705887,0.3544596512674634,0.0060446339233832,0.031932,0.242916,0.022664
11,2023,12.9744119644165,21.452967046138,0.013004,0.6,2.816098240327479,0.0016165487697426,0.406436930168285,-0.0147773764658559,-0.015886,0.221081,-0.097215
11,2024,12.8393955230713,21.558416407598788,0.012037,0.6666666666666667,2.642628397765577,0.001230898245513,0.4678986099812431,-0.0795055222796445,-0.016858,0.331465,0.170396
53,2021,11.5072202682495,21.31503017990432,0.041939,0.25,4.371644778688063,0.006320677377295,0.3173827971271716,0.0537917481567679,0.097321,0.36708,-0.116991
53,2022,11.8681192398071,21.22459880174036,0.046483,0.25,5.02811755500385,0.0122553271543295,0.3865065809561899,0.2029343962465424,0.112398,0.204345,-0.230015
53,2023,11.9062547683716,21.220632642674666,0.071251,0.25,7.171730340931306,0.0154091524275112,0.5290251611628742,0.0932852203262721,0.015255,0.193787,-0.057867
53,2024,12.1004476547241,21.341412949611996,0.063167,0.25,6.759125017246635,0.0064944955386161,0.5507498613900117,0.0120600764538101,-0.008832,0.29797,-0.108772
222,2021,10.1719045639038,20.99447116461433,0.038981,0.5714285714285714,3.5631936624362224,0.0165065542290276,0.0,0.0341360652140858,0.041681,0.259265,-0.101176
222,2022,10.6659097671509,20.868222504741677,0.057026,0.75,5.871925374026287,0.0237345658657402,0.2766308140893702,0.0047612869724207,0.027941,0.156516,0.038434
222,2023,11.0744361877441,21.014028687474283,0.079239,0.75,7.02328184748153,0.0079365366496958,0.3544947308047773,-0.009723673348273,-0.043694,0.308422,0.24197
222,2024,11.3160591125488,21.31500021235327,0.075109,0.75,6.1308085262124274,0.0314132807134186,0.2743333414631609,-0.0360234732285841,-0.054248,0.543027,0.06097
447,2022,12.3917636871338,20.77710733357964,0.080387,1.0,8.595725471444972,0.0059471103452697,0.2579241308310131,0.0313492976470866,0.01664,0.202969,-0.049322
447,2023,12.0303544998169,20.81247096410143,0.074719,1.0,9.282816254076314,0.0139051491468952,0.2456024165873951,-0.0378051461725551,-0.029854,0.269522,0.561846
447,2024,11.991436958313,20.997618589046,0.057862,1.0,6.374847211640995,0.011029638935894,0.2603962754852959,-0.048769423982901,0.042426,0.349157,0.229868
247,2022,11.6354532241821,21.593103215952997,0.018664,0.6666666666666667,4.482621416122696,0.0088226221973549,0.0,0.1036187106323323,0.081852,0.338272,-0.076087
247,2023,11.5523719787598,21.582532013130397,0.021041,0.6666666666666667,6.7713216535724445,0.0074531891449245,0.0,0.1007203688586798,0.060856,0.292726,0.176056
247,2024,11.3860664367676,21.56289445401239,0.023536,0.6666666666666667,8.807939970530635,0.008171557649772,0.0,0.0995756756874206,0.050315,0.258332,-0.02782
379,2022,11.8882808685303,21.234436349885293,0.051443,0.6666666666666667,8.016509724086706,0.0168450728511238,0.1858773309668739,0.0459571094849414,0.06793,0.154439,0.039759
379,2023,11.9317960739136,21.277458914270028,0.063509,1.0,10.591730111185951,0.0205164032547167,0.3189256074161006,0.0680837633071775,0.015215,0.183238,0.151385
379,2024,12.1696863174438,21.52061356855829,0.069381,1.0,8.108337250915074,0.0086460301252229,0.3365208795444966,0.053487338089872,0.041877,0.319266,0.207102
265,2022,13.639199256897,22.54792369961797,0.010022,0.4285714285714286,1.734237840633612,0.0013681163830322,0.0,0.0720668395095603,0.042755,0.089443,0.427951
265,2023,13.7735538482666,22.660637242967308,0.006665,0.6666666666666667,1.93653012678455,0.007725679918857,0.0,-0.0864684688696385,0.002478,0.196107,-0.015805
265,2024,14.1238813400269,22.661516901720585,0.005955,0.6,1.4242867102156194,0.0036537161094454,0.0,-0.0669029620905443,-0.022507,0.22525,0.307258
185,2022,11.2573108673096,21.454513773612,0.036223,0.6666666666666667,3.7373144426555136,0.0094580083740471,0.1071221630646884,-0.004367126982774,0.058564,0.188731,0.284864
185,2023,11.3089838027954,21.54404513166454,0.040557,1.0,5.241447675264724,0.0081754579151947,0.0999567090831414,0.074510284874908,0.070748,0.217995,0.061002
185,2024,11.280101776123,21.697296981239813,0.037248,1.0,4.037693224267556,0.0060421739230247,0.164492611153492,0.0215325683274472,0.074427,0.30065,0.362433
72,2022,12.0702562332153,21.617835208614903,0.03222,0.5833333333333333,4.777336912723561,0.005716189289516,0.2940715064086796,0.0260463324483949,0.057627,0.30992,-0.028714
72,2023,12.2180690765381,21.7261592564244,0.041953,0.6,5.096561210939528,0.0075053649350196,0.3558022993262602,0.0086336248372392,0.015556,0.392009,0.149982
72,2024,12.5594835281372,21.82898985548229,0.036247,0.625,4.836716141108872,0.0122956811011386,0.4531769932309699,0.0163946504134022,0.026541,0.442178,0.058055
421,2022,12.3719387054443,21.15148515317996,0.05698,0.4,6.342669609263132,0.0402365836810959,0.3175410244432172,0.0168407428617293,0.035381,0.27953,-0.007005
421,2023,12.1086902618408,21.34819547993287,0.058376,0.3333333333333333,6.514330786593035,0.0134229435205683,0.3555733884689698,0.0466098696081069,0.015589,0.427963,0.044302
46,2022,10.9448528289795,22.91645602651229,0.025388,0.4444444444444444,4.274098417153147,0.002141056034067,0.1033782413750141,-0.0364092359463063,0.008121,0.259379,-0.012261
46,2023,12.5725212097168,23.339189474768048,0.043453,0.5714285714285714,5.863188572000815,0.0025079865594368,0.1817279047615612,-0.2045636969510685,-0.061204,0.528547,0.234883
46,2024,12.5067157745361,23.55038224488152,0.034643,0.6666666666666667,5.21254850317414,0.0059659502238321,0.1704547616059711,-0.0704127846527826,0.029901,0.591665,-0.008033
223,2022,10.4608135223389,21.339707610585418,0.055815,0.3,12.894640996561105,0.0292422560609376,0.0,0.0566161375634494,0.068628,0.087828,0.142966
223,2023,10.3282146453857,21.361894822612484,0.064892,0.5,19.48861416317748,0.0397758206824161,0.0,0.0480659013283404,0.043387,0.071971,-0.117134
223,2024,10.4164390563965,21.45885243938628,0.073429,0.5,14.496869857942906,0.009905951897684,0.0,0.0350128328602578,0.059604,0.111408,0.120911
35,2022,10.0381231307983,20.91598330438402,0.026747,0.6,2.5791387408784727,0.0058011116052869,0.0,0.0666017459887932,0.068217,0.114945,-0.151447
35,2023,9.82266807556152,20.973472012537663,0.031809,0.8333333333333334,2.769402178612829,0.0115441431437031,0.0434073974055441,0.0447367817521212,0.079543,0.11589,-0.075973
35,2024,9.88186264038086,21.048533799066057,0.032803,1.0,2.714457518764533,0.0091264540420112,0.0685213185565293,-0.0050982484968884,0.064546,0.173739,0.078116
181,2022,12.201584815979,22.078206573681676,0.070317,0.5555555555555556,6.084562891440756,0.0097386554568622,0.4653045207551298,0.0122421469894185,-0.01082,0.627295,-0.171015
181,2023,12.3150262832642,22.26325431294221,0.067658,0.8,4.984724043135288,0.0111239280731638,0.4807639940191621,0.0351630027181487,0.011445,0.694878,-0.021624
181,2024,12.7467422485352,22.386147212552885,0.078422,0.8,5.124472505391192,0.0128926901058967,0.4550165102234334,0.0805052902651395,-0.039528,0.750192,0.017863
183,2022,11.2845211029053,21.2711244299636,0.093342,0.6,6.717926138291294,0.0024560871707529,0.0,-0.012823709225459,0.044144,0.185326,-0.401233
183,2023,11.4506902694702,21.200909005316728,0.140551,1.0,8.174706798683946,0.0253333472523092,0.2012028965307722,0.091168295109908,-0.036899,0.171724,-0.197654
183,2024,11.540620803833,21.30156877690539,0.142261,1.0,7.308631928457715,0.0081671832026054,0.2157220557306561,0.0116651965690399,-0.01235,0.260532,-0.205159
429,2022,11.5141544342041,21.41931238235299,0.050761,0.5,12.264299519111026,0.0049570860900123,0.140645259816818,0.0509237843520566,0.055881,0.080245,-0.08378
429,2023,11.5487537384033,21.42536670695664,0.058534,0.8,14.86462458698039,0.0133801858431919,0.2148971083461402,0.0679485422982559,0.065181,0.063562,-0.048264
429,2024,11.8607206344604,21.45353692055728,0.081217,0.8,12.047748818591462,0.0019125729699034,0.3051265540518282,0.0600634315683587,0.042638,0.073171,0.042047
372,2022,8.87009620666504,22.01962467436932,0.05564,0.3,9.798178144691592,0.0092276096698165,0.1572953640948274,0.0340594584291592,0.055814,0.151935,0.076497
372,2023,8.80597591400146,22.09035208085248,0.062275,0.5,10.84230960162506,0.0066817970009601,0.1730149513855972,0.0601444598848478,0.050165,0.161347,0.054493
372,2024,8.78539085388184,22.11320941244931,0.05904,0.5,10.82116055685534,0.0033793541262243,0.2160061201694296,0.0568762131029168,0.04995,0.158576,0.14278
450,2023,14.043251991272,24.011467887824075,0.008216,0.6666666666666667,0.8660230147859148,0.0039769140308312,0.0,0.0187068653439709,0.058986,0.577685,-0.36954
450,2024,13.8791370391846,24.135801028185625,0.018172,0.6666666666666667,1.2900915302617844,0.0055009067869321,0.4782298018109419,-0.0343488449824825,0.019443,0.615697,0.31816
284,2022,11.2168064117432,21.57706224854079,0.055796,0.1999999999999999,9.698387795865008,0.0115370606303545,0.2095923798305854,0.0586529615302061,0.064823,0.109999,-0.055039
284,2023,11.0401210784912,21.72068150715119,0.068579,0.2857142857142857,12.838220896879788,0.0084222216474057,0.3042790262429427,0.0595960303807764,0.036282,0.178699,0.049493
284,2024,11.3014345169067,21.754590639488107,0.076361,0.2857142857142857,12.377432211677526,0.0060322183826913,0.4135918788897245,0.0484465241709531,0.029317,0.197923,0.076817
238,2022,10.7228536605835,21.236303079557512,0.028738,0.3333333333333333,4.416760439183378,0.0058534489835352,0.1955974910889186,0.1048311138359705,0.070837,0.251304,-0.083771
238,2023,10.7289142608643,21.278728121875396,0.032578,0.75,4.38066482039312,0.0105920538111807,0.2322950077584551,0.0383274621330973,0.061642,0.255485,-0.01111
238,2024,10.9684352874756,21.42505122457476,0.03278,0.75,4.733155671000151,0.0079911523628073,0.2436754164937102,0.0602870277378573,0.074545,0.301674,0.051247
321,2022,11.0276355743408,21.6001688071673,0.029502,0.8333333333333334,5.73406529214754,0.0010188534509706,0.0394085010934938,0.0770131366480824,0.070257,0.031212,-0.210313
321,2023,11.2770767211914,21.559243656694093,0.067656,1.0,9.066062623377306,0.0089974422100023,0.074621968225255,0.0344284195915772,0.041942,0.032054,-0.049845
321,2024,11.4755392074585,21.560506399529476,0.092704,1.0,8.77738480745182,0.0066490845858697,0.1006546823305774,0.0249014644184397,0.035598,0.03992,0.003785
390,2023,11.8992176055908,20.77326025089687,0.12098,0.6666666666666667,9.38651525604304,0.016127535972728,0.2786453224450224,0.1470867666966839,0.05278,0.094164,-0.260302
390,2024,12.0472946166992,20.76301406615978,0.124025,0.6666666666666667,9.608986727005798,0.0058726205062501,0.2774804307807766,0.0661957826996401,0.042748,0.090033,0.012757
201,2023,11.7594957351685,24.532294290397108,0.017421,0.75,4.466542154312109,0.0073822681922914,0.130817342884306,0.0649039392924486,0.056528,0.440608,0.002653
201,2024,11.787220954895,24.56605322460404,0.017772,0.5,4.0813694707183545,0.0055709389477051,0.1294712790465291,0.0770470205398382,0.055119,0.464177,0.177182
70,2015,9.95523166656494,21.70531722341497,0.103932,0.5384615384615384,5.086148946531893,0.0278104400283474,0.076296160679076,-0.0554085050447258,0.139882,0.456002,1.009374
70,2016,9.5911283493042,22.96845074535008,0.12583,0.5384615384615384,6.787617271091552,0.0229961518612797,0.092218646470345,-0.0356221033907002,0.084672,0.502315,-0.126428
70,2017,10.033109664917,21.423305551555416,0.251879,0.5,12.907774002775849,0.0,0.2422984993268401,-0.4034623142129951,-3.91108,2.57854,-1.167841
70,2018,9.98342037200928,20.37902476451853,1.808376,0.625,37.016928536324976,0.1073305554434342,0.0,-0.1138267830188149,-2.525305,8.009247,0.005467
70,2019,10.0171003341675,20.247742674938745,0.551014,0.8,3.4640499663692905,0.0878295778679003,0.3551354134293883,-0.1227279808209252,-1.50177,10.495294,0.685865
277,2015,11.0191507339478,22.987655750542427,0.056583,0.8571428571428572,3.5150287572898216,0.008704283705577,0.1536870498394982,0.0120676299568028,0.046147,0.437943,1.96967
277,2016,11.0843076705933,23.108134545506104,0.050963,0.8571428571428572,3.353604791477593,0.007488047406184,0.156557567923831,0.0580838956419815,0.04243,0.4703,1.868473
277,2017,11.4456310272217,22.99985412111598,0.047218,0.8571428571428572,1.1878439878368678,0.0033093879884225,0.1991455999872015,-0.0381237147392903,0.050612,0.351116,1.566357
277,2018,11.3005657196045,23.068128051675327,0.041854,0.7142857142857143,3.49863748688422,0.0035711208246825,0.1761286008259409,0.0831738024340633,0.044966,0.363996,1.303641
277,2019,11.2999715805054,23.176886437291877,0.049863,0.7777777777777778,6.438973588332708,0.0076694988739261,0.1630314480153327,-0.0520848700378952,0.032944,0.368642,0.650805
277,2020,11.102635383606,23.17344692279265,0.042562,0.6666666666666667,7.319689910194374,0.0075857155169829,0.160134618295264,-0.0061990509253572,0.036794,0.331964,0.619964
277,2021,11.0140609741211,23.295812497851227,0.044413,0.4285714285714286,6.917724836444242,0.0087568687536319,0.1403992628027999,0.1576331591948196,0.024455,0.394123,1.340698
277,2022,10.6529130935669,23.34415082130772,0.04252,0.4285714285714286,6.669983459880744,0.0096526123389296,0.1245663808990944,0.0207396950452109,0.026119,0.407597,0.447246
277,2023,10.9291706085205,23.32651394362537,0.056934,0.4285714285714286,5.61672634284691,0.0047783799715671,0.1649900459852632,-0.0790484333252675,0.012548,0.393499,1.531517
277,2024,10.9654207229614,23.306263621073423,0.076316,0.4285714285714286,9.08812101806736,0.0069409073191888,0.1639714728871436,-0.0239308571339378,-0.00231,0.389393,4.420081
381,2015,10.37144947052,21.042918991785008,0.053847,0.5,3.287565268471492,0.009333746696643,0.0840368008714691,0.0679212178734208,0.044298,0.299282,0.903674
381,2016,10.5653514862061,21.082106476752,0.036847,0.5,2.545272290490709,0.0059605067684785,0.0,-0.1389648046604782,0.021519,0.304882,0.211184
381,2017,10.8835725784302,20.781209610512327,0.091307,0.5,5.047135115235848,0.0077944959587238,0.0,0.0434848850274696,-0.14411,0.204684,-0.021094
381,2018,10.775465965271,20.77047801768794,0.03679,0.5,2.718639595631797,0.0180221788936688,0.0,0.0725285599663289,0.031576,0.164723,0.781913
381,2019,10.7760362625122,20.7607068166883,0.045292,0.5,1.6442855047180551,0.00322903801286,0.0,0.0177906492425313,0.02689,0.129722,-0.208333
381,2020,10.4827632904053,20.94749932579085,0.030141,0.5,1.179827035134129,0.0066132209581085,0.0,-0.109912546552679,0.031241,0.237567,0.123314
381,2021,10.6216382980347,20.932874211355383,0.034385,0.5,2.424970469938032,0.0100484083086571,0.0,0.0602278506948714,0.046444,0.172795,0.458797
381,2022,10.4209585189819,20.90659487441124,0.04947,0.5,3.817771479744753,0.0140583142715036,0.0,0.1425958143636959,0.027057,0.127443,0.391638
381,2023,10.5404577255249,20.906607326165744,0.063748,0.6,4.221827156515929,0.0182835183060991,0.0,0.0643827366437457,0.018536,0.113042,0.125138
381,2024,10.5016450881958,20.90410141766625,0.07086,0.5,6.499199875353422,0.0105162678679966,0.0,-0.0021104428887314,0.007198,0.142455,1.130816
85,2015,10.8797492980957,21.449753371726867,0.186201,0.5,10.199785417792706,0.0255535873529209,0.0704711462029719,0.024467583362129,0.025939,0.10481,0.002507
85,2016,10.7389945983887,21.46766946558159,0.177902,0.4,10.803726827120483,0.0057956725401296,0.0635443519439027,0.0283859705845687,0.019266,0.109441,0.117226
85,2017,9.79156875610352,21.73410840026781,0.199337,0.4,12.139898604358793,0.0142380681864631,0.0,0.0067959458861981,0.063703,0.118895,0.148789
85,2018,8.05398845672607,21.719392754294784,0.060856,0.4,11.239744764141818,0.0235435671479631,0.0,0.0378159219329709,0.038166,0.092347,0.028622
85,2019,7.69572257995605,21.944807198402906,0.064886,0.5,11.663982075729406,0.0,0.0381199321560973,0.0398064922056145,0.071773,0.093669,-0.048895
85,2020,8.33571815490723,22.07898023646121,0.050869,0.4,8.682910600406132,0.0,0.0363684063723551,0.0194476047546644,0.139647,0.142173,-0.052029
85,2021,8.04844188690186,22.26233775123436,0.045574,0.5,8.726220999877473,0.0,0.0287804240511023,0.0826870637836199,0.158264,0.145698,0.030794
85,2022,7.86086368560791,22.327895384202957,0.037626,0.25,12.629879086503465,0.0,0.038635512498131,-0.040978822798036,0.080303,0.150486,0.252668
85,2023,8.96342182159424,22.306119835720025,0.038934,0.25,16.822576262537655,0.0149093004352362,0.0437259509379853,0.0238131764619617,-0.012368,0.166305,0.268015
85,2024,8.9611644744873,22.387821454454578,0.030074,0.1999999999999999,15.266389787754155,0.0120393416686433,0.0384044831636682,0.0177096514746676,0.074865,0.165432,0.249698
438,2015,12.2838668823242,22.90482354940753,0.063895,0.6,4.257117128578,0.003924470715121,0.4067628016057406,0.1275206346273869,0.062407,0.457634,-0.013919
438,2016,12.4147129058838,22.97811705474929,0.063572,0.5,4.251299972240004,0.0031014383348603,0.0,0.1224702921543251,0.079783,0.443599,0.096819
438,2017,12.3096532821655,23.275906161047924,0.063625,0.5,4.364468339461618,0.0046975831549315,0.0,0.0461916968669056,0.086702,0.500163,0.051494
438,2018,12.2838773727417,23.27940145655708,0.040399,0.6666666666666667,4.413605763238496,0.004491139938999,0.0,0.1037725296342271,0.082645,0.46907,-0.049898
438,2019,12.5650100708008,23.46635544929621,0.048655,0.6,4.569898882024304,0.0023288338522534,0.0,0.1089400976876686,0.100637,0.397897,0.07834
438,2020,12.7228746414185,23.63330109067502,0.048995,0.6,4.839308988413354,0.0041276426223552,0.0,0.095763186133775,0.098064,0.420218,0.048821
438,2021,12.7274703979492,23.9191253894897,0.044902,0.5,4.757129510220681,0.0040017745394029,0.0,0.0726798458664267,0.119708,0.391506,-0.117403
438,2022,12.8104562759399,23.949936457215102,0.044234,0.5,5.235964256701198,0.0055100252477684,0.0,0.1119244298485508,0.064763,0.392904,0.008509
438,2023,12.968448638916,23.94040593598811,0.042291,0.6,5.069246035347839,0.0063829723594261,0.0,0.1099160940520155,0.046026,0.370901,-0.051094
438,2024,12.8810377120972,24.04264730531474,0.041331,0.75,5.6730432407394265,0.0043405206985093,0.0,0.0526754527918955,0.067567,0.40293,0.103268
171,2022,10.9280805587769,21.98453132079209,0.140691,0.4,19.62518420740585,0.0090719631469722,0.0763007180962716,0.0041792044436028,0.031509,0.492662,1.214434
171,2023,10.7717723846436,21.78194247813792,0.124934,0.4285714285714286,28.754494964646423,0.0159546217962788,0.0,-0.0090346283908788,0.029234,0.780238,2.27439
171,2024,10.3829908370972,21.72601755880172,0.131634,0.5,33.18079037271598,0.0055764863307497,0.0,-0.0558941788858986,0.0189,0.759476,1.877598
404,2020,10.9627046585083,22.82921943885283,0.01478,1.0,2.885381456633052,0.0039999768411272,0.124066308713265,0.0313840966889551,0.004824,0.656835,-0.099224
404,2021,11.2061462402344,23.229578076782065,0.014135,1.0,1.6023815573390892,0.0021136067561928,0.0978654599328412,0.0061422379851863,-0.025263,0.71552,0.10363
404,2022,11.4379863739014,22.916992987001027,0.017115,1.0,1.956257661433832,0.0023580283474018,0.1503823461420122,-0.0496209603355091,-0.035577,0.728846,0.008215
404,2023,11.3550844192505,22.77668068877149,0.025843,1.0,3.001845209605068,0.0024266518917289,0.1621594781929982,0.0671784794208318,-0.035655,0.725577,-0.166144
404,2024,11.1010046005249,22.76910856518365,0.027045,1.0,2.9491564564957584,0.0021710216110187,0.1565667732400714,-0.0473779153261836,-0.051289,0.776242,0.105757
288,2015,12.8162279129028,21.633718207094574,0.140159,0.8571428571428572,2.8073514320519437,0.0098749521067858,0.4089140645971119,-0.0137263106687382,0.003738,0.408114,0.134444
288,2016,12.7145004272461,21.48761153519238,0.142282,0.8571428571428572,2.305908549829414,0.007539244576099,0.4454866133031203,0.0274454403297582,-0.101653,0.417542,0.056409
288,2017,12.6289281845093,21.42341365300024,0.117904,0.8571428571428572,3.714833681511081,0.0035654537811797,0.4568818626265233,0.0192661540331498,0.007204,0.368889,0.110489
288,2018,12.4728670120239,21.368286692814237,0.072519,0.625,2.9675642681392835,0.0050998990308446,0.4511723765676468,0.0031958944027863,0.005463,0.327657,0.175713
288,2019,12.3453245162964,21.286070742920497,0.079041,0.5714285714285714,2.887311395916878,0.0058550999987499,0.0,0.0688754123937853,-0.092439,0.353939,0.092222
288,2020,12.2966365814209,21.240491274884832,0.070671,0.5,3.218784630276346,0.0090045265571397,0.4056041544830757,0.0411513336387392,0.005748,0.318062,-0.053718
288,2021,12.2135896682739,21.27495098545511,0.060379,0.6,3.609412807402724,0.0018229505889351,0.3751886481989782,0.1177430222285409,0.028985,0.30929,0.064734
288,2022,12.2314538955688,21.377947234968435,0.080754,0.6,4.265544059442016,0.009691001919545,0.3274666465493899,0.0428227754475254,0.042497,0.3318,-0.022542
288,2023,12.4497270584106,21.59945973702709,0.078223,0.6,3.504705568457513,0.0052961766018416,0.3192070585353003,0.089757958168495,0.0351,0.259817,0.084089
288,2024,12.631609916687,21.60633180438445,0.085918,0.6,3.703127430267165,0.0016327772499,0.3614126210678603,0.0794077273657102,0.041192,0.216043,0.006563
149,2015,10.4973592758179,21.84371020861283,0.127557,0.75,5.5101517913317455,0.0291851347275402,0.1498090736065452,0.0562898622716112,0.014794,0.405971,0.648317
149,2016,10.2243041992187,21.846967503987003,0.133098,0.8333333333333334,5.763672602192046,0.0182716772683292,0.0,0.0136502413084648,0.017745,0.393898,0.60437
149,2017,10.1501903533936,21.8674744321797,0.132279,0.8333333333333334,5.967897205446146,0.0002305204546306,0.0,0.0262586315471298,0.019669,0.388412,0.165613
149,2018,10.0790252685547,21.879216581203018,0.067591,0.8571428571428572,5.47607313995365,0.0158288943608681,0.0,0.0142555382661625,0.022511,0.385962,0.077101
149,2019,10.0908889770508,21.90929494583649,0.064129,0.8571428571428572,5.881514646344715,0.0120824274714228,0.0,0.010883985244643,0.036327,0.37825,0.364499
149,2020,9.74407386779785,22.005238673572958,0.098331,0.8571428571428572,8.547601505911034,0.0215771792375022,0.0,0.0303314304069224,0.023176,0.413872,0.346042
149,2021,9.97455596923828,21.98571335740885,0.107459,0.8571428571428572,9.046906531361614,0.0249062941671258,0.0,-0.0059873072807736,0.020481,0.385288,0.24966
149,2022,10.0767545700073,22.002257254764,0.116368,0.8571428571428572,10.12820248657584,0.0120531017864063,0.0,-0.028902966847956,0.018172,0.384435,0.058317
149,2023,9.97479248046875,21.913564275791472,0.127105,0.8,8.990522090591114,0.0115033651480549,0.0,0.0009758679221565,0.005601,0.323427,0.538539
149,2024,10.0315427780151,21.84071862256137,0.151631,0.6,9.580115668479012,0.0112562828288113,0.0,0.0294494014222902,-0.014643,0.291448,0.728557
127,2015,12.475471496582,22.195736598113854,0.132773,0.8333333333333334,5.50236777564021,0.0377007516817921,0.4133931526078125,-0.0002648091666381,0.016931,0.195152,-0.197201
127,2016,12.4635620117187,22.285107121733308,0.121818,0.8333333333333334,5.462353378699601,0.0274127958276872,0.4183961862377267,-0.0103926016488418,0.023655,0.243402,0.143534
127,2017,12.4536476135254,22.41990948214117,0.116658,1.0,5.61021394381721,0.0172399200156367,0.4061326623676082,0.0264902464635346,0.029289,0.311758,0.121118
127,2018,12.6874532699585,22.50485217382387,0.066344,1.0,6.074617169489946,0.017869542266107,0.4329632306156862,0.0155447957461056,0.048905,0.349265,0.045527
127,2019,12.7228832244873,22.62813190109801,0.068343,1.0,5.870270633546594,0.0346941958604509,0.3929936527247705,-0.0134947648333432,0.024956,0.383599,0.232817
127,2020,12.629768371582,22.73866505997053,0.070352,1.0,5.4950013807321385,0.0248541103610351,0.3576578680682212,-0.0004307766824999,0.051474,0.362172,0.136176
127,2021,12.4754724502563,22.83396629763755,0.067574,1.0,6.2540865210218985,0.0168240708302685,0.3690200509730869,0.0682983846013271,0.051027,0.379746,-0.190937
127,2022,12.8038377761841,23.110840008754696,0.056855,1.0,7.136463432429781,0.0158750303236393,0.3265972399953582,0.0693545896696464,0.061914,0.280592,-0.142373
127,2023,12.7085380554199,23.173283264892053,0.069703,1.0,6.826319980015909,0.0379106541817023,0.3380162183383681,0.037433468820091,0.02798,0.29456,-0.118055
127,2024,12.9119834899902,23.17811511810303,0.080743,1.0,8.405583306216318,0.0386797806307919,0.4166104481806494,0.0167819519100762,0.006978,0.307111,-0.485858
105,2019,10.7264442443848,21.364349150472368,0.063524,0.5,4.4005221719411365,0.0065434659561071,0.1954953828106695,0.0093470121617762,0.037963,0.318728,0.094593
105,2020,10.7443361282349,21.20390310563459,0.077928,0.6666666666666667,3.9030369779822895,0.0038467638134078,0.0,0.0268067459346592,0.035969,0.241503,0.237568
105,2021,11.0515460968018,21.337268440753306,0.073316,0.6666666666666667,4.37599320867124,0.0064145576756401,0.1860963066935949,0.0133173122914788,0.042751,0.26276,0.240904
105,2022,11.2591953277588,21.735459431688124,0.087451,0.6666666666666667,5.84930397687327,0.0063804238330339,0.2113946470152626,-0.014175744560564,0.043644,0.361681,0.213386
105,2023,11.4729995727539,21.821114774165924,0.072764,0.6,6.735238407699977,0.0208946763226657,0.2217827487386222,-0.004183045325277,0.037529,0.381441,0.388819
105,2024,11.6232585906982,21.89799079075617,0.061105,0.75,5.784931327584979,0.0126554101717017,0.2563969314091889,0.0213297975514432,0.028239,0.408306,0.385888
343,2024,13.1253051757812,22.57878995524872,0.062163,0.6666666666666667,6.071194647491577,0.0170094462327148,0.4216724930530631,0.03189681761675,0.021166,0.474475,-0.043912
233,2015,9.68782234191895,21.998912600721965,0.094494,0.6666666666666667,2.9347396140043798,0.00634142938418,0.1715471117005266,0.0049429622950217,0.042098,0.407934,0.120127
233,2016,9.94233322143555,22.074292640783085,0.098404,0.6666666666666667,4.20912737333001,0.005591604400119,0.1608350692170664,0.0160241658733064,0.046663,0.400904,0.037748
233,2017,10.0490942001343,22.174581589005825,0.080926,0.7142857142857143,4.03436167310428,0.0063835368345898,0.1520797011597673,0.0079642620400424,0.053056,0.409554,0.041064
233,2018,10.3194160461426,22.35911682274473,0.037956,0.75,3.658423253967238,0.0073297573363654,0.1263690203308222,0.0072814278746143,0.049428,0.463722,0.162149
233,2019,10.3692655563354,22.47276408467903,0.036019,0.8333333333333334,3.505497020558213,0.0050337730627731,0.1173275261387284,0.0045366964503285,0.038518,0.488557,-0.150706
233,2020,10.356954574585,22.562594692788583,0.04943,0.8,3.84108663011658,0.0128103270102375,0.1398476317962519,0.0792126489671924,0.049055,0.477509,-0.190806
233,2021,10.5273485183716,22.59531095809005,0.077097,1.0,4.733942681014612,0.0098140863844215,0.1606226799227208,0.0300817995614226,0.043366,0.413109,-0.754287
233,2022,10.6931676864624,22.670945340268005,0.077338,0.6666666666666667,5.022409936114667,0.007181496609708,0.1726665185459937,0.0267536771690131,0.046648,0.400589,-0.563812
233,2023,10.7737264633179,22.746287690921093,0.067955,0.6666666666666667,4.962290579826568,0.0063260092495443,0.1497410024766689,0.0298103639768325,0.053129,0.391195,-0.048448
233,2024,10.553074836731,22.815341833394672,0.072202,0.6666666666666667,5.113583924828405,0.0072178747096786,0.1339095442669391,0.0216574033444404,0.035588,0.408554,-0.244172
389,2015,12.3638916015625,23.4912796138345,0.102214,0.75,5.813644057882375,0.0189651259236478,0.5470773397868505,0.0663102038523696,0.005903,0.690208,0.405233
389,2016,12.4262638092041,23.687326520294206,0.134975,0.7272727272727273,6.293400608320053,0.0040108907699547,0.4290433105803363,-0.0465408919613676,-0.06105,0.80354,-0.461159
389,2017,12.9128360748291,23.31899093150219,0.158636,0.75,5.110949551668404,0.0,0.5092047297053478,-0.0053355237088729,-0.18389,0.913201,0.226993
389,2018,14.3037824630737,22.710927359276862,0.669468,0.75,3.207067653742231,0.0119586802507948,0.6498206447381099,0.0270168946933814,-0.512744,1.351862,-0.542129
245,2015,8.91433334350586,21.54789091628486,0.108689,0.75,6.610346961705907,0.0201077234283449,0.3168590688528602,0.0058703048206068,0.022009,0.648582,0.435641
245,2016,9.0772533416748,21.71068935039653,0.113654,0.8888888888888888,6.792461047249564,0.0283036334953608,0.285716130094452,0.0827617013056015,0.010187,0.679217,0.048701
245,2017,11.1361608505249,21.786395894547283,0.104009,0.8888888888888888,9.349725265407685,0.0067576883452531,0.400938933884522,-0.0254931794121381,0.007165,0.520186,0.562387
245,2018,11.2936706542969,21.67202827130413,0.086236,0.8,14.47725425062964,0.0207057884716309,0.4119013757782628,-0.0247218380687184,-0.107676,0.583246,0.088264
245,2019,11.2811689376831,21.67369222187345,0.064754,0.8,10.304089391987164,0.0227185074844015,0.4006914985835862,0.0521519998955676,0.004051,0.586613,0.453221
245,2020,11.2726860046387,21.663955602281774,0.073149,0.7777777777777778,11.08893727411983,0.0202078345546591,0.3975187845831228,0.0539689932083989,-0.018241,0.588102,0.066583
245,2021,11.3153657913208,21.661698681233176,0.082004,0.7777777777777778,15.423946869338735,0.0041861941376758,0.374243524069787,0.0053215504983038,-0.057634,0.644855,-0.019192
163,2015,11.7079372406006,22.20095712236875,0.136031,1.0,2.795611520208694,0.0108718479392304,0.3476349721678702,0.0601422709559554,0.024582,0.419122,1.61648
163,2016,11.6673173904419,22.276321457323174,0.141578,1.0,4.595094880326131,0.0146738327572685,0.3191089447535765,-0.0781280904443864,0.02763,0.44542,3.638191
163,2017,11.6503343582153,22.317721890316705,0.154139,1.0,4.869872417370304,0.0024663753732252,0.3040158684002448,0.0114822025951118,0.023862,0.457808,1.763414
163,2018,11.6512184143066,22.325979466098797,0.107628,0.9,5.640160058860308,0.0084063034144233,0.2620077420108705,0.1692351196105605,0.02575,0.441557,4.762816
163,2019,11.6483278274536,22.31705519230737,0.093135,0.8571428571428572,4.788568287244989,0.0035038777681397,0.2587032250127933,-0.0151831947322878,0.023682,0.424783,2.878752
163,2020,11.6498355865479,22.384539289045016,0.077492,0.7142857142857143,5.435452998979074,0.0055225942273755,0.2290071101171905,0.0644877221867483,0.035112,0.43613,1.649386
163,2021,11.7430038452148,22.590887733186204,0.069122,0.7142857142857143,5.364850314339764,0.0019670014656966,0.175305006839907,0.0479692676136292,0.033609,0.521979,0.896204
163,2022,11.7393226623535,22.56794828796184,0.068608,0.6666666666666667,5.923440006593947,0.0024589985785561,0.14602798680061,0.0742817502626248,0.04062,0.488683,-0.163707
163,2023,11.8327674865723,22.709532114892465,0.064991,0.6666666666666667,7.219453773359782,0.002865112562494,0.1308938419535472,0.0274827129694296,0.034355,0.52377,0.725322
163,2024,11.9175643920898,22.77329377942762,0.088739,0.6,10.194298189023328,0.0032942554356598,0.1257402003493674,-0.070527591720375,0.011472,0.546328,2.878232
315,2022,9.24100303649902,23.55179056922478,0.045487,0.75,8.97312041240554,0.0096434827028933,0.3640139437216574,0.0120418931089353,0.06191,0.523038,-0.010554
422,2015,10.4176921844482,23.67183111405779,0.122404,0.9,10.887260886792191,0.0167535795777043,0.1112996518130391,0.0427202535475392,0.03707,0.593657,0.363792
422,2016,10.6660747528076,23.91466743816566,0.110407,0.9,10.715994821674984,0.0147609874402509,0.1213220630224355,0.0143011467942855,0.03267,0.673274,0.255453
422,2017,10.7550020217896,24.09487381480195,0.105676,0.8888888888888888,10.159100737806709,0.0,0.1158962752873779,0.0115363457750076,0.03102,0.645511,0.132684
422,2018,10.8483638763428,24.097947052262192,0.012588,0.9,10.481930206708723,0.0134400262409259,0.1402063465166071,0.0120185625052861,0.031042,0.632396,0.111071
422,2019,10.7469959259033,24.172969462779704,0.011475,1.0,11.526707139958436,0.0155353600091308,0.138524416424258,0.0112308527545671,0.033465,0.617169,0.189565
422,2020,10.6628742218018,24.27980001506016,0.012813,1.0,14.821262807219354,0.0134500051303528,0.1510121415213138,0.0032126172031337,0.004077,0.655424,-0.177836
422,2021,10.8070526123047,24.303454827678028,0.011188,1.0,14.158233153090652,0.0104791622647264,0.1578789853168085,0.0014612158218466,0.009912,0.649053,0.190507
422,2022,11.1148300170898,24.375116585316967,0.010629,1.0,14.210827244397098,0.0077658398841063,0.1515686759177517,0.0012202003736879,0.010617,0.649204,0.248064
422,2023,11.1573648452759,24.459352899692416,0.010955,1.0,12.38852558165415,0.0103653865209569,0.1484556482937984,0.0014109344703081,0.011656,0.644326,0.118149
422,2024,11.031681060791,24.52452351347883,0.015397,1.0,12.533278328363634,0.0189556035173601,0.1437441093169721,0.1036291613609941,0.015868,0.649883,0.012402
41,2016,12.1454391479492,22.30700534086831,0.074813,1.0,4.651741908894999,0.0185631782128943,0.3359819728410987,0.0136150948298753,0.020587,0.493218,0.177221
41,2017,12.1485242843628,22.384612445125,0.0737,0.6666666666666667,3.794113888147182,0.0347170261217392,0.3304290271984069,-0.0193813506182361,0.019825,0.519717,-0.113761
41,2018,12.3122415542603,22.51847614912606,0.040268,0.7142857142857143,4.653384774102013,0.0417954809205719,0.3251190374190196,0.0018389524369245,0.009518,0.57005,0.086644
41,2019,12.4639844894409,22.65705867367594,0.026081,0.6666666666666667,4.7291512236296205,0.0241512309419325,0.3211301621484386,0.0103055571686265,0.020137,0.606789,0.118856
41,2020,12.5380268096924,22.742576433394127,0.026881,0.8333333333333334,5.891279347689955,0.0306109458940995,0.3469573665699992,0.0168567583812822,0.024898,0.626796,-0.121297
41,2021,12.4581689834595,22.721848503052342,0.028654,0.8333333333333334,4.888985362993318,0.020108504675406,0.3711715269826218,0.0667528615896411,0.033614,0.599363,0.013875
41,2022,12.7840442657471,22.98773721765979,0.045228,0.5,6.2262229529689215,0.0234766510354043,0.4062003725278966,0.0429630503518188,0.023237,0.535936,-0.10995
41,2023,12.8093843460083,23.04891755030312,0.04715,0.5,6.045884350608242,0.0356978169235221,0.4298339306831353,0.0130409748783285,0.014704,0.560355,-0.598608
41,2024,12.8394117355347,23.14532093500391,0.051052,0.6666666666666667,8.84101856645016,0.0383700035559678,0.4895162949840798,0.0128174293437733,0.017262,0.588937,-0.027787
448,2015,10.236644744873,21.313625770223958,0.11504,0.4285714285714286,6.275049625106384,0.0102848422501438,0.0888250249276511,-0.0044754655678751,0.103503,0.431673,0.816291
448,2016,10.2117395401001,21.617497432715144,0.10539,0.4444444444444444,5.704409485157499,0.0071579794081231,0.0,-0.0190551758478345,0.093389,0.309774,1.097672
448,2017,9.95838451385498,21.711991198446984,0.112869,0.5,6.380986391249029,0.0,0.0,0.086120551363142,0.06301,0.334505,0.613976
448,2018,10.1284885406494,21.775985713133338,0.056471,0.25,6.587857007789916,0.0108309965608812,0.0,0.0483843180835202,0.013193,0.380442,0.577351
448,2019,10.8274030685425,21.80218606629548,0.051628,0.1666666666666666,5.774375593918991,0.0073496843448681,0.0,-0.0100208840726626,0.014143,0.385638,0.312341
448,2020,10.5435285568237,22.773984734300797,0.027292,0.2857142857142857,4.845314945245812,0.002069693521457,0.0,0.0493976958413361,0.059924,0.444018,0.62819
448,2021,10.3518848419189,22.699188332804955,0.034086,0.2857142857142857,5.378306609417263,0.0055361642045386,0.0,0.0036962083119824,0.073351,0.345293,0.477604
448,2022,10.2769575119019,22.82584891656227,0.037176,0.4285714285714286,6.037524469836832,0.009993784030192,0.0,0.0538281763698048,0.067567,0.374247,1.217981
448,2023,10.431978225708,22.91734268239303,0.039386,0.5714285714285714,6.17418610106427,0.0046590074204549,0.0,0.0461910713916813,0.067373,0.378902,1.04319
448,2024,10.4574565887451,22.953046100810763,0.037707,0.75,6.652082021237092,0.0052339681679607,0.0,-0.0327837198601713,0.06811,0.351162,2.317517
355,2015,11.6535749435425,21.53010925792188,0.102511,1.0,4.665694192768283,0.0042633519425295,0.2326133232621106,0.1451842710695416,0.152762,0.117242,-0.05561
355,2016,11.5697584152222,21.631385875166675,0.105345,1.0,5.0539005313154215,0.0050113315153693,0.2231190480449405,0.1871616021110757,0.162182,0.135669,0.23432
355,2017,11.5673294067383,21.70323176443863,0.098223,0.75,4.18747121660459,0.0,0.2288556295394598,0.1537919533753316,0.164016,0.129001,-0.03043
355,2018,11.6489248275757,21.82302458371355,0.06028,0.75,4.1519548501436265,0.0058252099506177,0.0,0.1928378341816625,0.153181,0.167297,-0.042732
355,2019,11.6522636413574,21.89627996961535,0.065652,0.75,4.104743145811498,0.0037135234211218,0.0,0.1889712154425624,0.144344,0.171634,0.227253
355,2020,11.3673715591431,22.01802223253833,0.058608,0.7142857142857143,3.981557432889389,0.0085738989719745,0.1895809380944097,0.0971989648492969,0.154606,0.194231,0.10898
355,2021,11.728196144104,22.25832039956338,0.050293,0.7142857142857143,3.82097320995882,0.0054280859931816,0.2011159842221403,0.195542508866519,0.18191,0.247343,0.069852
355,2022,11.9080743789673,22.45854063700113,0.042995,0.7142857142857143,3.473876106116243,0.0063284292388645,0.2295779426821751,0.1836123263918531,0.179954,0.269587,-0.032078
355,2023,12.2299375534058,22.5647250870045,0.039874,0.5714285714285714,3.641727764499673,0.0087586071278483,0.2767141771339681,0.1784000618523968,0.162999,0.24593,0.120729
355,2024,12.0080699920654,22.77966279898151,0.033029,0.6666666666666667,3.4928645523128474,0.0090209321283408,0.2560346322310399,0.1609586990171737,0.133334,0.315879,0.008183
112,2015,13.0139274597168,23.96423774041767,0.121082,0.8888888888888888,4.5816123044361445,0.0055419526445161,0.6152239876062793,0.0683116289800229,-0.006197,0.738282,0.355825
112,2016,13.1152353286743,24.11506085178216,0.083276,1.0,3.3301954572583163,0.010793798124544,0.6297542682713829,0.0898166365160406,-0.010637,0.775489,0.017341
112,2017,13.0712413787842,24.1474862972634,0.08418,0.75,3.2879684948173145,0.0147035761799359,0.6208404104444204,0.1191335389425073,0.002396,0.688009,0.070019
112,2018,13.0494594573975,24.262118625835114,0.04655,0.7,3.723872583367109,0.0064907762433903,0.588747079198794,0.0728835925447074,-0.026916,0.642867,-0.149127
112,2019,13.2015237808228,24.237252876762067,0.044366,0.8333333333333334,4.117753671614164,0.0125842758748867,0.5970745584063912,0.0945874177713388,0.002878,0.623656,0.040135
112,2020,13.2074670791626,24.19920563462312,0.039182,0.8333333333333334,3.852318759340064,0.0069865975139126,0.5933625128176532,0.1681100667174174,0.040398,0.585201,0.134617
112,2021,13.2169580459595,24.336845579061205,0.034152,0.8333333333333334,3.8871230865749737,0.0055572683127987,0.5264995813304785,0.2002411839655166,0.079794,0.433949,0.06011
112,2022,13.379810333252,24.39722787102904,0.02666,0.8,3.889170339079232,0.0056451170793218,0.5286933058746863,0.152570780872633,0.081989,0.374673,-0.021802
112,2023,13.3427095413208,24.47463809228714,0.025332,1.0,4.854580524009185,0.0052811091527548,0.4809262340009812,0.1041980648408451,0.034529,0.385827,0.117976
112,2024,13.3229427337646,24.71335720217184,0.025745,1.0,4.778169614804868,0.0040428071519575,0.46773064526737,0.1079183472194515,0.029819,0.453519,0.157238
122,2015,11.9210357666016,22.970580093273416,0.060071,0.75,2.832495775258114,0.00736326784883,0.3715152206947759,0.0649133733666541,0.011738,0.613653,0.558364
122,2016,11.729531288147,23.08005723773754,0.066116,0.6666666666666667,3.5076275635478784,0.0105751477387118,0.3668393838012538,0.0488121607494099,0.00635,0.646478,0.576011
122,2017,11.6610097885132,23.133067399117664,0.101208,0.6666666666666667,5.187302870727824,0.009189007554423,0.3674097747128694,-0.0081337051277403,-0.07393,0.723785,0.631577
122,2018,11.6313991546631,23.124014978281647,0.049898,0.5,4.354478075379954,0.0155748468838471,0.4110203145863756,0.0580790436805977,0.005096,0.705914,1.098807
122,2019,11.605806350708,23.022954493821292,0.05689,0.6666666666666667,5.20924337907007,0.0,0.3872699232007263,0.0836909384617382,-0.133158,0.809663,0.983099
122,2020,11.6953344345093,22.918979339712063,0.053418,0.6666666666666667,5.136896833549852,0.0,0.3976912271855366,0.072324253058324,-0.102367,0.916945,0.991578
122,2021,12.0398406982422,22.82156068838343,0.082669,0.5,5.326092673749191,0.0,0.3735129151690796,-0.001911079972392,-0.148896,1.084557,0.737845
122,2022,12.3178691864014,22.475023712975705,0.066222,1.0,5.750019938044213,0.010322250241495,0.4402950090654914,0.082956047378159,-0.073806,0.401204,0.281112
122,2023,12.1813278198242,22.46114373532953,0.056127,1.0,5.671900740380376,0.0081012655343913,0.435790155465622,0.0844288965671626,0.023759,0.322895,0.053333
122,2024,12.5935716629028,22.679000272770228,0.064614,1.0,5.692238124468388,0.0060344968022882,0.4935473319399509,0.0622533621594141,0.036411,0.417735,0.18463
401,2015,13.1703262329102,23.757235813130197,0.082641,0.5,6.896910171425268,0.1222838513591913,0.4740389741101283,0.1150528686167173,0.084097,0.231038,-0.040751
401,2016,13.2781820297241,23.88337850073616,0.068272,0.4444444444444444,7.056590761566999,0.0800147923453564,0.4513321137318096,0.0872219587541896,0.091912,0.260356,0.046528
401,2017,13.3361005783081,23.95156353392419,0.062308,0.4545454545454546,6.344256251434234,0.0578427427106822,0.5065432168621108,0.1014933795498219,0.125375,0.216523,-0.047249
401,2018,13.191930770874,24.1504339958439,0.059907,0.4545454545454546,9.642189469479709,0.073366235695006,0.4816262704809609,0.1084618326051652,0.091916,0.309862,-0.112188
401,2019,13.1311511993408,24.11375952499669,0.067567,0.5,8.692724171323333,0.0539105897136127,0.5998217188881438,0.0939778886117029,0.043748,0.267358,0.094253
401,2020,13.2355527877808,24.386197869204683,0.079638,0.5,11.000358991052302,0.0512984286774577,0.5270175676886247,0.0496348790724612,0.026075,0.238699,0.094662
401,2021,13.3325996398926,24.584449236009768,0.065458,0.5,9.114872506146234,0.0503157581966335,0.6126339405425854,0.033832761708868,0.02763,0.359145,-0.110268
401,2022,13.7722940444946,24.790398281952196,0.057786,0.5,12.091390819288216,0.043773245226541,0.5654423930796595,0.0137007367124792,0.011733,0.350111,-0.012154
401,2023,13.7384176254272,24.778091987738456,0.06359,0.5555555555555556,12.35113367732598,0.1183536033297945,0.5767611034055099,0.0689617950783371,0.006356,0.335878,0.057226
401,2024,13.6935453414917,24.801699207839324,0.054522,0.5555555555555556,8.21282809401434,0.0514785291666276,0.575325025877267,0.0443125630532952,0.004328,0.37527,0.018081
453,2015,13.0640087127686,22.53999625498832,0.483232,0.75,88.56492422048558,0.6229648830449821,0.8139255571067319,-0.0225273041089026,0.006918,0.719848,-0.955305
453,2016,13.2876491546631,22.64930206444457,0.371201,0.5,41.04425702603159,0.2350340656785473,0.0,-0.0156321976276214,-0.044736,0.792135,0.11331
453,2017,13.0248956680298,24.318822887603783,0.359838,0.75,2.045394073817087,0.8451215201103198,0.0,0.004913576874299,0.000703,0.436488,0.406432
453,2018,15.1161098480225,24.41484137274917,0.125311,0.7142857142857143,12.214402622441227,0.4644562190993651,0.0,0.0305937041929659,0.001202,0.486878,1.150659
453,2019,15.3216619491577,24.45555045409304,0.0553,0.75,4.441505739340377,0.371303067995683,0.0,0.0517881484683143,0.001522,0.504389,-0.113274
453,2020,15.1002235412598,24.4393212576818,0.029717,0.75,2.94493245131209,0.0072494901480914,0.0,0.0962952198669414,-0.022308,0.518588,0.214965
453,2021,15.2992534637451,24.48790949996291,0.028429,0.75,2.2889650535385786,0.0067625366426624,0.0,0.1644664645243495,0.061986,0.479431,-0.139881
453,2022,15.1744270324707,24.43082066965871,0.03323,0.75,3.873056662319595,0.0822149171557108,0.695827714007363,0.0680786512320646,-0.065328,0.514387,0.224235
453,2023,15.0302858352661,24.38537823784912,0.02818,0.8571428571428572,4.121056320971074,0.0245627935674667,0.737659940548994,0.077555801809501,0.017063,0.474747,-0.150743
453,2024,14.9202489852905,24.40896530583933,0.031013,0.8571428571428572,4.238803112475961,0.0164032939425216,0.0,0.1088941951993304,0.030851,0.456174,-0.091958
400,2016,11.9983110427856,20.936284320701645,0.200367,1.0,7.013383760936465,0.0114890303950539,0.0,0.0160686684385723,0.015683,0.476687,-0.357866
400,2017,9.94952774047852,21.20283835355004,0.200182,1.0,4.9714995183081,0.0082189742832856,0.0,-0.0347823932858537,0.055665,0.28637,0.968635
400,2018,9.84610271453857,21.110651187330323,0.179927,0.6666666666666667,9.21724637258893,0.0090574427705337,0.0,-0.0995047158502443,0.045816,0.277248,2.782981
400,2019,10.5613079071045,22.76251069915213,0.07503,0.6666666666666667,7.35372552183009,0.0130174845628922,0.1404151950497947,0.00915007801362,0.087484,0.458903,67.486549
400,2020,10.5334100723267,22.97062747077887,0.059645,0.6666666666666667,9.903909049554771,0.0087074660233396,0.126457315798718,0.0181032354259914,0.079044,0.278329,0.790283
400,2021,10.7134504318237,23.05169253121873,0.067167,0.6666666666666667,10.090086835558624,0.0093819887128774,0.1353286142155327,0.0593032421935302,0.082724,0.274799,0.917877
400,2022,10.7990894317627,23.09105211189578,0.068562,0.6666666666666667,12.085256821299383,0.0158165213944324,0.1514202981301549,0.0904109123318615,0.054805,0.271092,0.606133
400,2023,10.8709354400635,23.182585021731832,0.086694,0.5,10.02862751691808,0.0204120731030452,0.1485442335897808,0.0162013117126968,0.027861,0.288035,1.824888
400,2024,10.9221057891846,23.18663219459172,0.089207,0.0,11.007999743347527,0.0242438485614074,0.1250167686114062,0.0065928190460187,0.021276,0.283603,0.821121
306,2015,10.3979263305664,22.310826049006245,0.118004,0.4,5.285202566857397,0.0027283028081149,0.2261469553771492,0.0222812141525837,0.03866,0.292716,0.301795
306,2016,10.4552755355835,22.37958283488374,0.115266,0.5,5.06978683470106,0.0139955148358237,0.2069877816450394,0.0101425640901048,0.032254,0.330073,0.245152
306,2017,10.4177169799805,22.457661604191998,0.100808,0.5,4.892756184679047,0.0028173828818481,0.1774114495841521,0.0278085725978128,0.027565,0.369581,0.195453
306,2018,10.5805034637451,22.5453312441241,0.055334,0.5,5.236000569971278,0.0016810864896306,0.2007027286170981,0.0073671502469813,0.034365,0.403055,0.287285
306,2019,11.1648797988892,22.518377594217892,0.057947,0.625,5.263391762335077,0.0182317414534649,0.2226564278451876,-0.0566819748675063,0.018884,0.387298,0.357311
306,2020,11.1983089447021,22.51534987007124,0.065215,0.7142857142857143,6.296849201287056,0.004347431848245,0.1900775557035333,0.0890800193626953,0.019624,0.375806,0.129796
306,2021,11.1990041732788,22.52464270243285,0.060324,0.7142857142857143,4.852947841905659,0.0036095687462282,0.1790782839930683,0.0343630165346853,0.013228,0.372339,0.025926
306,2022,11.0644521713257,22.491933181037485,0.069001,0.8,5.08007861464796,0.0057845388257556,0.1700544503937451,0.0256387219487775,0.01388,0.350112,0.314243
306,2023,11.0543956756592,22.43543286656352,0.090535,0.875,7.251544018542784,0.0049206701715679,0.169944563991833,-0.0118844213705352,-0.035061,0.354437,0.655625
306,2024,10.9993562698364,22.39489098885685,0.106973,0.875,9.90889165093495,0.0067600086906977,0.1655936299783866,-0.0498561006734288,-0.026581,0.36295,0.414627
214,2015,10.235878944397,24.74172492510129,0.043883,0.8571428571428572,1.9597437322809712,0.0040087541555276,0.1631646015135374,0.0581895378419478,-0.031008,0.679914,0.17293
214,2016,10.2190866470337,24.81532402150164,0.040645,0.875,1.613817461263209,0.0024393200497602,0.1518332486988078,0.0780198045802723,0.019368,0.665423,0.187775
214,2017,10.3059244155884,24.90413502483192,0.034156,0.8571428571428572,1.5598578474383178,0.0041401720708083,0.1483441415028872,0.0222577248281274,0.010109,0.681199,0.177829
214,2018,10.6399345397949,24.99303236026241,0.018657,0.8888888888888888,2.345683541598529,0.0049832136566415,0.1718078453468606,0.0618836691086037,0.009241,0.70039,0.31433
214,2019,10.7194995880127,25.027185161008937,0.019029,0.8181818181818181,2.4136913806768163,0.0,0.1732249741927881,0.0211586595560725,0.004519,0.714343,0.195169
214,2020,10.7476272583008,25.08748028496364,0.015865,0.75,2.6598520186452834,0.0037358051299306,0.1608640059282539,0.0176545919494896,0.002991,0.730282,0.140727
214,2021,10.7930583953857,25.097761890861307,0.017723,1.0,2.6677056115148665,0.0036168118436503,0.1554774435454834,0.0590442302606276,0.008507,0.724943,0.132226
214,2022,10.7871770858765,25.17222349684284,0.018845,1.0,2.792600876076901,0.0044418372958553,0.1439047130362291,0.0385261836741782,0.013262,0.73302,0.095257
214,2023,10.7698459625244,25.27080956048832,0.018622,1.0,2.555497833397767,0.0049556912539024,0.1249997630694971,0.0302445172971055,0.019048,0.745124,0.169985
214,2024,10.8459596633911,25.322200643786644,0.017223,0.8333333333333334,2.508878965843659,0.0033343050613432,0.1202059469863802,0.0270143809244992,0.018166,0.748727,0.019869
382,2019,1.68956851959229,17.54527674578284,0.22541,1.0,0.0,0.0,0.0,-0.1608442040203511,0.0276,0.792612,0.379993
382,2021,8.62780570983887,19.02844005121798,0.038951,1.0,0.0,0.0,0.0,-0.4120356294700429,-0.023742,0.9384,1.027705
339,2021,9.84840297698975,21.672226324972616,0.031387,0.5,12.025874347950449,0.0335391570882446,0.0330692073267648,-0.01905422044464,0.08216,0.249996,0.875709
339,2022,10.4213743209839,21.767340525592765,0.032619,0.3333333333333333,14.954160112778917,0.0418135983404381,0.0,0.0282866440945631,0.078549,0.239663,0.575379
339,2023,10.2510004043579,21.8497000810675,0.033234,0.3333333333333333,13.53743130339472,0.023369198359889,0.0796488935868263,0.06931562988072,0.075876,0.223912,1.420287
363,2015,13.5036878585815,22.9156321076798,0.021324,1.0,3.051378001139524,0.0123333308493856,0.5311786282694921,0.0473468111678858,0.002791,0.636635,0.220313
363,2016,13.626350402832,22.995167242557898,0.023321,0.8333333333333334,4.438169798139411,0.0104477229689744,0.4926934710002467,0.0057398058511663,0.0039,0.661513,-0.261869
363,2017,13.7521858215332,23.039308312850544,0.032903,0.75,5.454657658504244,0.0062523684075708,0.466391537518334,0.018965900234324,0.011798,0.660171,0.552095
363,2018,13.7533292770386,23.067467084446257,0.029642,0.6666666666666667,7.289625623040795,0.0151049611158761,0.4627949309607909,0.0523006783661783,0.017709,0.649527,0.163171
363,2019,13.7690258026123,23.18530822188588,0.035786,0.6666666666666667,7.580115642368196,0.0139728190241528,0.4525025251646624,0.0173413637358889,0.012107,0.610747,0.033266
363,2020,13.8090400695801,23.184039335950366,0.034917,0.7,5.787756710785052,0.0,0.455839857150114,0.0262059480285787,0.029986,0.581388,0.18032
363,2021,13.8055191040039,23.35853848959698,0.028252,0.7,6.100914222411155,0.0,0.3869039784879625,0.0493607022230252,0.061572,0.502554,-0.05927
363,2022,13.8654880523682,23.386421866406145,0.039664,0.7,7.531834623746681,0.0,0.4013554230532225,0.0747902570593547,0.108966,0.409393,0.037285
363,2023,13.9603595733643,23.539813672494,0.045646,0.6666666666666667,9.92624300129549,0.0,0.3808636234648024,0.0370306159053641,0.093705,0.417636,0.03567
393,2015,9.57439613342285,21.885334652222696,0.043303,0.4285714285714286,4.945933491563202,0.0099608938114232,0.0820611844286841,0.0020401514545535,0.037076,0.675165,2.183026
393,2016,9.48360252380371,22.021395527681253,0.052536,0.4285714285714286,3.747930571157213,0.0072151450844731,0.1002830474849013,0.0670729674520299,0.060175,0.683987,1.986514
393,2017,10.341438293457,22.587594566711275,0.049682,0.5714285714285714,4.000874502882412,0.0050108482356996,0.1477821795156223,0.0036259091496287,0.031844,0.66352,1.10988
393,2018,10.5645713806152,22.73113836217457,0.037338,0.4285714285714286,4.031443052493748,0.0059799105780473,0.1572522168191256,0.0177741662412193,0.035144,0.676212,2.62373
393,2019,10.8348560333252,22.687486061556733,0.055189,0.5714285714285714,4.790737231460879,0.0060454497509284,0.1674549356383053,0.010650803315799,0.016213,0.649659,3.170729
393,2020,10.9381427764893,22.7913554513832,0.055489,0.5714285714285714,4.631460352914656,0.0075112566789145,0.1645690476274557,-0.0137419263260397,0.022042,0.671961,7.138379
393,2021,11.1845798492432,22.76436527386255,0.071339,0.2857142857142857,5.010861413332248,0.0105016529858072,0.1723790162967796,-0.0066171061350403,0.02449,0.645576,1.916724
393,2022,11.3034334182739,22.731313800806983,0.087367,0.2857142857142857,6.2720270789925525,0.0126907328213188,0.0,0.0158208382044053,0.009276,0.630111,1.07026
393,2023,11.2633428573608,22.607719673783837,0.129337,0.3333333333333333,5.156261952183983,0.0149406379815309,0.0,0.0164421909299357,-0.083625,0.666749,1.513321
393,2024,11.2296323776245,22.52575590959191,0.120178,0.25,10.75317168042517,0.019976713963577,0.0,0.0403473566701978,-0.040541,0.683072,0.13315
199,2018,9.88360786437988,26.02459528262609,0.010477,0.3333333333333333,2.1664328790382794,0.0011870931048086,0.0440833772026629,0.1096970207731951,0.084284,0.639365,0.052192
199,2019,9.8900260925293,26.04926133060765,0.008615,0.4,2.3066395394202246,0.0039303413444964,0.0386191881060796,0.0313175174841253,0.090491,0.565452,0.177481
199,2020,9.95057773590088,26.14164782989756,0.010428,0.4,2.3247005701121943,0.0036542579177576,0.0403873030574109,0.0341164624392361,0.077275,0.538651,0.408668
199,2021,10.2787609100342,26.30904815862797,0.009458,0.4,2.464987975000614,0.0031197305279009,0.047151467538906,0.0327242979905668,0.075109,0.551824,0.227504
199,2022,10.9391536712646,26.37290063857766,0.00748,0.4,2.263949112284021,0.0036670363267017,0.0662351837075882,0.0540685928863442,0.070671,0.544901,0.110008
199,2023,11.1241035461426,26.38520253277734,0.008871,0.7142857142857143,2.2696402929598367,0.0,0.0830391651351603,0.1497495140000913,0.073055,0.511322,0.208779
199,2024,11.0530958175659,26.483817728126247,0.008464,1.0,1.7452240522119165,0.0,0.0892747444009021,0.0750176461731642,0.073239,0.517716,0.014564
152,2015,11.5672445297241,23.2906303419828,0.061294,0.7777777777777778,4.291138992297226,0.0009069298628665,0.1888274874999257,0.099841536528963,0.052989,0.477494,0.003385
152,2016,11.3356781005859,23.457942832314437,0.058348,0.6666666666666667,3.68703633697989,0.0019483786012992,0.1396761518427442,0.103896274388743,0.052339,0.510722,0.143739
152,2017,11.0455684661865,23.577630035662043,0.055162,0.6363636363636364,3.4303045254368523,0.0007186949412568,0.1053957070804018,0.0713565218273875,0.075682,0.502806,0.304155
152,2018,10.9583368301392,23.72653929441585,0.018179,0.6666666666666667,3.911967961240392,0.0010599277299895,0.0953810414554826,-0.0108617717040795,0.058555,0.53304,0.220845
152,2019,11.0433435440063,23.81029348489869,0.020902,0.7272727272727273,3.6893859786400576,0.0013980089544471,0.1057475656265332,0.11070594697542,0.057508,0.529622,-0.01173
152,2020,11.5790185928345,24.155267066672064,0.023548,0.8235294117647058,3.305005706374456,0.001609759932416,0.1168557177498125,0.0464315938267069,0.056033,0.610555,0.461892
152,2021,11.4092025756836,24.30279721072931,0.021143,0.9230769230769232,2.9681894388502106,0.0,0.1372478219971455,-0.030745884278133,0.051781,0.635149,0.318526
152,2022,11.6372585296631,24.375856359043887,0.020752,0.9166666666666666,2.969320334108054,0.0,0.1387226751135551,0.08905363378186,0.079327,0.591703,-0.077878
152,2023,11.7091264724731,24.39465275735796,0.019993,0.9166666666666666,2.9727707881000374,0.0014705334543622,0.1506101550204411,0.1735961182236541,0.049603,0.565215,0.095331
152,2024,11.6648006439209,24.412096060732804,0.022582,0.8571428571428572,3.1430700971994,0.0009867996761675,0.1493011457896376,0.1052618472361616,0.041106,0.548514,0.003781
274,2018,12.8938808441162,23.27939815437577,0.056948,0.5454545454545454,4.549012603499942,0.0024523430934919,0.2701165443338677,0.0438736697606757,0.115478,0.349961,-0.019822
274,2019,13.6041793823242,23.34618649620511,0.055158,0.625,5.322806960225578,0.0267642718501881,0.2952851075857453,0.0611694276071703,0.056932,0.350886,0.345252
274,2020,13.6362724304199,23.486788422814097,0.057923,0.6,5.04249863637549,0.01564108690013,0.2714616441149527,0.0088843331159068,0.034322,0.408062,0.365193
274,2021,13.6591825485229,23.692584784347464,0.065127,0.5714285714285714,4.961808860781241,0.0081833189514597,0.2415637219262267,0.0270421598276697,0.036998,0.456583,0.127493
274,2022,14.0743112564087,24.06270506500223,0.056311,0.625,5.667903502496371,0.0113793360679245,0.3245290138336877,0.0565360524550268,0.041174,0.484562,-0.068338
274,2023,14.1133909225464,24.09545807006552,0.078494,0.625,5.803995955511637,0.0,0.3215549546531459,0.0519658672809691,0.040386,0.50596,0.067207
274,2024,13.9296903610229,24.18042506263134,0.085459,0.7142857142857143,6.453741297972942,0.0,0.3884641595517851,0.0562097955356158,0.018321,0.508891,0.046767
417,2021,13.711597442627,22.239627065050367,0.020661,0.5,4.298988122715086,0.0006638824552304,0.1758095386511297,0.0739756490096526,0.08222,0.543198,-0.072258
417,2022,13.7319192886353,22.003706103410067,0.017401,0.5,4.370244637815177,0.0030497458372067,0.2600445170025135,0.0137936783122148,0.154738,0.317584,-0.013292
417,2023,13.6279916763306,22.274458234694148,0.023061,0.5,4.438413551054456,0.0051374567465093,0.2281846005798646,0.0599951247487358,0.018366,0.268931,-0.124695
417,2024,13.4617643356323,22.250451500891195,0.024922,0.5,4.296769662769805,0.0031246938121109,0.3667675841299479,0.0147924477009868,0.010989,0.252425,-0.046029
169,2015,13.3186082839966,21.415638474780568,0.228607,0.5,16.211345159319826,0.0834801314379243,0.617630816185283,0.1034082239475055,0.056682,0.175459,-0.162285
169,2016,13.2014360427856,21.383295998202936,0.272296,0.5,20.248056881065857,0.0352502565932743,0.589547974578325,0.0571274111337326,0.027265,0.134659,0.445597
169,2017,13.2522401809692,21.47242489804368,0.237245,0.5,15.383344059866523,0.0,0.5033743767938985,0.110881113274761,0.04524,0.15267,0.213739
169,2018,13.268196105957,21.54401372010533,0.069493,0.5,21.515695735591358,0.1219325773853771,0.445442103447854,0.1285791997595378,0.031302,0.171147,-0.044495
169,2019,13.3929605484009,21.55955047203351,0.071715,0.6666666666666667,21.98610196204981,0.0042248057825824,0.3759716009067617,0.0578598871811284,0.04693,0.139733,0.555126
169,2020,13.310604095459,22.04062807145756,0.029134,0.6666666666666667,12.438289284348825,0.0375892541931453,0.2311454335964302,0.1296116105657961,0.102213,0.098859,0.097295
169,2021,13.2750310897827,22.21886965490413,0.043061,0.6666666666666667,12.752931866352474,0.0481094550072551,0.303913581898085,0.1374041158918127,0.129699,0.115821,-0.139303
169,2022,13.4354038238525,22.24656364061156,0.061214,0.6666666666666667,17.454302903421745,0.0382310842610469,0.2809885250344189,0.0853983549474289,0.050743,0.123552,-0.096709
169,2023,13.6722087860107,22.2968947019358,0.080235,0.7142857142857143,14.867225286659576,0.0041254047979054,0.2693487880330092,0.0633445561852991,0.032331,0.145641,0.158166
169,2024,13.3734760284424,22.28105989762438,0.082476,0.8,14.11622513916641,0.0046290223754498,0.2587872188544491,0.0748639891151067,0.05327,0.09284,0.019402
413,2019,9.95207500457764,23.5428145392936,0.023893,0.6666666666666667,9.66837602573208,0.0248447173378835,0.1541062098462093,0.1892617178855878,0.038069,0.72442,0.262894
413,2020,9.76694869995117,23.76607152270648,0.021914,0.6,9.252723811161395,0.0312753437848425,0.1254301628597577,0.1104403410360717,0.042333,0.429744,1.135637
413,2021,9.42858695983887,23.98604312478674,0.021534,0.75,13.694141325670117,0.0358840828723938,0.1253212648619544,-0.0189606025453386,0.04839,0.499409,1.360716
413,2022,10.2942380905151,24.183052012896525,0.023797,0.75,19.006171272399097,0.0327302686444171,0.1293074563260886,0.0353622015184747,0.050839,0.442298,1.378161
413,2023,10.3949480056763,24.17691203220504,0.02051,0.8333333333333334,17.03085478590454,0.0387646681511268,0.2288171784787783,0.1110162025062784,0.059398,0.383821,1.797313
413,2024,10.1782217025757,24.323791874771512,0.026843,0.8,9.514567790072308,0.0415589192855407,0.2115121701163149,0.0743310274354123,0.054439,0.417578,1.192084
146,2015,9.69948482513428,20.061993168466163,0.126536,0.2727272727272727,6.867668220575034,0.0618652467644441,0.0399360407115151,0.0892097536876686,0.154942,0.114601,0.716948
146,2016,10.5198421478271,20.183371762680807,0.11696,0.4,6.18812427785462,0.1362361304414186,0.0,0.1379304134126462,0.155598,0.09109,1.035573
146,2017,10.6323490142822,20.240778445181835,0.144531,0.4,8.393776211103596,0.0,0.0,0.0313987382677837,0.111205,0.088917,1.330008
146,2018,10.5667037963867,20.555278983810872,0.053706,0.4,6.778059176659075,0.0545184924044853,0.0,0.0957400676390151,0.077086,0.229548,2.646295
146,2019,11.5283660888672,20.52987617259349,0.084455,0.3333333333333333,11.07128637764724,0.0810350739461077,0.0,0.0662882158040109,0.027726,0.132087,0.052313
146,2020,11.7097644805908,20.47134963980608,0.081367,0.1428571428571429,14.939247203656969,0.0944403667369143,0.0,0.061775093607545,0.020192,0.026883,0.897336
146,2021,11.6859817504883,20.48509505537064,0.085098,0.2857142857142857,18.0660994751041,0.0002347521039363,0.0,0.0538912051462042,0.00849,0.031677,1.309124
146,2022,12.0767335891724,20.511101997320285,0.217946,0.2222222222222222,19.226192552963383,0.039676167496728,0.1958667080236518,-0.0153352417862376,0.001012,0.055523,0.031331
146,2023,11.5816411972046,20.48858098226054,0.413588,0.2857142857142857,26.12301744675079,0.0404312015486277,0.0,0.0270622844148831,-0.023652,0.021125,-0.393861
146,2024,11.3166971206665,20.601241722186952,0.116069,0.2857142857142857,16.921913428007457,0.0271891474774818,0.1509267532965439,0.0275682808216642,0.005712,0.113786,0.769182
83,2016,9.22869396209717,21.22865997123702,0.148301,0.4285714285714286,9.16427876699494,0.0424291969988544,0.1041571354127231,0.1468467529969868,0.144067,0.071682,0.316813
83,2017,9.12849807739258,21.475465528128023,0.119964,0.375,8.122392260313717,0.0083447966823048,0.0689011513537512,0.1004821064805949,0.187222,0.09297,-0.013738
83,2018,8.95641231536865,21.40603255514184,0.042128,0.375,9.530907583257584,0.0590453580309932,0.0783352607023911,0.1531301493522612,0.1872,0.072176,-0.070277
83,2019,8.85090446472168,21.46423953774389,0.052401,0.375,11.42868817700629,0.0537099622602069,0.0836733438535583,0.1696596920222857,0.121714,0.134986,0.17871
83,2020,9.72803783416748,21.452003075950973,0.056533,0.7272727272727273,11.953584004224336,0.0559578389859211,0.0942395214652595,0.0458150705691378,0.104502,0.109335,0.299295
83,2021,9.7947883605957,21.56834219358608,0.047556,0.7777777777777778,9.7350233829717,0.0328068472025704,0.0888082168394953,0.1094073941817786,0.156648,0.13263,-0.137376
83,2022,10.0971708297729,21.86318855767773,0.04142,0.75,10.253886851529725,0.0390244570870075,0.0667887833097444,0.0697991818165387,0.145944,0.30781,0.175586
83,2023,9.8462553024292,22.09333074783453,0.050196,0.8,9.011787623492904,0.0340969980474006,0.0681968258741207,0.0843714162420944,0.111236,0.382671,0.306195
83,2024,9.67577362060547,22.20770509803182,0.046158,0.7777777777777778,8.13382317833601,0.0366566166085898,0.0561950862019025,0.0515330043937655,0.141412,0.384299,0.018026
1,2017,9.90281963348389,21.13004215162074,0.089465,0.5,4.175348937396797,0.0017047293200154,0.0,-0.1167946839392602,0.044564,0.421234,-0.059861
1,2018,10.9121503829956,21.47788949684089,0.074231,0.625,5.449978465563516,0.0023806200635384,0.2328321693857736,-0.0250727280566039,-0.046793,0.583363,0.329569
1,2019,11.2494611740112,21.528869981993,0.067379,0.7777777777777778,4.523650796987088,0.0201346785012538,0.3098989703338901,0.0192492427835768,0.012545,0.589222,-0.039417
1,2020,11.8717384338379,21.385912948052788,0.081039,0.8,5.273407833135655,0.0178462112166867,0.0,0.0361350923404385,0.005028,0.565015,-0.149322
1,2021,11.8093328475952,21.48008575018224,0.072625,0.7142857142857143,4.804030569449154,0.0240497907140336,0.0,-0.0273209055442534,-0.00163,0.493877,0.107263
1,2022,11.8867235183716,21.29625355362173,0.082065,0.8571428571428572,5.53829762007079,0.0145078656412531,0.0,0.0426689588760252,-0.058685,0.409915,-0.01988
1,2023,11.9705619812012,21.212669252628448,0.086402,1.0,5.931062944688563,0.0183026214847605,0.0,0.0473592327619168,-0.050234,0.41191,0.004421
1,2024,11.9733400344849,21.171507057962828,0.072868,1.0,5.038135644579446,0.0157474067006159,0.0,0.0229530049353089,0.008438,0.380589,0.528607
153,2022,11.1167917251587,21.12389655084589,0.029291,0.4285714285714286,3.568711237848593,0.0004338046326189,0.0828210408843145,0.0175475163534164,0.106164,0.271637,-0.122677
153,2023,11.3254776000977,21.182584605724514,0.04076,0.6,4.216519129834564,0.0065867187096932,0.111573441315383,0.1217980401800247,0.059419,0.274203,-0.11435
153,2024,11.614595413208,21.22314304635558,0.039571,0.6,6.1454654193054905,0.0033765202994198,0.2574901368096783,0.1104288743452619,0.036936,0.3259,0.042484
261,2020,10.7837810516357,21.501676592262893,0.01407,0.4,15.118071486522688,0.0089303287321519,0.0,0.0289675412296421,0.015254,0.08706,0.084229
261,2021,10.694787979126,21.57025200393942,0.022417,0.4,19.876424860391907,0.0088567758171856,0.0,0.0715133420342387,0.025064,0.131255,0.052844
261,2022,10.9082708358765,21.42619345291821,0.06374,0.4,40.33604363629665,0.0258874265372293,0.0,-0.0999012743343248,-0.119516,0.10999,0.230177
165,2017,9.78815650939941,21.57821625697486,0.097596,0.6923076923076923,9.430216569465772,0.0020850091989333,0.2395878509908122,0.0841747336207975,0.025774,0.548328,-0.041032
165,2018,10.4423990249634,21.732724230974053,0.041965,0.75,8.375966792584153,0.0035577173714447,0.3121895408038833,-0.0609228388733409,0.027979,0.589124,0.041027
165,2019,11.7106800079346,21.78607678428417,0.062194,0.75,12.76097465484813,0.0028975167641665,0.3770444340347328,0.055068042560513,0.007513,0.591271,0.15634
165,2020,12.0026369094849,21.98776034521504,0.071446,0.8,15.5731196720146,0.003240593310862,0.3415850930410792,-0.0579636096099,-0.075201,0.529749,-0.165804
165,2021,11.0019292831421,22.070750256527408,0.06198,0.8,11.38578949638442,0.0026963305863244,0.2203942048082202,-0.0161016160367607,0.01748,0.547124,0.465533
165,2022,11.8384265899658,22.378029521714208,0.052042,0.75,10.777491273072286,0.004378431731537,0.1787559733596894,0.0107523584236542,0.032774,0.631929,-0.323807
165,2023,11.8215370178223,22.278441528742427,0.06786,0.75,12.964536566603549,0.0033380432083336,0.1827566869031066,0.0301826140957504,0.020052,0.516892,0.280536
165,2024,11.5953054428101,22.36977113256279,0.054206,0.6,11.187548660483628,0.008474606202082,0.2121744960187969,0.1083039680284628,0.032193,0.525713,-0.113097
231,2017,6.03023767471313,21.57029784035678,0.084076,0.7142857142857143,5.412746602538643,0.0024243622091429,0.0,0.0920220967803966,0.063965,0.321392,0.098889
231,2018,5.76878881454468,21.564146659320876,0.039841,0.6666666666666667,8.828375422000894,0.0437067200550408,0.0,0.0873902871908784,0.034588,0.285637,0.814187
231,2019,7.29478883743286,21.704152032391885,0.044925,0.6666666666666667,9.113406162771298,0.0468153408692526,0.1135352980284946,0.0206016013275309,-0.014602,0.400893,1.375959
231,2020,8.27529907226562,21.66636834852006,0.044041,0.5714285714285714,10.967369931031186,0.0206969582875336,0.1168070569008725,-0.0148046185062714,0.01263,0.364979,0.606909
231,2021,8.88961887359619,21.618749961518684,0.066463,0.6,11.449107787674643,0.023011908094402,0.1456864190251336,0.0059507659376692,0.007767,0.336054,0.960299
231,2022,8.78890419006348,21.519280016633687,0.070063,0.6,14.654353509866272,0.0128145337395147,0.1530009275830388,-0.0189117757857174,-0.068594,0.335209,0.248862
231,2023,8.88031482696533,21.323486186470635,0.121159,0.6666666666666667,14.763460311371436,0.0201058022047526,0.1808626992158611,0.0086479742409511,-0.114113,0.305544,0.440934
231,2024,8.83739280700684,21.27875385706656,0.102207,0.6666666666666667,11.086246109484255,0.0630860741019988,0.0,0.0364682950396529,0.023023,0.250751,1.324558
294,2019,12.4541330337524,21.19295779240192,0.05266,0.7272727272727273,6.605788308012195,0.0199905646476485,0.2226310870938576,0.0576671977722308,0.076357,0.195035,0.122699
294,2020,12.8171844482422,21.21282387571793,0.043367,0.8333333333333334,6.470768045426601,0.0215299645953241,0.2931273306098187,0.0202722118073394,0.077383,0.235781,0.040063
294,2021,13.0507459640503,21.574985318567137,0.040683,0.8,6.403843877252538,0.0093810168935366,0.223313066893501,0.0799889636276165,0.094915,0.151133,-0.013084
294,2022,13.2810745239258,21.606930893599287,0.041663,0.75,7.101432448166897,0.0161105263553461,0.2602199164597976,0.0725868588728407,0.094255,0.161021,0.193474
294,2023,13.2192611694336,21.59646027420184,0.045399,0.75,7.275114129231183,0.0132907388200212,0.3121208580046766,0.0752933289728858,0.057125,0.169303,-0.036482
294,2024,13.1932544708252,21.68656700055964,0.047102,0.75,6.823043517261546,0.0083453634514066,0.3356769418046682,0.0233956850404945,0.061406,0.222745,0.018708
28,2015,10.4421997070312,22.256665311097056,0.068204,0.4615384615384615,4.064488099247384,0.0033089925820789,0.215065010599994,-0.0226141931440981,0.054489,0.497002,0.160789
28,2016,10.3250646591187,22.65878507031334,0.086055,0.5555555555555556,5.401654365349276,0.0062985064580114,0.2148988700149357,0.1290551676260443,0.049026,0.381617,-0.090035
28,2017,10.4587669372559,22.700928458338737,0.078381,0.5555555555555556,5.440113694995844,0.0060498244332363,0.2569425116650727,0.0282613755444834,0.01376,0.398601,0.165961
28,2018,10.5189790725708,22.815055775393795,0.02842,0.6,4.719123183743646,0.0039831469458133,0.2754371700820235,0.0636842444428206,0.023922,0.437213,0.046011
28,2019,10.4670848846436,22.83499188899314,0.03703,0.5,5.432751505651815,0.0060908765287307,0.285727299273273,0.1143079805974849,0.03657,0.460338,-0.100747
28,2020,10.5216808319092,22.8907795568974,0.033438,0.5,4.497464810464556,0.0080090011563194,0.2776698729040476,0.0380756330172138,0.039416,0.462901,0.10715
28,2021,10.6669054031372,23.002304020882995,0.028763,0.5714285714285714,4.476741754789829,0.0074897584408673,0.2631147934340559,0.0420958778633869,0.040456,0.491872,0.084674
28,2022,10.7862205505371,23.077871276341774,0.030312,0.8333333333333334,4.081708202801383,0.0072265474825196,0.2807111108443428,0.0350949115808972,0.021477,0.511137,0.009193
28,2023,11.0459451675415,23.04707183472116,0.03848,0.8,4.24950557500925,0.0090541428809105,0.2992359776409631,0.0842721282876938,0.004855,0.497406,-0.188944
28,2024,10.7456645965576,22.942788759561346,0.041743,0.8,4.430332016833875,0.0100684071161056,0.302089251699644,0.0312568665316562,-0.009864,0.460534,0.133404
155,2017,11.5461483001709,20.75891312920256,0.086904,0.8,3.805451578928304,0.0,0.1808127715710459,0.0557180091478871,0.048161,0.140048,0.003208
155,2018,11.559100151062,21.01392610383627,0.05409,1.0,4.935405720197465,0.0055104410761149,0.2983471562977692,0.0361459326768452,0.038079,0.282502,0.13741
155,2019,12.5649747848511,21.29125738361516,0.117352,1.0,9.542382607765708,0.0068960443236039,0.4829868687703172,0.0173706929362193,-0.026327,0.480483,0.391534
155,2020,12.4484386444092,21.20128940920964,0.12049,1.0,9.691464959536258,0.0109575725141783,0.5618164442663794,0.040677603620147,-0.060832,0.491327,-0.402399
155,2021,12.4616861343384,20.346190249513164,0.492966,1.0,7.712706701522509,0.016759362656351,0.411561587226991,-0.036014607130177,-0.702147,0.466768,-0.172949
155,2022,12.2409353256226,19.960870575579243,0.248926,1.0,8.947201630960308,0.0425462125685533,0.4604075694819731,-0.1384734995971488,-0.202906,0.406875,-0.278303
155,2023,11.9247608184814,19.869562184901813,0.223103,1.0,5.40209250336075,0.0240404630298855,0.0,-0.0610897424914877,-0.165319,0.51355,0.412538
150,2019,3.41631484031677,22.783624265974066,0.020436,0.125,16.669532362415403,0.0527969280596809,0.1475625514195216,0.3669396642952426,0.295251,0.179564,0.001969
239,2017,11.9507999420166,21.29080903994205,0.074096,0.7777777777777778,3.9579278032289498,0.0009118707899281,0.3368300286486011,0.0449543877915562,0.053062,0.649481,0.083427
239,2018,11.9880456924438,21.482329109296685,0.034746,0.8333333333333334,5.583317894956751,0.0105192781800429,0.3893004633879959,0.0432159965292854,0.03527,0.680997,0.062551
239,2019,12.4212379455566,21.603364188666056,0.034044,0.8333333333333334,6.215132273746872,0.0134025682411975,0.3947598932235052,0.0519833476647404,0.042525,0.687817,-0.046406
239,2020,12.6252002716064,21.966614068288557,0.038692,0.8888888888888888,5.3855885726761485,0.0124247545773197,0.34028106830753,0.0476192304980317,0.036344,0.577176,0.16843
239,2021,12.7399082183838,22.352020191403863,0.028182,1.0,4.387478357657166,0.0074164808659771,0.4136869364797723,0.0540438467321442,0.047125,0.672235,-0.029374
239,2022,13.0418844223022,22.45319126746963,0.034438,1.0,6.643977089561156,0.0113092965027764,0.4910198429223539,0.0687572632765651,0.007205,0.69914,0.164237
239,2023,13.3673458099365,22.47980009410366,0.035493,1.0,5.823051430255941,0.0125458837130759,0.5086458000988421,0.0421066114211026,-0.020784,0.729557,-0.056391
239,2024,13.3396272659302,22.533611498909128,0.029086,1.0,4.781929158224705,0.013375963830674,0.5014689748343554,0.0276284149728078,-0.01592,0.755075,0.180755
188,2017,11.5667972564697,22.287161600911165,0.089272,0.5714285714285714,4.743379969317426,0.0115208920821279,0.3097327480344429,0.1499261598554729,0.138095,0.314179,-0.004997
188,2018,12.036169052124,22.76059672752356,0.048419,0.8888888888888888,4.636199607600828,0.0112009333054508,0.3526519957635428,0.1048015815087872,0.103672,0.425462,-0.016592
188,2019,12.0378475189209,22.90029137520328,0.051539,0.875,4.693268106612093,0.0121780798487576,0.3574037812048362,0.0990464689748828,0.088103,0.361835,0.068213
188,2020,12.0909795761108,23.216926378901725,0.061392,0.8571428571428572,5.034394366395199,0.0155259052054487,0.3429997189690762,0.1261256657161943,0.076384,0.441839,0.19512
188,2021,12.4382247924805,23.386446352504056,0.044409,0.8571428571428572,4.801723347058906,0.0101537827771353,0.4370747106084072,0.0794939182003149,0.064888,0.478382,0.144515
188,2022,12.7168302536011,23.46356164338891,0.038402,0.8333333333333334,5.192405986937435,0.0135186149684823,0.4917096564265859,0.1003812317485375,0.069789,0.464841,0.080718
188,2023,12.6087045669556,23.56996037623188,0.045502,1.0,5.584072716103551,0.0103928914214261,0.455125824868998,0.1227742753810513,0.052872,0.479406,0.076938
188,2024,12.5135850906372,23.680453580311763,0.04386,1.0,5.98439761081618,0.0106380827567515,0.4509421397167146,0.1189802714330343,0.06029,0.402523,0.115403
31,2019,11.1223659515381,21.58177201670472,0.085638,0.8571428571428572,3.039320303890375,0.0242798064184328,0.1030451766587874,0.0742030010968325,0.118098,0.118557,-0.008625
31,2020,11.4149160385132,21.87260016430894,0.05178,0.8333333333333334,2.6547263882032004,0.008891412509786,0.1155540688165425,0.0485333308568844,0.15401,0.180094,0.249826
31,2021,11.9972314834595,22.188240987469257,0.041248,0.7142857142857143,3.3556555735924665,0.0063860432772094,0.1287483644152286,0.1231172030891478,0.191045,0.235293,-0.168122
31,2022,12.1211814880371,22.398851795987376,0.04093,0.75,3.944304547621675,0.0075721628062192,0.1361342843053005,0.0669173945080065,0.150351,0.247981,0.015455
31,2023,12.4033174514771,22.39376656832468,0.069457,0.7142857142857143,6.388546833227049,0.0045157765263998,0.1415110211687555,0.0871535166816885,0.050857,0.21398,-0.00851
31,2024,12.3328685760498,22.35310332964716,0.077581,0.7142857142857143,7.573907871077869,0.0047212980529559,0.1566600844295375,0.089869230501702,0.030128,0.170135,-0.030516
251,2020,12.525372505188,21.07721361048418,0.026283,0.2857142857142857,8.002733407981337,0.0206954004833194,0.0,-0.0881362291644057,0.127066,0.188108,0.171276
251,2021,12.4919500350952,22.432014572115868,0.030199,0.375,6.455320868170957,0.0041740061561843,0.0,0.0645975726644098,0.072329,0.095115,0.066937
251,2022,12.795994758606,22.68726252697463,0.026383,0.2857142857142857,6.981371838178204,0.0023295417927285,0.0,0.0937676193851765,0.115148,0.194538,0.154495
251,2023,13.1264848709106,22.861392060773564,0.022042,0.3333333333333333,7.846534317659877,0.0195199645896813,0.0,0.0451092725301502,0.108528,0.234425,0.121974
251,2024,13.4096431732178,22.98977561668918,0.029393,0.3333333333333333,10.449393282880042,0.0237359323306589,0.0,0.099800221098028,0.053225,0.30086,0.107331
10,2019,12.808032989502,21.19600294156697,0.029156,0.5,1.6666158339402553,0.0040510054159832,0.0,0.139321428721296,0.163948,0.207048,-0.098805
10,2020,12.9785165786743,21.27294412296249,0.019484,0.5,0.8960485631100203,0.0041573263965215,0.0,0.0891229988376689,0.183341,0.137639,-0.208035
10,2021,12.8858461380005,21.30918335884416,0.014486,0.3333333333333333,0.8727731938751817,0.0018762106916186,0.0,0.1197060131346265,0.163205,0.083043,0.071431
10,2022,12.9687166213989,21.612891236187995,0.016302,0.4,0.8016103257347541,0.03295203846675,0.4517749429318648,0.2552213332589355,0.160731,0.230422,0.155019
10,2023,13.4232273101807,21.921376896130475,0.021233,0.4,0.9624878974923452,0.0205668940214681,0.0,0.077209601729724,0.084023,0.398313,-0.12035
10,2024,13.6504678726196,21.927534792670198,0.018966,0.4,0.9072001159004685,0.0158683544122752,0.0,0.0931542564362605,0.04789,0.358492,-0.038645
4,2015,11.0167980194092,22.37340067782625,0.085419,0.8333333333333334,3.1867449020097207,0.0039766763476398,0.1674304359032739,0.1088657269948671,0.089741,0.163854,-0.104029
4,2016,11.1468391418457,22.48049227381199,0.093188,0.8,3.299006850308471,0.0028904399700157,0.0,0.0981380728087194,0.101517,0.181058,-0.031218
4,2017,11.3436107635498,22.43880141779547,0.08167,0.8,3.141664325362313,0.0,0.0,0.1229075405068144,0.099477,0.166499,-0.078264
4,2018,11.4610862731934,22.411249001617243,0.046321,0.8,3.262619486055,0.0026897202070457,0.0,0.122927257916638,0.120921,0.173845,0.008827
4,2019,11.6626920700073,22.203539565118398,0.036907,0.8,3.6014066957219337,0.0018069836076998,0.0,0.1796210956551033,0.117995,0.188372,0.069081
4,2020,11.9267168045044,22.172253476355586,0.039317,0.75,3.819731568955188,0.0049785687280976,0.0,0.1197193309298773,0.052713,0.220514,0.14333
4,2021,12.418830871582,22.253054558828623,0.029962,0.8571428571428572,3.28362351808383,0.0019729012036627,0.3565381914290401,0.0634483904580294,0.032619,0.270359,-0.024818
4,2022,12.4171171188354,22.31786602441266,0.034184,0.8333333333333334,3.699942477804583,0.0044767875957429,0.3329605126527948,0.1150393452570669,0.054511,0.274168,-0.089965
4,2023,12.3501768112183,22.336569273386655,0.036384,0.6666666666666667,3.9695666187316174,0.0045176690953682,0.0,0.1436613978295048,0.070726,0.245859,-0.055653
4,2024,12.3297500610352,22.438653964340723,0.029956,0.6666666666666667,4.2797838029247774,0.0049826775667915,0.2887620151294405,0.065490000480446,0.078681,0.27429,0.022692
170,2017,10.7214336395264,20.662123057315025,0.092937,0.375,3.6371744744633294,0.0009619668914134,0.0,0.0870472517627385,0.101689,0.25972,0.200946
170,2018,10.9023370742798,20.752784312792333,0.059181,0.5714285714285714,4.743405516926313,0.0115295066072408,0.2369155882154145,0.1027980680424616,0.099019,0.255932,0.05704
170,2019,10.9207992553711,20.88540602488565,0.054836,0.5,4.969218749557313,0.0102611815917407,0.2204991617669088,0.1387780210312133,0.108606,0.269673,0.227095
170,2020,10.8619766235352,21.04203913148639,0.04725,0.25,4.169627442515321,0.0128170783916583,0.2332922556734999,0.1469856301795373,0.120776,0.285514,0.066996
170,2021,11.2644109725952,21.299919761843544,0.047005,0.25,4.5049699506215966,0.0080732047592416,0.2694489117201118,0.0554606452804067,0.129745,0.365197,0.192199
170,2022,11.2903156280518,21.42680125039217,0.045153,0.5,5.3141316709182975,0.0052390821406937,0.3081092118637075,0.0192111731796595,0.091025,0.376676,0.223206
170,2023,11.5081195831299,21.55920774999479,0.058154,0.4,6.037470606210056,0.0136041277649689,0.3203619015954269,0.1264616386752169,0.05963,0.408543,0.088192
170,2024,11.275634765625,21.569614251166502,0.058588,0.4,5.41358990535268,0.0017383280934205,0.3096214645931412,0.1184109179498633,0.080276,0.347534,0.129892
444,2017,11.5117712020874,20.909431955541013,0.076959,0.4285714285714286,3.451523499666275,0.0060323153735807,0.4094035047507164,0.0051485789465603,0.054476,0.488763,0.090593
444,2018,11.8624897003174,21.131496509752758,0.053177,0.75,5.033686019490383,0.0115812389423402,0.5343371271277613,0.0404307316191275,0.045869,0.564545,-0.060465
444,2019,11.6417093276978,21.720528240201677,0.066103,0.75,5.248024341569633,0.0112973419853756,0.406062876568566,0.016784023490675,0.012744,0.626297,0.366937
444,2020,11.8112173080444,21.8176849961016,0.061398,0.75,5.47928629239188,0.0064964464617573,0.4094624421302611,0.0512751146243355,0.04019,0.625174,0.027116
444,2021,11.7058820724487,21.943894107318304,0.053507,0.6666666666666667,4.966075852688167,0.0114022042656801,0.364032540468697,0.0649975258499849,0.061194,0.570231,0.06591
444,2022,11.8755769729614,21.995905049045017,0.063694,0.75,5.125320141379195,0.010266341389408,0.4520059839739531,0.0640342537687586,0.04555,0.577796,0.063844
444,2023,11.9166374206543,21.95429787705028,0.074381,0.6666666666666667,4.899691698734961,0.0095445915674764,0.4991793771693389,0.0649360049687448,0.020017,0.55887,-0.08036
444,2024,11.8778104782104,21.931565540434143,0.07089,0.75,4.772859462271502,0.0094645358967263,0.4864547687481192,0.1209868284769032,-0.046116,0.599473,-0.076994
204,2017,10.0932464599609,20.461577065509125,0.268421,0.0909090909090909,17.844386994944603,0.0144485475704566,0.1462123885324182,-0.0762673453688073,0.097442,0.146184,0.204912
204,2018,10.3116283416748,20.63294806515472,0.115125,0.1428571428571429,17.890894035616924,0.0436135565612195,0.1715981789101821,0.0427496254966817,0.112749,0.175747,-0.207814
204,2019,10.1236658096313,20.68599676329003,0.100493,0.1666666666666666,25.36836415936275,0.0535050617031491,0.0,0.0162063904631477,0.064002,0.170716,-0.001893
204,2022,10.5004119873047,21.258440465706688,0.093697,0.1666666666666666,19.01044611229031,0.0171393261850867,0.1493670637425808,0.0144774089360605,0.044032,0.259171,0.439818
204,2023,10.6220092773437,21.61543192956829,0.084607,0.2857142857142857,18.22579400619336,0.0240030476729504,0.1203631038896331,0.028660533978615,0.031766,0.444858,0.521159
204,2024,10.9468421936035,21.419533318190872,0.059149,0.2857142857142857,12.727149016300643,0.0202512991260989,0.1473490423551153,0.0012343171492731,0.013017,0.322195,-0.035801
324,2017,10.6452770233154,21.7617417067266,0.09128,0.1111111111111111,4.209806109931366,7.065915067169096e-05,0.0872698592836434,-0.0962701285410051,0.043684,0.578521,0.119337
324,2020,12.2027950286865,23.8433370460479,0.039141,0.6666666666666667,10.590315118523694,0.0016191677861149,0.1612980879334736,0.147677287194513,0.118471,0.491123,-0.011963
324,2021,11.9762516021729,24.191496361522912,0.028433,0.75,10.868927299896768,0.0015436722963951,0.1200546325551413,0.0683421450026357,0.141705,0.491758,-0.013175
324,2022,12.0241069793701,24.284032397979992,0.038094,0.75,16.02589098875898,0.0028549238871576,0.1355494526694498,-0.0566436089794312,0.027233,0.485645,0.089185
324,2023,12.2198028564453,24.354070222934435,0.02964,1.0,13.922811863398332,0.002166201610634,0.1593052802564512,0.1996835142351262,0.014409,0.430501,-0.045592
324,2024,12.5552597045898,24.3859186934272,0.029088,1.0,12.612563242014811,0.0020001361242424,0.1551180180157227,0.1224669276837615,0.084289,0.378862,0.000774
37,2017,12.5116815567017,20.814820518924638,0.111281,0.75,5.330796222401278,0.0002280863233129,0.437142454652895,0.0880709804315914,0.045042,0.358456,-0.031754
37,2018,12.6574630737305,20.952332701074724,0.060024,0.75,5.3606205705800685,0.0105611813531832,0.4595185889510407,0.0612250916138899,0.03449,0.418353,-0.155418
37,2019,12.7983951568604,21.04546283091388,0.060644,0.75,5.653898932074252,0.0072460677668727,0.5040461078595704,0.0781285353723948,0.030653,0.448945,0.068591
37,2020,12.7498817443848,21.31052225019552,0.052108,0.75,5.424517996809765,0.0053994210492049,0.4487470311853859,0.0631873254300165,0.023837,0.399356,0.115558
37,2021,12.8429689407349,21.360799659197266,0.051622,0.75,6.024305738607626,0.0043244651468888,0.4651407218977869,0.0611056103468135,0.025227,0.415552,0.179539
37,2022,12.6707906723022,21.781451230323952,0.049836,0.75,6.042252296633783,0.0028938184869533,0.3859564597229343,0.02954241314113,0.023724,0.354613,-0.027136
37,2023,12.8756046295166,21.93805163081661,0.057097,0.75,6.034694780160259,0.0041714044291432,0.4235252444212753,0.0372831332717074,0.021366,0.431834,0.086736
37,2024,13.0266122817993,22.0223541386,0.045052,0.75,5.788940765595104,0.0054469614937533,0.4321551552359383,0.0196341720353653,0.020048,0.47134,0.137517
386,2017,8.68724346160889,21.389353801468765,0.307888,0.5714285714285714,26.244645544488392,0.0526579926924039,0.0888344112857,0.0419903734203537,0.138827,0.286892,0.822669
386,2018,8.45285129547119,21.67216308788832,0.045068,0.5,23.642282934363447,0.0561647217947154,0.0,0.0077364093726026,0.124429,0.319951,0.641527
386,2019,8.5874662399292,21.78085719231768,0.037413,0.5,27.288319502524946,0.0146382917771668,0.0,-0.0299790903930084,0.030618,0.358716,0.284424
386,2020,8.50471210479736,21.983181028589648,0.03615,0.5,27.544169996157645,0.0453162966835558,0.0779270481050126,0.0291817830236941,0.024262,0.448165,0.345272
386,2021,8.3293571472168,22.034589353829748,0.038772,0.3333333333333333,29.073449161723,0.0416873150011117,0.0786535381404056,-0.0234474344848836,0.017118,0.476584,1.212663
386,2022,8.28625679016113,21.924030112024084,0.070892,0.4,43.80153528505754,0.0188387437038223,0.0938336515819564,-0.0364015796823862,-0.177897,0.603018,-0.01186
386,2023,8.23024368286133,21.811536880592463,0.056736,0.3333333333333333,33.18078831278237,0.0073766066295158,0.1099518025946758,0.1218443657303206,-0.088973,0.635442,1.085725
386,2024,8.06354141235352,21.54232644884128,0.112502,0.1999999999999999,33.65897801338087,0.0080261079981738,0.1717068849539712,-0.1151993634379772,-0.089851,0.524034,0.84629
335,2015,11.051079750061,21.224207774899284,0.066162,0.6666666666666667,1.65187081858185,0.0059287914188128,0.1749999924442895,0.0487807272063679,0.092591,0.310918,0.012029
335,2016,11.1918983459473,21.80100760368158,0.061296,1.0,1.3719269890136538,0.0022322446443827,0.1902499519681324,0.0533377642930831,0.064971,0.196429,-0.075856
335,2017,12.2396469116211,21.92126140388868,0.070412,1.0,1.9247154827740187,0.0,0.2449204036956031,0.0260206980523785,0.068969,0.229235,0.167736
335,2018,12.2045154571533,22.046558746016565,0.057617,1.0,1.7920199879661838,0.0043426139771046,0.2859906960370728,0.0353829434351107,0.089392,0.246674,0.16003
335,2019,12.2017259597778,22.20863764780797,0.054889,1.0,2.1898240394582777,0.0114884293755355,0.2841442101054534,0.0525604304538953,0.087563,0.279781,0.26404
335,2020,12.3577928543091,22.50395331530108,0.040135,0.75,1.8626994167622324,0.007884073756343,0.2504046218618334,0.004285422538198,0.106269,0.321941,0.211379
335,2021,12.3920583724976,22.66062882043476,0.039749,0.75,2.2747200572768547,0.0074087446885402,0.2467934615800348,0.0856272716652317,0.140723,0.305274,-0.040009
335,2022,12.7545566558838,22.74370115782087,0.061822,0.875,3.005715795811422,0.0120949707868526,0.3276046936722449,0.1227362778502392,0.109485,0.275303,-0.175509
335,2023,12.6667766571045,22.79261588497376,0.078501,0.8571428571428572,4.135056608429454,0.0097985860984818,0.3407716275040988,0.1094470160106372,0.039581,0.284267,-0.30502
335,2024,12.8710460662842,22.76545690697136,0.11108,0.8571428571428572,4.003062098736965,0.0158829951505634,0.3631484945798915,0.084863401275121,0.022737,0.258231,-0.102497
368,2018,10.6694364547729,22.27735129532741,0.065064,0.375,24.73651396500856,0.0445185373196838,0.1319650260392107,0.0254775557173024,0.047546,0.523859,1.015923
368,2019,10.702392578125,22.42157235160551,0.054137,0.1666666666666666,22.11408325337954,0.0086109636013993,0.1181198438123975,0.0404847648327687,0.063191,0.531854,1.306544
368,2020,10.8763303756714,22.65114279878545,0.047543,0.1666666666666666,21.436190718682045,0.0086415582582759,0.0952617126938244,0.116926297963271,0.076086,0.563026,1.947196
368,2021,11.3729829788208,22.873597781215967,0.052911,0.3333333333333333,22.47030394322905,0.011543237314034,0.0873302500620935,0.0389567299702303,0.080149,0.57902,1.54052
368,2022,10.9644870758057,23.008027557272165,0.053047,0.3333333333333333,20.0359028963854,0.0119473697909408,0.0783115585972355,0.0045663829995455,0.079045,0.554685,1.170046
368,2023,11.2874135971069,23.002346638105347,0.062942,0.3333333333333333,20.600353261179357,0.020596223397993,0.0771037737841489,-0.0038041417552809,0.047349,0.512672,0.131852
368,2024,11.1362991333008,22.920481954273512,0.097426,0.4,29.274169144335133,0.01504434532591,0.0818487811640615,-0.008747569323092,-0.024936,0.501032,0.334757
111,2021,12.4572067260742,21.47148961461855,0.061289,0.6,4.670460720122238,0.0028765601341386,0.3675937321671957,0.1652542160623254,0.117734,0.210572,0.024433
111,2022,12.8883943557739,21.44743342923635,0.06914,0.75,5.517908052444482,0.0073159391758319,0.3899660211351435,0.1637710004091856,0.092091,0.118194,-0.115117
111,2023,12.7121677398682,21.43700839400364,0.071805,0.6,4.6150128823028,0.02537424562595,0.3723546017898678,0.1336333018830133,0.05008,0.133027,-0.061094
111,2024,12.5601224899292,21.48901026444668,0.066873,0.5,5.929518997684297,0.0262597378544291,0.3657396058721786,0.0509376735064357,0.040466,0.177584,-0.09338
244,2018,12.1024551391602,21.309568996053308,0.088289,0.4444444444444444,2.9324971309277834,0.0272448022878811,0.3216865967510496,0.1111464430534418,0.087934,0.093196,0.158091
244,2019,12.2815828323364,21.31620819973459,0.133876,0.4,4.514566295906263,0.0277436200610254,0.4147536623825557,0.0431417272326678,0.028135,0.106614,-0.123644
244,2020,12.2169981002808,21.422665517853343,0.145123,0.25,5.282482764980538,0.0192559106139941,0.5513869227320338,0.0539776381916107,0.007011,0.197437,0.012228
244,2021,11.811408996582,21.68084068548801,0.117334,0.5,4.8784942640353615,0.0069920369006921,0.4669911095653049,0.0349337202586419,-0.006618,0.372728,0.345869
244,2022,11.680326461792,21.89274942338608,0.101412,0.8,6.142297629454784,0.010150797658594,0.3486455036262813,-0.0536391077863682,-0.094575,0.532899,0.000723
244,2023,11.6688060760498,22.06240156009676,0.076668,0.75,4.888075859918734,0.0170423387449941,0.3956762366975057,0.0445760137876412,0.008215,0.596764,0.167609
244,2024,11.6790208816528,22.21264721073665,0.080529,1.0,5.416569834058513,0.0075192439142609,0.4293459602596317,0.0286317563848347,-0.020423,0.677041,-0.03769
271,2019,6.35256719589233,22.08472086272905,0.066033,0.8571428571428572,11.549835456732511,0.0123756447454359,0.0,0.0464779522090634,0.044997,0.327822,-0.327606
271,2023,10.5783777236938,21.812695750388333,0.090228,0.8571428571428572,21.05762810486925,0.0160839752054628,0.0,0.1056306705158348,-0.068067,0.412597,0.337891
271,2024,10.5646858215332,21.70820617898569,0.079849,0.8333333333333334,23.40195001263044,0.014470495303245,0.0,0.008171806745405,-0.045745,0.396056,0.165905
331,2017,10.441801071167,21.51736725123048,0.050308,0.4285714285714286,2.600534653199441,0.0035293324042531,0.1422178818119442,0.0749351243587004,0.072308,0.399117,0.033834
331,2018,11.4435548782349,21.656706533803245,0.037933,0.5,4.202413574620869,0.0060395434439513,0.2761250864188509,0.018654867134485,0.042709,0.445337,-0.008319
331,2019,11.4549131393433,21.787416690940496,0.038288,0.5,4.685050607062307,0.0032096628272381,0.349098031105501,0.0597757647982824,0.053733,0.473451,0.221806
331,2020,12.0994625091553,22.177624812307105,0.027763,0.5,3.539126749623167,0.0032656234269194,0.3138966534839734,-0.0025433710304985,0.057638,0.581237,0.101539
331,2021,12.1911859512329,22.35724612737501,0.028193,0.5,3.5042303327613515,0.0055000733073208,0.3478136008971554,0.0813650488997461,0.05865,0.472881,0.230133
331,2022,12.5258674621582,22.370162520037816,0.035778,0.5,4.342789514910118,0.0071950202342795,0.4342378858220622,0.0661471331590741,0.025909,0.463181,-0.309943
331,2023,12.3701686859131,22.47234905635925,0.051897,0.5,4.696680130875949,0.005180420361311,0.4082028055717741,0.0913157062364129,-0.000321,0.504998,0.005082
331,2024,12.2124967575073,22.4902827032306,0.042122,0.75,3.7655195518047857,0.0095667658549898,0.345847918164216,0.073165574028781,0.028943,0.505083,-0.12874
370,2017,11.0735902786255,21.7752729471937,0.060905,1.0,0.0,0.0005732662171534,0.0,0.0483949051656473,0.063102,0.181653,-0.16459
370,2018,11.8794832229614,21.879843506502663,0.039329,0.8333333333333334,3.360747504855255,0.0054698184526304,0.0,0.0809630297145979,0.071024,0.247414,-0.10719
370,2019,11.9946813583374,21.963252065504424,0.045544,1.0,3.531563274853767,0.002336299502331,0.3239948877014439,0.1666599093329903,0.095141,0.251086,-0.013177
370,2020,12.1137800216675,22.059105158563355,0.039734,1.0,3.8775258883410544,0.0060965560624776,0.3833014342190882,0.1312676197289017,0.079819,0.289945,0.046424
370,2021,12.0137605667114,22.513231749421053,0.031922,0.8,3.537849106775733,0.001915672371985,0.3690106837884321,0.0495134813378112,0.033379,0.486064,0.038497
370,2022,12.4807462692261,22.49193884216308,0.035207,0.6666666666666667,3.613749581636661,0.0032622130291359,0.4586739313367328,0.1684649553651423,0.068464,0.442627,-0.045123
370,2023,12.4109678268433,22.5654436421652,0.032852,1.0,3.5823602349332067,0.0034710077659971,0.3893268164516986,0.2278863177045285,0.073978,0.441502,-0.023129
370,2024,12.3096361160278,22.91926701461434,0.030203,1.0,4.065053912782876,0.0024443294218358,0.2615998886398595,0.1098748730459714,0.070953,0.256523,0.052449
327,2024,9.64300727844238,21.5770277729564,0.053678,0.6,6.362792792650375,0.0139201531069886,0.2092095264472318,0.0589352634734266,0.017009,0.434228,0.04978
136,2016,12.014368057251,21.376997700755023,0.085782,0.8333333333333334,4.737432372872378,0.0093399746071237,0.5239342258208896,0.0249295770201681,0.027769,0.514088,0.162333
136,2017,12.180230140686,21.584277036848093,0.084411,0.8571428571428572,4.656954497483057,0.0072952712673157,0.4696623189900062,0.0653307898005898,0.02758,0.58134,0.297589
136,2018,12.2967796325684,22.065469660703627,0.046294,0.7142857142857143,4.820696564426474,0.0070892756891181,0.3217037318213274,0.0453700581818163,0.03259,0.405956,-0.006633
136,2019,12.3060884475708,22.223396422000214,0.037335,0.7142857142857143,4.084977181420597,0.0082746435123667,0.301188575590383,0.0527182661301321,0.044968,0.449815,0.261082
136,2020,12.1862907409668,22.43975701070645,0.031952,0.7142857142857143,4.296929266306434,0.0102840048032875,0.294927095220972,0.0127766112900789,0.044513,0.370609,0.140551
136,2021,12.3489141464233,22.60337959977947,0.026597,0.7142857142857143,4.124939048542781,0.0067280985316606,0.3248810006747584,0.0416446900980107,0.038097,0.445584,-0.078965
136,2022,12.5617504119873,22.65825986012974,0.034501,0.7142857142857143,4.704204787662926,0.0111534645824064,0.4392799122096334,0.0293842065875869,0.012001,0.467531,-0.026991
136,2023,12.5906505584717,22.799210772531747,0.040715,0.7142857142857143,4.618807813506036,0.0126115080956207,0.4785297690551602,0.0039522797942125,-0.070968,0.427387,-0.176399
136,2024,12.8429584503174,22.92526513557249,0.039585,0.6666666666666667,4.440525476741775,0.0149167179892909,0.4839600429460716,0.0181616468484102,-0.026126,0.528415,0.124347
193,2016,12.3206233978271,21.23588005913417,0.126441,0.6,6.86939186548302,0.0172897607141521,0.0611723822954032,0.0500779659255843,0.104632,0.233897,0.119482
193,2017,12.3256425857544,21.668872023882773,0.128003,0.5,8.229526847736784,0.0066030769645069,0.0708810962862098,0.0767970252075205,0.154424,0.317411,-0.113657
193,2018,12.4161777496338,21.77437781872541,0.056276,0.6,10.23980241196394,0.0212890297127053,0.1696459046419819,0.2165960223628281,0.14121,0.336844,-0.146344
193,2019,12.4616966247559,22.543535738113164,0.05334,0.6,11.798527911710458,0.0111787061407952,0.1299692437057583,0.1566928597949535,0.098044,0.153475,-0.002352
193,2020,12.4801607131958,23.183771136704127,0.047702,0.5,12.031915845155146,0.0124786023021543,0.0904535854025097,0.090490546200291,0.075187,0.086822,-0.127137
193,2021,12.5812311172485,23.458825547106343,0.045913,0.5,11.047914669158606,0.0031714955029292,0.0756978342793048,0.146712652736195,0.151559,0.125521,-0.189204
193,2022,12.7932357788086,23.53537965884153,0.052296,0.4,12.662359940160291,0.0057218300643197,0.0833955354157572,0.0570554150491419,0.123314,0.087686,-0.31545
193,2023,12.5759811401367,23.523942837885844,0.064206,0.4,18.522994411291645,0.0125535566297849,0.086137161486354,0.0721174597387472,0.009792,0.076338,-0.043635
193,2024,12.3934888839722,23.679676750994727,0.066771,0.5,17.076124957104277,0.0070132022206282,0.076954502535351,0.1056866087609204,0.057252,0.132616,-0.163768
276,2015,11.3215093612671,21.43863674229985,0.081344,0.5833333333333333,2.9614184665219665,0.0080498817134886,0.2669823627078038,0.1225543046300481,0.111236,0.136344,0.069321
276,2016,11.3125352859497,21.54941422933675,0.088613,0.6666666666666667,4.1602660238695135,0.0128907056733188,0.2674105819635254,0.1561092670010185,0.115425,0.204283,0.220506
276,2017,11.6037120819092,21.569610880140303,0.080884,0.8333333333333334,3.9559901996683617,0.009026565719588,0.3285195012415152,0.0730088102321212,0.125485,0.197663,0.188576
276,2018,11.8594646453857,21.92135678588614,0.041271,0.8571428571428572,3.818836275733232,0.0094420873063346,0.2898773192179727,0.0695463682550879,0.090335,0.367149,-0.064791
276,2019,12.039023399353,22.065274466478837,0.04938,0.8571428571428572,5.382717952259685,0.0093871688735164,0.2778257369059685,0.0407366071431838,0.087943,0.393265,0.121431
276,2020,11.9761075973511,22.19323667283635,0.051118,1.0,5.641938183990601,0.0051913017140343,0.2594274031075214,0.060612688117879,0.088106,0.379898,0.145234
276,2021,11.9685506820679,22.378014180097612,0.050496,1.0,5.3819413546880535,0.0011579357640767,0.278770865063968,0.0556096613625738,0.093656,0.409214,-0.015057
276,2022,12.2404661178589,22.40679636428874,0.031294,1.0,5.562114099270436,0.0039836879239489,0.295612324241175,0.0169827885341357,0.083446,0.369277,-0.005401
276,2023,12.2075347900391,22.44331108362193,0.038762,1.0,5.518293360682335,0.0075071020027149,0.2822592179770146,0.0302852513888422,0.061288,0.351993,-0.207486
276,2024,12.0856657028198,22.497695374726977,0.03871,1.0,5.228405728955213,0.0034402519702973,0.3012137743577593,0.0154113475269689,0.032112,0.37115,-0.090533
130,2016,10.5351514816284,21.854929098760604,0.019406,0.8333333333333334,3.398982289003195,0.0009827493773653,0.0,-0.0508232846689309,0.037931,0.550007,-0.039234
130,2017,11.2245683670044,22.25678471729194,0.029102,0.8571428571428572,3.3928564378292703,0.0014400759355317,0.0,-0.1528969154610026,0.031513,0.677122,0.262774
130,2019,12.4570064544678,21.46061097410292,0.437941,0.8333333333333334,16.512231747654265,0.0445822795531361,0.0,0.1519205716368102,-0.933609,1.262491,-1.495377
130,2020,15.4717531204224,20.59808624650848,0.796616,1.0,0.0,0.0170960589842045,0.0,0.030585513119265,-1.480457,3.221328,-0.448215
130,2021,16.2906513214111,20.32899715940737,62.668209,0.0,0.0,0.3123595011577886,0.0,-0.0023629055359314,-0.636485,4.543696,5.587489
54,2020,11.371618270874,21.346567930647733,0.063983,0.625,5.106318388521068,0.0196936429183731,0.0,0.0836393512716799,0.066897,0.301172,-0.115052
54,2021,11.1677656173706,21.64118552717121,0.057139,0.8333333333333334,4.765350449791361,0.0150834829756018,0.0,0.0803220966684474,0.056995,0.428501,-0.14791
54,2022,12.3501777648926,21.60771018341424,0.060099,0.8333333333333334,4.851718464616394,0.0058590587815109,0.0,0.0758030439916909,0.054953,0.369254,-0.050599
54,2023,12.4569053649902,21.5486141344464,0.065263,0.8333333333333334,5.188496191493839,0.0098573255451657,0.0,0.0818400650221582,0.058232,0.290613,-0.026301
54,2024,12.2674903869629,21.68360831266901,0.052738,0.8333333333333334,5.070043882763752,0.001550068219937,0.0,0.1046086554178961,0.05416,0.341635,0.072582
32,2020,12.6640386581421,21.058652821945053,0.025267,0.7142857142857143,5.41685494460076,0.0052725362471069,0.1006209435237199,0.0576768271532009,0.099647,0.170557,0.025067
32,2021,12.9267644882202,21.35732736624389,0.020584,0.8333333333333334,5.318745050969923,0.0,0.1273311618707759,0.2391641393588732,0.217722,0.188275,-0.055528
32,2022,13.0013294219971,22.10693090400264,0.040542,0.75,6.301805224611701,0.0,0.0780129002578244,0.0685070046095662,0.108941,0.134758,0.038359
32,2023,12.9271192550659,22.191075752178826,0.028576,0.75,5.913348958739487,0.0116005856951884,0.1117054536846509,0.1095622310420972,0.073219,0.14028,0.076695
32,2024,12.8916063308716,22.227989954058444,0.030254,0.75,5.674046383289863,0.0094877215650004,0.1192572674883756,0.0654856392411908,0.095727,0.103388,-0.019601
157,2020,11.8293991088867,20.940189132149204,0.047162,0.6,6.38187280747054,0.0262806350454137,0.2027246332048744,0.0897290817183014,0.121258,0.093896,0.108354
157,2021,11.6272850036621,21.07236556663184,0.044205,0.6666666666666667,7.416957021864492,0.020977009135362,0.2058555470902268,0.0637175085105628,0.102867,0.14248,-0.056512
157,2022,12.1973562240601,21.14745646129839,0.042113,0.75,7.235726209552318,0.0216701465703756,0.2588374371589747,0.1043608606939966,0.101999,0.1159,-0.078301
157,2023,12.065258026123,21.220962413736128,0.046485,0.75,7.734704993221215,0.0105905817792794,0.268429741426986,0.1719707537900001,0.093846,0.111556,-0.179148
157,2024,12.0155477523804,21.274939278769946,0.047648,0.6666666666666667,7.471790793668756,0.0131306281088162,0.2503743867232457,0.1324825109263651,0.101466,0.132655,0.028433
33,2020,10.6261892318726,21.08477536478433,0.056422,0.625,6.029563340152216,0.003540436869945,0.1762511270937824,-0.0044606062593639,0.056908,0.224419,0.391478
33,2021,11.2004365921021,21.105807909752865,0.052736,0.625,6.841324144876566,0.0022546130501357,0.1921556054727299,0.0128851217160849,0.035741,0.221816,0.135465
33,2022,11.3204050064087,21.137879499316654,0.051275,0.625,7.504488258159951,0.0013701130124581,0.1957047657877154,0.0962231899937304,0.063512,0.206418,-0.197127
33,2023,11.6831130981445,21.300058983931223,0.044705,0.8333333333333334,6.380515997685553,0.0053870968945108,0.270588562220003,0.018880221178307,0.066283,0.286799,-0.059856
33,2024,11.6981382369995,21.57833460653333,0.038278,0.7142857142857143,6.002423584679768,0.0043174810103971,0.3256161091182765,0.0796413189283885,0.023807,0.445328,-0.040369
357,2020,11.3226175308228,21.0351084086194,0.060238,0.5555555555555556,4.699945480354151,0.0109975410450803,0.288620670559092,0.029393376748182,0.068876,0.193974,0.207546
357,2021,12.1166143417358,21.06938090880374,0.055597,0.8571428571428572,4.592226122612826,0.0086827634214578,0.3803031459420294,0.0441486958833754,0.056254,0.203161,0.48397
357,2022,12.0450239181519,21.078208302214264,0.058835,0.8888888888888888,5.5608792446171655,0.0087928523292585,0.3936673332565449,0.0535663448781633,0.035013,0.191559,-0.066405
357,2023,12.2042856216431,21.125487105859147,0.057353,0.8888888888888888,5.337441917531429,0.0074964336072797,0.3784146610345063,0.0359541735112167,0.024969,0.215695,0.115604
357,2024,12.1185340881348,21.176055361050917,0.048063,0.875,4.282938554525044,0.0060253714239634,0.3622069415717805,0.0596763233471273,0.045291,0.228662,0.034568
378,2020,13.988938331604,22.575704250364826,0.037865,0.2857142857142857,7.474139152487654,0.0421529596210218,0.459234201778613,0.0486206375319652,0.033766,0.605873,0.221255
378,2021,14.1847143173218,23.253833268095512,0.027811,0.5,9.014949090721585,0.0244077349680907,0.4168459256372908,0.0348333281793466,0.049538,0.343864,0.086652
378,2022,14.5038003921509,23.64328397707736,0.034535,0.4,9.327533290624466,0.0512516948728871,0.5511392069143501,0.0644249116213167,0.036093,0.47031,-0.109337
378,2023,14.7413625717163,23.62885415249349,0.044304,0.4285714285714286,10.3808687298452,0.0690635648651905,0.6191141985819016,0.0561828474021369,-0.001457,0.47769,0.00939
378,2024,14.5652256011963,23.684553160820247,0.040276,0.4285714285714286,9.39047433052257,0.0351445567719767,0.6805517635471763,0.0419693159947176,-0.02057,0.568709,-0.002343
323,2021,11.6120376586914,20.944358898210044,0.023701,0.6666666666666667,2.187770604713781,0.0111559996179396,0.2199723549632443,0.0177103397973359,0.079087,0.252713,-0.007932
323,2022,11.9541635513306,21.037224087681427,0.030655,1.0,3.422935672051789,0.0163207070149598,0.2351083036416162,0.0602305546908065,0.059637,0.265165,0.007242
323,2023,12.3591594696045,21.271243943946157,0.045521,1.0,4.354600945394652,0.0073076004145358,0.2075794588677685,-0.0006579483591629,0.030187,0.390849,0.040443
323,2024,13.5611486434937,21.770994630416237,0.040686,1.0,4.067149505468352,0.0038175891086828,0.418386309802486,0.0539009825927195,-0.005421,0.634844,0.067809
221,2019,12.2040729522705,21.65710751667449,0.05582,0.4,16.22330763557943,0.0442717251437852,0.1364702377242676,0.0625478028228958,0.079433,0.079275,0.905645
221,2020,12.4172039031982,21.988684269802988,0.040922,0.5,14.624176612060138,0.0283349755057827,0.1993234116200224,0.0462304074952253,0.164929,0.173451,0.258767
221,2021,12.3757810592651,22.31074363869718,0.066564,0.6666666666666667,23.466498997007346,0.0299183464126166,0.2419566698124512,0.0447302289929512,0.093831,0.226429,0.690223
221,2022,12.458948135376,22.567878042503214,0.087809,0.5714285714285714,20.273513449768217,0.0197221409493271,0.2635397140015267,0.0791983944095841,0.045297,0.31401,0.502122
221,2023,12.7070732116699,22.839168395758893,0.109793,0.5714285714285714,19.20215861969014,0.0160691184877046,0.2533477301224158,0.0592324061048955,0.050885,0.382629,0.020669
221,2024,12.651951789856,22.89872147743054,0.08895,0.5714285714285714,19.94426508013421,0.012904826386123,0.2547431504615562,0.0510586728931415,0.050215,0.371979,0.03343
371,2019,9.4314661026001,22.48964201959009,0.023174,0.3333333333333333,3.93736838136936,0.0080265563828954,0.3043522721305017,0.0200804699450236,0.014775,0.261843,-0.049956
445,2019,10.6624050140381,21.85450925547548,0.077117,0.4545454545454546,10.19113641903822,0.0157578098506559,0.2711964978931488,0.0783998288074673,0.072391,0.314662,0.258743
445,2020,10.8837738037109,21.894572152117348,0.069659,0.3636363636363636,10.49027805400636,0.0226626845274308,0.2576429382179888,0.0162390304874927,0.02686,0.322606,0.36011
445,2021,10.7454071044922,22.133577205877398,0.075227,0.4285714285714286,9.474803189386066,0.0410878698508365,0.2270610912402532,0.0142382080648869,0.054069,0.359754,0.50667
445,2022,10.824122428894,22.18960681192067,0.076168,0.3333333333333333,10.314580377457665,0.0187078589870166,0.2314261237067151,0.0409269283678584,0.007117,0.367344,0.097042
445,2023,10.8610811233521,22.163236238109917,0.070975,0.25,12.692611411025013,0.0213311992734804,0.2303795266859644,0.0862636985538072,0.004174,0.337379,-0.025378
445,2024,10.8544178009033,22.17151648599817,0.067474,0.2857142857142857,10.242100621663894,0.0084007878437473,0.2237512192044629,0.0204951938102681,-0.001383,0.372629,0.095247
131,2019,11.4560489654541,20.98815606686762,0.177601,0.25,13.35703450934123,0.1222511225590248,0.109240897943107,0.0071402433167691,0.046418,0.060148,1.964984
131,2020,11.4185733795166,21.0071160952388,0.271099,0.125,17.670759775419555,0.2511200322202533,0.1240088743435784,0.0114145112593053,0.018479,0.072533,1.916398
131,2021,11.0696115493774,21.04259648370928,0.264672,0.2222222222222222,23.51527071195193,0.1090060985577097,0.1430406877438177,-0.0162000969018912,0.000672,0.101412,3.70494
131,2022,11.3199787139893,21.028445776693435,0.308484,0.25,23.90158036569135,0.1156749536622698,0.1731378287734501,0.0045335807838907,-0.019531,0.118588,0.051039
131,2023,11.3971738815308,20.991011943310745,0.31161,0.25,25.915650788226262,0.0958649704809967,0.1854478159357341,0.0005238954077734,-0.031133,0.124677,1.640344
131,2024,11.6115045547485,20.961873028970302,0.270656,0.2222222222222222,19.64659533772348,0.0483198790825595,0.1913292068761324,-0.0051737853172402,-0.055212,0.140141,5.591301
58,2019,12.0544767379761,21.17507670546064,0.085369,0.5,11.632688305767486,0.0342036697314105,0.0638794577179143,0.0827012378739603,0.086068,0.019829,-0.339538
58,2020,12.1856098175049,21.301150118500697,0.10853,0.6,15.773294742421673,0.0156955913428553,0.2172563706306076,0.0813892558216099,0.070259,0.086189,0.080476
26,2019,10.8261404037476,21.32412451587331,0.060403,0.2727272727272727,11.737296252781263,0.0415624190684074,0.0732972730404407,0.0100482926550222,0.035451,0.139082,0.064403
26,2020,10.8595752716064,21.495051657145236,0.064267,0.2727272727272727,11.775723292461109,0.0258838047366,0.1458869228634,0.0421875806823506,0.020341,0.253386,0.22662
26,2021,11.0968160629272,21.557095194909262,0.075182,0.3,11.980631952742788,0.0232853715428241,0.2050255190675647,-0.0705147743379834,0.039461,0.249682,0.173865
26,2022,11.0983934402466,21.617080261055733,0.072872,0.2727272727272727,14.15268136819742,0.0293847263867434,0.2136947500902739,-0.0398133949521294,0.031127,0.250666,0.470412
26,2023,11.1135196685791,21.65854054724852,0.084892,0.3,12.717828747610769,0.0286085520216467,0.2172553610078537,0.0918479829996826,0.040907,0.231488,-0.04668
26,2024,10.9654836654663,21.73697872053588,0.084373,0.3333333333333333,11.5269709535653,0.0189983440476468,0.2057668845615357,0.028483658253577,0.045008,0.260397,-0.194091
168,2020,12.202615737915,21.37817375786357,0.56769,0.375,45.39398449599838,0.5283784445981863,0.1404078570252881,0.0140503547256073,0.015131,0.127894,9.570243
168,2021,12.0361957550049,21.404473045636973,0.4945,0.3636363636363636,50.80676685734227,0.2518134462634701,0.1667854321594581,-0.0324386621385121,-0.018789,0.153407,5.807232
168,2022,11.9494924545288,21.38735773653485,0.713675,0.3,100.7586644672002,0.4185445290622025,0.1772474730708758,0.0381707641902374,-0.044055,0.152989,2.908186
168,2023,11.6105489730835,21.301326089474525,0.596488,0.4545454545454546,82.51366263429608,0.2248155940421314,0.1967963046497567,-0.0022709272708167,-0.072079,0.151014,4.028922
353,2022,11.9591445922852,21.672378897979737,0.062772,0.125,5.026571376824346,0.0237777043382938,0.1999237606447539,-0.0320910422672884,0.046954,0.148026,0.150018
353,2023,12.4387836456299,21.731471295206365,0.0766,0.125,6.6478740025814025,0.0210319422958905,0.2949979862910309,0.0141857448119099,0.036603,0.165667,0.098201
353,2024,12.7971858978271,21.81173802165454,0.082987,0.125,5.729595196506562,0.0142750504489758,0.341282338092879,0.1276136228901714,0.03284,0.222022,0.192094
432,2019,9.31288909912109,23.599299370609916,0.041878,0.8666666666666667,3.176372598053915,0.0065802850266862,0.0960746844708318,0.2277150041679932,0.101253,0.534219,0.336865
432,2020,9.54683876037598,23.980997269351487,0.029688,0.7647058823529411,3.0632864209304573,0.008040505412913,0.0658420028405891,0.1657503049877221,0.103042,0.595648,0.152407
432,2021,9.55797958374023,24.17195913274716,0.026195,0.7272727272727273,3.0577204548385843,0.007594692998815,0.0742226738646176,0.1283749963979574,0.124338,0.553051,0.05563
432,2022,9.5481071472168,24.152288715365376,0.02722,0.7272727272727273,4.459709843048375,0.0097898587695624,0.0941108038733402,0.0641688377986342,0.079972,0.48569,-0.18259
432,2023,9.73365497589111,24.55453422617592,0.024192,0.7142857142857143,3.621453359578635,0.006715658339746,0.0787079854950383,0.2578014548681931,0.121139,0.605887,0.071123
432,2024,10.0166568756104,24.531314039299644,0.025219,0.6666666666666667,3.66239481159732,0.0096378009570422,0.082403996776399,0.0631964294846715,0.124213,0.548503,0.046134
403,2022,8.11588668823242,23.811315358352,0.026303,0.1999999999999999,40.33157495293785,0.0129276711167752,0.0,-0.0019720570146759,0.051278,0.168879,0.011822
403,2023,7.43134021759033,23.854514005631163,0.022343,0.1999999999999999,46.736128107842845,0.0253110444291557,0.0,0.0355290276189935,0.074279,0.112757,0.554644
403,2024,6.26289939880371,24.075255188425945,0.015482,0.1999999999999999,37.60859945410608,0.0145043737995244,0.0,0.0342121312962491,0.095133,0.20685,0.274678
266,2022,11.5198764801025,22.19764909004497,0.137429,0.1428571428571429,53.8296177100401,0.2656731823949321,0.1166456208362009,-0.1760499549463662,0.011847,0.109382,0.872196
266,2023,11.39919090271,22.13719700412585,0.251477,0.125,103.46602957538502,0.1564585722741258,0.1436991999643044,-0.0997856441827621,-0.080115,0.136953,0.288925
266,2024,11.2271156311035,21.97530951601515,0.209885,0.125,105.34356537215696,0.0666537024171496,0.1708169760640958,-0.0957860583232879,-0.178799,0.160426,1.227784
299,2022,13.2648391723633,21.9748885581068,0.081862,0.625,30.64645688164115,0.1881559312376399,0.1449772158727655,-0.0158075607910442,0.034114,0.074245,0.015836
299,2023,13.5783634185791,21.95169716211709,0.141446,0.7142857142857143,40.98102282488722,0.1599785279224607,0.2759577029867353,0.0073877783130771,-0.026918,0.089663,-0.082261
299,2024,13.6577558517456,21.917817810072545,0.150926,0.6,46.68640582213497,0.127161041686571,0.3239619163815442,-0.0200315459302868,-0.029746,0.093797,-0.072215
67,2020,12.817343711853,22.4574658351077,0.027615,0.4285714285714286,6.045436704053107,0.0089563490132265,0.0,0.0509796716504408,0.046265,0.337537,0.183067
67,2021,12.858208656311,22.702446367629538,0.022473,0.4285714285714286,5.0320419223361625,0.0058658983025472,0.0,0.1186731094756376,0.125828,0.360244,-0.146098
67,2022,12.8259773254395,22.651270907511776,0.029815,0.375,4.570633117205858,0.0085079769245233,0.0,0.036417596086951,0.036598,0.301335,-0.00259
67,2023,12.8870239257812,22.720408885636264,0.028631,0.375,5.818482678313007,0.0049551664909032,0.0,0.0960596859945377,-0.037787,0.390266,0.007656
67,2024,12.9163093566895,22.60742322359875,0.031942,0.375,6.709290687703463,0.0072747656194969,0.0,0.0377203103180637,-0.02892,0.348414,-0.087685
319,2021,13.3898553848267,21.31592455321378,0.090122,0.5,14.512785786045034,0.017924983753698,0.0,0.1056035690217904,0.054812,0.111262,0.107035
319,2022,13.5357084274292,21.36988190093937,0.094157,0.4,17.52563715144483,0.0110193896208033,0.6843964925187225,0.09806958532205,0.010626,0.165796,-0.228345
319,2023,13.8343505859375,21.54622353524505,0.129674,0.3333333333333333,26.60970168852204,0.0244831818612743,0.7694923640102148,0.0562913152110751,-0.038266,0.339947,0.136588
319,2024,13.7537536621094,21.834619837214166,0.093039,0.5,22.186280875700177,0.0143925842658406,0.8011244441038378,0.0252518744021674,-0.035106,0.54036,0.137937
367,2020,7.35884380340576,20.427672844666493,0.061917,0.3,12.58971847337585,0.0286547430420271,0.0,0.0933626278587006,0.055585,0.123634,0.37329
367,2021,7.22938299179077,20.57904273187512,0.053327,0.375,10.930467859072794,0.0290270226002207,0.0,0.0445161881549938,0.126217,0.13676,-0.203665
367,2022,7.00658750534058,20.620220479795293,0.062579,0.375,14.338730583512705,0.0222837598837735,0.0,0.0641452368796258,0.078044,0.088556,0.174082
367,2023,6.97038841247559,20.807263788075588,0.063228,0.3,12.564865835732578,0.0210918691564431,0.0,0.1749391132204582,0.086598,0.15807,0.224159
367,2024,7.95037031173706,20.979422126210384,0.060755,0.3,10.876146232476849,0.0135719032152609,0.0,0.0872695184506474,0.101271,0.191028,0.3811
361,2020,12.6832780838013,21.74159313950866,0.061262,0.5555555555555556,16.517829264754162,0.0070509171672502,0.1776903631665508,0.0563303160236412,0.029575,0.335939,-0.0749
361,2021,13.2560882568359,21.69364520840673,0.098424,0.5,14.737572880008894,0.0461634665878662,0.2942568908559904,-0.0734521935890774,-0.087496,0.402885,-0.545572
217,2020,11.4310235977173,20.88708502900032,0.078235,0.3333333333333333,5.835355262584412,0.0104166895920964,0.1897157284049615,0.0626461436837453,0.10944,0.073012,0.032335
217,2021,12.1999177932739,21.015097565361756,0.073478,0.4,7.166830429528409,0.0585401067270326,0.2410648946350781,0.1365647663016578,0.137639,0.068017,-0.190078
217,2022,12.9174213409424,21.10995768514116,0.062984,0.375,6.98008355091725,0.0114584512606996,0.3127028767637559,0.1183806932269917,0.125925,0.038839,-0.384747
217,2023,12.6973972320557,21.458263301632392,0.071035,0.4285714285714286,7.188026722610397,0.0134056099580792,0.341085948833663,0.0822283009566599,0.092765,0.092895,-0.316803
217,2024,12.8086566925049,21.47863622142224,0.067407,0.4285714285714286,6.317660622994787,0.0085263193038716,0.4347855287327469,0.1074418985326316,0.131394,0.079812,-0.113961
227,2020,10.1757974624634,21.912520991675013,0.020784,0.3,8.945704205456787,0.0292025854366057,0.0929980664923856,0.0574099968619067,0.084018,0.283028,0.084603
227,2021,11.031928062439,22.03465511705879,0.018576,0.3333333333333333,9.689723242965457,0.0316137479571824,0.0881842781544112,0.0661897774626256,0.092213,0.290086,0.171973
227,2022,11.3247451782227,22.088904033353025,0.017631,0.1999999999999999,9.90788819442816,0.0260330807819546,0.0873852170538542,0.0656723871211077,0.102662,0.298189,-0.037094
227,2023,11.4891920089722,22.17196193392917,0.017701,0.2222222222222222,10.220693162109615,0.026079904062991,0.0,0.0980369755749225,0.123626,0.301986,-0.133288
227,2024,11.3587884902954,22.32408520937351,0.019405,0.1999999999999999,8.779549786223845,0.0183402981433749,0.0805342057570073,0.0955872207423375,0.127276,0.323916,0.118256
7,2021,10.9390850067139,20.976127975902788,0.13392,0.2857142857142857,8.12631385428864,0.0158128763748733,0.1651563763759242,0.0317481026026608,0.057029,0.260786,0.341018
7,2022,10.9416666030884,21.12195593206952,0.117367,0.2857142857142857,8.920085266321255,0.0072754369233378,0.2066100793367232,0.0037172720592607,0.057916,0.306229,0.093856
7,2023,11.84898853302,21.445402193235694,0.121655,0.3333333333333333,8.646245360484023,0.0113378954922715,0.1770951391274585,0.0329354366478007,0.030938,0.450714,0.048005
7,2024,11.7283821105957,21.51799898221662,0.105933,0.3333333333333333,10.917520801691786,0.0081226081485044,0.1703665417791635,0.0162189827420801,0.013866,0.482917,0.146507
435,2021,10.984356880188,21.271140776616942,0.060855,0.1818181818181817,35.90492270693082,0.0355466395478833,0.0355634727164109,-0.0939377167456344,-0.017836,0.127606,0.054319
98,2022,12.8938865661621,22.187351246336373,0.051206,0.5,9.62645651227152,0.0056129974165985,0.0303724398716101,-0.0603706138812502,0.050273,0.047848,-0.152701
98,2023,13.0444202423096,22.0706024879063,0.115349,0.4166666666666666,34.3424667487108,0.0084498921022189,0.0339217673403551,-0.0784358898422252,-0.078121,0.040027,0.212674
98,2024,12.8072471618652,21.98478493167762,0.121215,0.4,33.26712667473748,0.0253484232270355,0.0353335272750227,-0.0786341143420318,-0.049627,0.045657,0.073309
253,2020,14.345419883728,23.39731153378247,0.08941,0.5714285714285714,7.230563963704098,0.1034705154017181,0.3567017249190463,0.0259713658458962,0.006208,0.342003,0.114047
253,2021,14.3905668258667,23.511771752279824,0.090601,0.5,5.102673685853983,0.1180929559193386,0.3633435821964258,0.0189146225363823,0.008949,0.354467,0.085504
253,2022,14.554515838623,23.96047679773773,0.078785,0.5,5.873888818054939,0.0473903474195405,0.3151849291238384,0.0180191913682603,0.013532,0.232352,0.057226
253,2023,14.7736320495605,24.09165609664477,0.08737,0.3333333333333333,6.96248032511699,0.0610537443358439,0.4120192011574592,-0.0094629949264657,0.005536,0.293693,-0.019859
253,2024,14.8252592086792,24.09982355273308,0.089651,0.375,7.876259854552378,0.0586221804507246,0.5528046676120864,-0.0269122689578706,-0.038322,0.343987,-0.000119
437,2022,10.825475692749,21.43012685442339,0.232659,0.6666666666666667,21.33646992152858,0.0993323435258275,0.3366353425629954,0.030149299021437,0.01706,0.221349,2.194115
437,2023,11.1377744674683,21.35836365921795,0.4528,0.5,50.57647803718881,0.2605821782586023,0.3103391483129653,0.0501156848007126,-0.027316,0.189872,-0.64001
437,2024,11.0307064056396,21.260936581113764,0.224761,0.5,22.743266205225,0.0178166553526599,0.3539724301601252,0.0248329827309298,-0.022051,0.1491,1.48701
387,2024,13.611644744873,21.675984013571775,0.105807,0.1999999999999999,15.9450335123361,0.0462362361250554,0.6462529571114178,0.0787780723901194,-0.022714,0.5674,-0.009246
220,2019,13.319974899292,21.007112865780098,0.061143,0.375,4.251295238825019,0.0173273193236272,0.0,0.0773098583051058,0.052916,0.154294,-0.013667
220,2020,13.3820199966431,21.07748419193484,0.064217,0.375,4.967124144231937,0.0247235784410277,0.0,0.1311970441460496,0.053535,0.173205,-0.146815
220,2021,14.2034492492676,21.14426763967507,0.060422,0.4444444444444444,6.77348132335095,0.0248206690418011,0.0,0.1274575132075005,0.029226,0.213153,-0.016187
220,2022,14.1779594421387,21.27889410120881,0.046246,0.4,5.870704069006425,0.0221710355643259,0.0,0.0774142607177478,0.056816,0.264631,0.043909
220,2023,14.1050472259521,21.45403784988058,0.047028,0.3333333333333333,5.297060416700213,0.0272941844681668,0.0,0.0936887566377172,0.064462,0.333733,0.024141
220,2024,14.0061359405518,21.732233277809826,0.051527,0.375,4.885461805986567,0.0195780892633396,0.4789375504346149,0.1115056259393011,0.062715,0.45923,0.073872
132,2022,11.480429649353,21.06423844197993,0.137776,0.2857142857142857,8.036737818334904,0.029923825307319,0.1273053819661243,0.0234417430271285,0.057712,0.108315,0.504082
132,2023,11.6597785949707,21.039990389424183,0.290064,0.25,15.241557406305253,0.0701806223527581,0.1757860159994557,0.0150250235471575,0.011389,0.104736,1.905643
132,2024,11.7040138244629,21.120238584334704,0.205298,0.3333333333333333,10.24227046547543,0.0283530450720897,0.2885050929252288,-0.0225703501450918,0.011263,0.205499,2.168191
273,2022,12.4726228713989,21.36958927970541,0.166545,0.6363636363636364,12.764203518831586,0.0667754978245581,0.3412238197788766,0.0945703019102231,0.055266,0.116971,-0.20296
273,2023,12.5244264602661,21.38732278850677,0.16553,0.5384615384615384,16.767773940754637,0.0262960857340679,0.3707314021287437,0.0341410296532987,0.03966,0.126621,0.814299
273,2024,13.0373973846436,21.47377641937288,0.118368,0.5384615384615384,13.71155325250292,0.0166114147306376,0.3864270700605882,0.1074780597938495,0.078996,0.157641,0.04433
164,2022,12.7022228240967,22.16420623639045,0.072486,0.1666666666666666,20.191376084860224,0.0123518962783862,0.0,-0.0209825901037084,0.012638,0.09295,0.095432
164,2023,12.8069095611572,22.295889385252245,0.049443,0.1666666666666666,15.181570197885495,0.0162285977173518,0.0,0.1543416910814712,0.0233,0.162815,0.904792
164,2024,12.6094150543213,22.24713974210908,0.063283,0.1666666666666666,20.825754368183077,0.0185892174043622,0.0,-0.0693370345119484,-0.005169,0.130276,0.454259
23,2020,9.41629600524902,20.98390061960666,0.080222,0.4,15.237107437935984,0.0238762227483431,0.0,-0.0708480231172509,-0.057842,0.350528,-0.075119
23,2021,10.0230083465576,21.130279589126086,0.048767,0.3846153846153846,9.14947705581766,0.0092445178392774,0.1584746062543669,-0.0577228527056402,-0.009302,0.443932,0.247192
23,2022,10.3878374099731,21.036035588027502,0.061025,0.3846153846153846,12.635958039524562,0.0239149873809433,0.1753912089007499,0.0917609343580774,-0.041931,0.432115,0.114457
23,2023,10.1869249343872,21.17385354320084,0.056454,0.4666666666666667,12.34171565637362,0.0070079393952204,0.1614283370763031,-0.1420025463603543,-0.026486,0.524006,-0.228375
23,2024,10.165186882019,21.296517247109357,0.017686,0.4666666666666667,3.1004035530483973,0.0057094518832833,0.1359641072165444,0.0072282571810925,0.053979,0.518435,-0.380199
388,2022,13.1434497833252,23.60384838828018,0.09499,0.2727272727272727,7.958121509537295,0.0523524959228738,0.3174085476249408,0.0446793873562406,0.026052,0.185182,-0.244804
388,2023,13.0299301147461,23.640194624354724,0.086036,0.2727272727272727,13.915592951745412,0.0899628561252605,0.4025650325161009,0.0217896041560458,0.023012,0.188104,0.369621
388,2024,13.188364982605,23.90382472252769,0.125138,0.3636363636363636,19.914647526380968,0.0604213673136317,0.4378549074173422,0.0132452846374322,-0.009105,0.239608,0.925875
123,2022,9.27301120758057,21.420572767079232,0.084448,0.2142857142857143,14.188957603276805,0.0390583919514162,0.0,-0.0082940010205041,0.043825,0.081669,3.984107
123,2023,8.937331199646,21.44934643269044,0.127325,0.1818181818181817,22.51966353838609,0.0243954433309136,0.0,0.0321294228516425,0.022218,0.094365,5.613236
123,2024,8.83056831359863,21.399969224299756,0.152271,0.2222222222222222,30.03430666463252,0.0543505945327795,0.0,-0.0339860313661215,-0.026617,0.0934,3.17496
348,2020,12.4309673309326,21.384219411419505,0.047062,0.2666666666666667,5.328558917740048,0.0166557589115774,0.0,0.0664485000476291,0.088025,0.12854,0.217914
348,2021,12.6508121490479,21.49239869171474,0.047704,0.3125,5.913661998782183,0.0100952498435478,0.2479431592492179,0.089503362443654,0.095791,0.148853,0.025205
348,2022,12.3955278396606,21.609861921706724,0.046025,0.3125,7.319902398038332,0.0146226545905649,0.3329237168220766,0.0745803027473076,0.084019,0.179359,0.008449
348,2023,12.0918369293213,21.75365876369904,0.057405,0.3125,9.787096300954095,0.0074350410931042,0.5541133149938456,0.0950760640221683,0.037982,0.255844,-0.203602
348,2024,11.9387083053589,21.79324295765744,0.075601,0.3333333333333333,11.938258788757754,0.0044139982590652,0.5907505562223385,0.0578347221855175,0.025384,0.280448,0.092156
263,2021,12.244423866272,21.51251668600161,0.117848,0.4285714285714286,9.381470242223756,0.150608160230705,0.1965203300662909,0.0324438757895881,0.039741,0.070294,0.359541
263,2022,12.1591835021973,21.563821829459208,0.104275,0.4285714285714286,9.76333475829763,0.1041184288600688,0.2085753310480917,0.0403679502113753,0.033705,0.089517,0.066644
263,2023,12.2086639404297,21.5778146443767,0.11237,0.4,10.54730995588048,0.0058838542427632,0.2753717295792386,0.0141938309934188,0.017866,0.09144,0.56742
263,2024,12.0391492843628,21.66614733908148,0.103525,0.4,9.627462750143431,0.006296207522188,0.3617434652576925,0.0442403244564073,0.021887,0.15004,0.74988
92,2021,12.7111797332764,22.58397542383037,0.039877,0.2727272727272727,5.197673350650086,0.0051411894770869,0.0,0.0655624023743987,0.041111,0.392702,0.002181
92,2022,12.6157569885254,22.66363453803909,0.052379,0.0999999999999999,5.533707419038255,0.0046810310262454,0.0,0.1064513077772419,0.04495,0.413313,-0.020084
92,2023,12.8589458465576,22.561281564745112,0.047774,0.0999999999999999,5.888176078828963,0.0069074672476724,0.0,0.0686468719741441,-0.003977,0.375133,0.0914
92,2024,12.8088722229004,22.7626077341861,0.043287,0.0999999999999999,6.0515719676733415,0.0029692067022931,0.0,0.0456348239938299,0.043194,0.443997,0.249646
345,2021,12.1549777984619,20.732525173732014,0.07114,0.4545454545454546,8.190253289927075,0.0234065524395589,0.3826688811154907,0.0747884471761732,0.0518,0.170868,-0.011695
345,2022,12.1915330886841,20.737211405475527,0.065348,0.4166666666666666,8.748040463852337,0.0139640373434024,0.4083855760836422,0.0546298704694621,0.057576,0.133087,-0.125087
345,2023,12.3827476501465,20.806440983722812,0.075056,0.4,10.046773443782769,0.0113147289485307,0.4032012173851606,0.0617407126448474,0.037958,0.16054,0.17111
345,2024,12.4141464233398,20.985019183410724,0.07824,0.4,10.60873484045346,0.0072650379484872,0.3939899623842048,0.0537279955679132,0.052371,0.253363,-0.058562
99,2022,11.1507587432861,21.4823274923915,0.036377,0.5,8.671786748563443,0.019716453268311,0.056354945754754,0.0589093493256678,0.047569,0.11561,0.070822
99,2023,11.4101552963257,21.663114323701503,0.031333,0.4,10.102767210919342,0.0361316865258025,0.0716943193818789,0.0068098033606636,0.035984,0.152463,0.422359
99,2024,11.7045907974243,21.68660770858988,0.040578,0.5,12.306339851100931,0.026436800630882,0.0,0.0805561050041132,0.038335,0.144319,0.25614
42,2020,9.64140129089355,21.878575447701703,0.085403,0.5,17.991372673984802,0.0388581550681419,0.0,0.1795227156677928,0.136397,0.202206,0.054134
42,2022,10.1548671722412,22.378354744307995,0.09173,0.375,27.010157040148187,0.027261619138181,0.2453113755285361,-0.0731748987492736,0.015594,0.421515,0.411902
96,2021,12.0678939819336,21.128760660179744,0.099066,0.5,11.717155470732235,0.0182272591261202,0.1664851716454496,0.0527367480376479,0.030862,0.251777,-0.108181
96,2022,12.2658185958862,21.23783697643461,0.093436,0.4285714285714286,11.905418933421355,0.0213643937087056,0.2569671658698278,0.077995939932864,0.05717,0.272747,0.104003
96,2023,12.3728284835815,21.428622086182592,0.096015,0.2857142857142857,14.713264806762968,0.0110304114055081,0.3460535121710493,0.0686607809111862,0.033745,0.404118,0.213933
96,2024,12.7362146377563,21.50294677497394,0.100064,0.375,11.983012216938269,0.0061379886788846,0.3807379204476243,0.1027665606000139,0.041355,0.407082,-0.019573
154,2021,13.053258895874,21.335858930985943,0.05047,0.1818181818181817,6.874880110627853,0.009709668709232,0.590922327883325,0.1199672305821635,0.072939,0.457226,-0.054945
154,2022,13.1304407119751,21.30439550167045,0.064852,0.2222222222222222,9.436982118658223,0.0251624530879587,0.7220221588515633,-0.041404508233879,-0.032753,0.502372,0.102438
154,2023,13.0919752120972,21.34675747261416,0.069075,0.2222222222222222,8.472701316341727,0.0521831729950735,0.7675233692025906,0.0199378347050016,-0.070225,0.600326,-0.059275
154,2024,13.0962266921997,21.41627131201161,0.059631,0.3333333333333333,7.587055721327522,0.0348770031914211,0.7530907528768852,-0.0147767196340119,-0.052907,0.658633,-0.061628
38,2024,14.2302093505859,22.71887798482016,0.099411,0.6,8.02226058137653,0.0339625786510124,0.5467013917675424,0.0089621911985332,0.024335,0.277804,0.319613
182,2021,12.1084413528442,20.713687839967783,0.076925,0.5,9.174271938468928,0.0271248085274573,0.324883741642979,-0.006486757076211,0.005901,0.497833,0.503993
182,2022,12.0901937484741,21.00402955188973,0.105431,0.5,16.737802346369715,0.010849295182523,0.4860140367314802,-0.0334233966277344,-0.056378,0.683911,-0.095341
182,2023,12.8305768966675,21.20230985097315,0.136487,0.1666666666666666,20.276296137804373,0.0096476375013078,0.5801613412236267,-0.0285524524193269,-0.085498,0.814962,-0.014296
182,2024,13.0463676452637,21.149611576350495,0.10273,0.1666666666666666,19.06477721375167,0.0219559182701366,0.654492132488736,0.0588044839258788,-0.084557,0.870254,0.275416
166,2021,9.63859367370605,20.49417337647065,0.113124,0.5,12.091575113398113,0.0586280126250429,0.0,-0.1084427224867504,0.096125,0.146638,0.359461
166,2022,9.73828983306885,20.434198041130006,0.387516,0.4444444444444444,43.676233516342045,0.0550532422510209,0.0,-0.1300269640189277,-0.117017,0.220516,2.108282
166,2023,10.5608711242676,20.322381837811548,0.252509,0.3,34.6867318823336,0.0248820748180418,0.0,0.0402327752879293,-0.143818,0.26718,1.011281
166,2024,11.3712520599365,20.41726418768084,0.140118,0.1111111111111111,16.742742682165716,0.0148175452232129,0.1055865518603311,0.0397073796452936,0.015806,0.316528,0.028785
19,2022,12.190037727356,21.28603146695096,0.071956,1.0,11.267964466782349,0.0691025019716721,0.0,-0.0206904724911517,0.031787,0.138343,-0.772668
19,2023,12.4670400619507,21.21550642109121,0.982068,1.0,156.97519382999712,0.6883760135845757,0.0,0.0021826849734043,-0.013783,0.155982,0.292041
19,2024,12.2323083877563,21.16581488626917,0.199588,1.0,27.678266395732663,0.0056573465714148,0.0,0.0112937634133666,-0.001865,0.146512,1.171385
317,2021,10.2620058059692,20.83235117228618,0.08322,0.1818181818181817,27.86846047558586,0.0441978886807425,0.2035586208628357,0.0175849721147285,0.023732,0.17731,0.303532
317,2022,9.12154674530029,20.70781180117709,0.142523,0.1818181818181817,54.10041697366616,0.0111096568109561,0.2083873868538526,-0.0818147833230053,-0.111032,0.180864,0.016413
282,2020,11.4065256118774,21.4825394943278,0.096575,0.25,13.188723379917755,0.0140690800533464,0.1803803567195769,0.0323324966900942,0.050101,0.230391,3.672798
282,2021,10.8710765838623,21.64512768650944,0.13078,0.3333333333333333,13.146543712506045,0.0536890446769119,0.242926477034761,0.0311010175547956,0.053613,0.275692,2.703557
282,2022,11.3376293182373,21.6885645074697,0.194502,0.1428571428571429,16.75464210726379,0.0476371551542302,0.3189778928175939,0.0156429554877795,0.010421,0.322944,1.366331
282,2023,12.0134191513062,21.740465061543624,0.312416,0.1818181818181817,25.63854678052464,0.0738524756367663,0.3333163048381889,-0.0309295608038258,-0.017561,0.36477,0.427113
282,2024,12.1973524093628,21.552323147515462,0.657677,0.2727272727272727,53.10292351204382,0.0804963810742518,0.0,-0.1320069766684339,-0.120202,0.267958,6.44703
440,2020,11.9772901535034,21.12832576139209,0.094648,0.1818181818181817,9.384035350549182,0.0408540508574001,0.2944845968707746,0.0235476437878607,0.026398,0.216597,0.00151
440,2021,11.8323965072632,21.17162379944443,0.082293,0.15,9.78883049501084,0.0367685937284882,0.3101148818887554,0.0217438822443591,0.03342,0.232929,0.24399
440,2022,11.8707466125488,21.17740134508749,0.076388,0.1578947368421053,8.895478524412994,0.0230648352445623,0.3314540078689029,0.0855670160334526,0.040825,0.235033,-0.14447
440,2023,11.9451971054077,21.113399310273408,0.08567,0.4,12.7256308442667,0.0256469233356116,0.3297049049554257,0.0534251582956301,-0.032188,0.23182,0.010512
440,2024,11.8134279251099,21.30108733452858,0.075175,0.4,9.625662285812666,0.0157109974915672,0.3034228048600817,0.014396725421565,0.036435,0.327446,0.231167
313,2022,12.2740955352783,21.461647255811016,0.332532,0.3333333333333333,12.945834106380104,0.0417472095429072,0.2751923491551623,0.0574574519968522,0.015908,0.051441,0.012551
313,2023,11.6547813415527,21.484609289177907,0.415711,0.1428571428571429,27.79826866622835,0.024321639574025,0.4151014373649534,0.0217944248856185,-0.019407,0.064336,0.04252
313,2024,11.4222803115845,21.42911908815495,0.204681,0.1428571428571429,18.73206039673887,0.005625746489678,0.470734396662391,0.0260933390417631,0.022269,0.061724,0.007115
258,2022,10.813193321228,21.937956819800565,0.051326,0.3333333333333333,19.46331963138407,0.0272460658819511,0.0600258882821684,-0.0831157159358516,0.017564,0.053796,0.373577
258,2023,10.8189392089844,21.87101109696172,0.0564,0.2857142857142857,16.882591819709432,0.020036089210132,0.0,0.0065734215563504,-0.006965,0.056946,0.422921
194,2022,11.4753723144531,21.87756369399861,0.080058,0.1666666666666666,14.04784161833463,0.0298858568674196,0.1110880147211031,0.0485179942532287,0.054751,0.015579,-0.079906
194,2023,11.5234575271606,21.86715636633325,0.180907,0.4,38.40058428594849,0.0151279161746255,0.1228018606615951,-0.0007481427196454,0.004904,0.029439,-0.257369
194,2024,11.6040935516357,21.786403641864013,0.12311,0.3,39.77934412994266,0.0070469242049189,0.1335200197328255,-0.0263034117168043,-0.016256,0.05049,-0.193442
158,2021,11.8446645736694,22.14998551788715,0.043478,0.5555555555555556,29.058915980831703,0.0409804476543918,0.1812185633163709,0.1445865131769537,0.134291,0.191623,0.060222
158,2022,11.9982576370239,22.533337943936694,0.039259,0.4444444444444444,25.03884188063868,0.0294368880796336,0.170223751217924,0.0525759051002357,0.182832,0.156723,-0.166934
158,2023,12.3409109115601,22.852847926615706,0.044662,0.4444444444444444,33.639672815321106,0.0487621592718037,0.2144095556348878,-0.0841917812114877,0.08903,0.291231,-0.152458
158,2024,12.3848295211792,22.92504810101912,0.044132,0.4444444444444444,31.79923466116725,0.0370832007110925,0.206878971397001,0.0810149789684875,0.061913,0.276182,0.019143
141,2022,9.02456283569336,23.44404258871801,0.027759,0.1578947368421053,19.244785223089885,0.0231594073290744,0.0,-0.0402893838942692,-0.043527,0.537883,0.504034
141,2023,8.88587093353271,23.39310537820547,0.022876,0.1666666666666666,17.54826269147659,0.0254800258700436,0.0435005380788698,-0.0583509631828001,-0.024305,0.53807,0.398587
141,2024,9.93325138092041,23.34326935111273,0.027236,0.1764705882352941,19.69826984243255,0.0214141467354396,0.1016384172320224,0.0511569361939765,-0.019871,0.534524,1.033142
108,2020,12.7336874008179,23.528593721470116,0.053018,0.2916666666666666,8.11318539851792,0.0182138299675063,0.307762746486553,0.1108156840439204,0.064099,0.286208,0.143982
108,2021,12.7689151763916,23.822962081838856,0.047683,0.6666666666666667,7.711206423183653,0.0198871762898673,0.2421511219184523,0.155666701607948,0.101743,0.211381,-0.061045
108,2022,12.824197769165,23.998816832191867,0.054449,0.2941176470588235,9.156035833747188,0.011574296054971,0.2590623402514266,0.1155883146250432,0.098237,0.217785,-0.023145
108,2023,12.9824819564819,24.09795700629612,0.066169,0.25,11.656989032743576,0.0185558064601946,0.2634713779369899,0.0594780154219177,0.049226,0.191161,-0.051831
108,2024,13.1329402923584,24.09423867590476,0.051703,0.2941176470588235,11.534419120088575,0.0178670708076313,0.2921734784490117,0.0699487788239862,0.022734,0.165283,-0.02378
373,2022,14.3317165374756,21.38453836721887,0.053015,0.4285714285714286,4.440033273766185,0.0354554754614855,0.3975067722596612,0.1541150497844515,0.057203,0.280598,-0.253814
373,2023,14.2281856536865,21.565948740273253,0.054017,0.375,5.2365445752035695,0.0384383031330744,0.487940848672562,0.0717688013323539,0.063054,0.349624,0.09694
373,2024,14.5681076049805,21.53099834756521,0.048956,0.4285714285714286,4.296438189114697,0.0166522077043127,0.541339269132644,0.1190252779230741,0.085245,0.379005,0.319753
248,2022,11.2958641052246,21.31535215821386,0.070998,0.375,14.951399261129165,0.036339901304214,0.0,-0.2490188511974773,0.01173,0.064137,-0.002972
248,2023,11.2179231643677,21.22827954847443,0.094221,0.375,32.84643822970651,0.0347737005525287,0.0,-0.1002148292140718,-0.104187,0.077429,0.321556
248,2024,10.9963731765747,21.114453990609597,0.094914,0.4285714285714286,27.192357448473427,0.0264918348112179,0.0,-0.0825278398307843,-0.108876,0.07782,0.259537
451,2022,13.2258625030518,22.325529590063955,0.032123,0.0,7.206926831024122,0.0450057634956377,0.0,0.0866902328663797,0.086475,0.113736,-0.190266
451,2023,13.2099599838257,22.341278151277432,0.034737,0.0,8.561205404296564,0.0784928928474991,0.2425289233257983,0.0528732565966181,0.057159,0.091709,-0.345111
451,2024,13.1708421707153,22.403678083218228,0.039242,0.0,7.859935332541222,0.0551114017491069,0.2534616560313802,0.0427306022691826,0.050156,0.106343,-0.162059
255,2022,11.5109071731567,22.29536221190754,0.105591,0.3076923076923077,11.309988732225742,0.0128454637018432,0.0289287998459854,-0.0468922347095883,0.070271,0.119092,0.165409
255,2023,12.1677579879761,22.402317064743016,0.071281,0.1818181818181817,11.799470645573312,0.0099164433848881,0.0509681186881116,-0.0060358586192919,0.114251,0.110875,-0.017382
255,2024,12.3903217315674,22.417095315563486,0.096612,0.1666666666666666,14.346679976256594,0.0068029846187035,0.1103074316886212,-0.0471637858643032,0.057411,0.08957,0.160652
392,2022,9.89913654327393,21.40308171973953,0.078713,0.375,20.079952080274253,0.0454328196671588,0.0222511628831293,-0.0030426718295214,0.054322,0.045619,1.154499
392,2023,10.2744064331055,21.45531091632031,0.110228,0.375,27.43457670662372,0.0690964702432203,0.086416208504447,0.0419728308074066,0.036424,0.076661,-0.07716
392,2024,10.0456256866455,21.502852369851915,0.109138,0.375,27.687115766196285,0.0677656942516038,0.1287304303798846,0.0099905541281319,0.022885,0.125064,1.561065
60,2022,12.619556427002,21.55429657461128,0.109772,0.3333333333333333,9.576275498041309,0.0294669222029286,0.2330599450427376,0.0164391910771553,0.043698,0.084163,0.266412
60,2023,12.9052352905273,21.52825950696163,0.179401,0.3333333333333333,21.430267680720377,0.0961702142038889,0.2545167823539684,-0.0077792600067002,0.008709,0.053648,0.606892
60,2024,13.2091655731201,21.487591105122466,0.103187,0.4285714285714286,21.61914449968962,0.0079062495337854,0.2758537733801804,0.0088291498655998,-0.002856,0.03482,0.275357
304,2021,10.6663408279419,20.67824712406189,0.088839,0.2222222222222222,5.645336055712502,0.0741273434323595,0.0,0.0516927230624425,0.119815,0.118555,-0.00814
304,2022,10.2674531936646,20.58630358536447,0.18285,0.2222222222222222,12.586803603974609,0.0455187814916738,0.0782157609249142,0.1368824625585803,0.05142,0.086971,1.917864
304,2023,10.5835275650024,20.67911642917994,0.17638,0.3333333333333333,11.419214159868462,0.099310318867926,0.0913423592423241,0.01313591161443,0.051948,0.109678,0.325745
304,2024,10.8135137557983,20.655987468284163,0.255246,0.375,28.28908306796557,0.0414445434767021,0.1157669728689213,0.0169688995086773,-0.02793,0.131477,-0.878746
173,2020,12.599232673645,22.01052451156008,0.018478,0.5714285714285714,4.859806763206834,0.0145348042052954,0.182706704502968,-0.008501669088331,0.037472,0.284301,0.2068
173,2021,12.6763019561768,22.34506511264681,0.017462,0.4285714285714286,5.22514550141355,0.0072341237883312,0.2108218823495882,0.0095981406480306,0.078884,0.42834,-0.111913
173,2022,13.1235456466675,22.31024672595585,0.016815,0.5,6.73846547774935,0.0190985389313547,0.3177387075074326,0.058367150084246,0.009181,0.452474,0.176949
173,2023,13.1298809051514,22.226175682324183,0.014003,0.4285714285714286,6.130932874877859,0.0133375717113241,0.3633294980076806,0.0057689514590471,-0.028809,0.45553,-0.158499
173,2024,13.3864164352417,22.24312700235757,0.019292,0.375,5.086225610688996,0.0125787635327885,0.3552413857648826,0.0711591190673726,0.011007,0.468627,0.100849
280,2023,12.0476293563843,21.579197659324485,0.136655,0.4285714285714286,26.911398436311277,0.047763969488575,0.0648571301129581,-0.0035721877138489,0.026896,0.06887,1.394721
280,2024,12.4862813949585,21.63781973167177,0.079329,0.4285714285714286,22.729231490728743,0.0142656337515882,0.0937786049683016,0.0595832202809668,0.030698,0.104775,2.296201
229,2022,12.2817115783691,22.20741256360604,0.023548,0.5,4.23341337158455,0.0046457003879589,0.1798384246305584,-0.1570074454712748,0.016145,0.451043,-0.000894
229,2023,12.3216676712036,22.5689452640994,0.040256,0.5,6.9617836264694,0.0,0.1906301770006404,-0.310535530157656,-0.099625,0.69662,0.507234
229,2024,12.7566785812378,22.797814937396872,0.041991,0.5,6.682893694010851,0.0052634563075017,0.2184604757391836,0.0668007206818133,0.016988,0.694664,0.054014
15,2021,10.893479347229,21.20697231886923,0.100773,0.4615384615384615,6.755612453387094,0.0023148933685954,0.2424894051290482,-0.0137646747578055,0.037304,0.364681,0.223355
15,2022,11.0056428909302,21.5275525384836,0.071413,0.5,6.214565194807858,0.0106777572587119,0.250314862411094,-0.0156239142037384,0.038842,0.50638,0.18341
15,2023,11.5600576400757,21.782501460258928,0.072587,0.4166666666666666,6.4119754157762765,0.003960519982793,0.3290456593759412,0.082320248099779,0.055128,0.547592,0.164738
15,2024,12.0026836395264,21.926309850292512,0.070803,0.5384615384615384,5.950135854106526,0.0194758068540136,0.3633761258838263,0.0997498260692829,0.070149,0.519504,0.034158
352,2021,14.6084461212158,24.223994812812045,0.028126,0.1875,10.230016945630735,0.0093001337187463,0.0,0.0028397200323911,-0.028521,0.474999,0.205777
352,2022,14.9714059829712,24.153802978937588,0.028761,0.1538461538461538,10.337087878712117,0.0081761789806288,0.0,-0.0009369127330447,-0.051849,0.488398,-0.400123
352,2023,15.1222162246704,24.07108443781605,0.036371,0.1428571428571429,15.52213845176215,0.0127469371279734,0.0,-0.0097804493534449,-0.114076,0.558351,0.556552
352,2024,15.2326030731201,24.110854633747216,0.022061,0.1538461538461538,9.988666000479578,0.0064291842133708,0.0,-0.0058284965956669,-0.085085,0.660947,-0.032038
346,2021,10.9524536132812,21.811232043123734,0.022756,0.5,5.55575378677452,0.0119731419390424,0.1648435472572698,-0.0360603383466112,0.032503,0.563864,0.454986
346,2022,11.1638326644897,21.759852692404984,0.029943,0.5,6.990250459624894,0.0150934964194492,0.234087787777789,-0.0081275713583991,0.020343,0.543695,0.005472
346,2023,11.2379236221313,21.818975668839077,0.043989,0.5,7.509500459407244,0.0055273285851975,0.2843458147068448,-0.0667000528461185,-0.068607,0.659503,0.434101
346,2024,11.4011688232422,22.029866406555275,0.032892,0.5,6.919519319487147,0.0052907275405603,0.3033078546507557,0.021479194931405,-0.041035,0.753933,0.161467
452,2020,8.38704586029053,20.44699729388188,0.035997,0.375,17.579980500897875,0.0628283092084855,0.0328591204801627,0.047497288935966,0.084934,0.113181,0.122456
452,2021,8.58389282226562,20.5825897087482,0.047548,0.375,21.10660774793216,0.0503357687944963,0.1517599184046409,0.0268551522704954,0.069394,0.179419,0.232927
452,2022,9.50481128692627,20.72334444181697,0.056427,0.375,17.17951921096362,0.071760029958045,0.1651820837033715,0.0388188820468728,0.095444,0.208695,0.306615
452,2023,9.26375198364258,20.800290272434182,0.071471,0.3333333333333333,13.985770557923257,0.0613111253619285,0.0,0.0477280491135114,0.100743,0.175626,0.179302
452,2024,9.58006191253662,20.727724839382397,0.134424,0.3333333333333333,20.59059369049005,0.0541623447963337,0.0,0.0651313399295947,0.032678,0.1425,0.273933
90,2021,10.894980430603,20.985820944109967,0.107655,0.625,21.058516960550143,0.0596235943515668,0.1323492051874886,0.051867858138131,0.085764,0.31813,0.737233
90,2022,10.7874488830566,21.133276948690835,0.084341,0.5714285714285714,21.10068909650042,0.0450597948059369,0.1323862786499779,-0.0705148569233617,0.050027,0.348023,1.612561
90,2023,10.6092748641968,21.15090132932731,0.07526,0.5,18.59410196704074,0.0535111263183743,0.1191889714739313,0.0038395506157623,0.062764,0.291647,1.822306
90,2024,10.4673852920532,21.14779125585628,0.101703,0.6,22.611722491330347,0.0507358063713508,0.0,0.0402819401863541,0.012725,0.277547,3.66052
240,2021,11.9219665527344,20.561559695858392,0.044776,0.4444444444444444,6.575097761240962,0.0074287267559783,0.2982690590641664,0.1003295288433102,0.075322,0.238036,-0.18917
240,2022,12.6062183380127,20.76832717640576,0.057009,0.5,6.658493996347209,0.0241059047951816,0.4620155461055975,0.078611022989806,0.044304,0.345625,0.061301
240,2023,12.3719491958618,20.75955912456969,0.065691,0.5,7.000450510538661,0.0127949166098957,0.5081496843275404,0.0358277815721755,0.01299,0.332414,0.058069
240,2024,12.2395095825195,20.85564895919452,0.065043,0.5,6.77153653984731,0.0170237415023868,0.5544740500971822,0.0790204201273039,-0.001729,0.404042,0.075877
179,2021,11.564582824707,20.360044290189407,0.040512,0.5,7.565664939516872,0.0233944840894371,0.1499500984420453,0.1490422541435321,0.148609,0.178691,-0.132504
179,2022,12.3663444519043,21.01598686107278,0.087738,0.5555555555555556,18.65604283498742,0.0294044847143284,0.19106874987928,0.0505126436222151,0.028454,0.061445,-0.093304
179,2023,12.3005704879761,21.04417413747772,0.103335,0.5,25.25600644231441,0.0284570876203678,0.2349952991468521,-0.0080218520656657,-0.015168,0.111572,0.236771
179,2024,12.5421733856201,21.06548454329554,0.059476,0.5,10.007312191546756,0.007442518410987,0.2651578964873778,0.0099790839444863,-0.006135,0.14153,0.355538
228,2021,10.4686975479126,20.61336511618236,0.058087,0.5714285714285714,5.108436446409724,0.0067125956831067,0.1263004778639358,0.0624999281746372,0.100185,0.199425,-0.098914
228,2022,10.6786327362061,20.66334456138837,0.074584,0.75,6.774835879698461,0.0091837261467442,0.2088519658312988,0.0802749955223677,0.060275,0.224792,-0.446213
228,2023,10.9541282653809,20.629839037803773,0.091082,0.625,7.894554006593949,0.0070358217933758,0.3002090229132396,0.0573913937258199,-0.014327,0.230943,-0.179543
228,2024,10.7839641571045,20.72741223528326,0.078394,0.625,6.549024043784546,0.0052143900853074,0.0,0.0997821440588602,0.044644,0.285021,-0.120755
330,2021,10.2816896438599,20.75851381892552,0.037568,0.2857142857142857,7.985714952747683,0.0410668322968833,0.2124493173876871,0.1294842278800735,0.1752,0.195707,0.166414
330,2022,10.5310640335083,20.84721354090655,0.043393,0.375,9.345561134731822,0.0311855672105073,0.2555887557122387,0.0755495237671696,0.129591,0.210972,0.413594
330,2023,10.8011436462402,20.940646845739263,0.057372,0.3,11.889782268785009,0.0304451748736138,0.3031478693779054,0.056403419158272,0.108679,0.219894,0.459942
330,2024,11.0702066421509,21.16389241266474,0.074306,0.3,12.960265820662816,0.0233051682757039,0.3111996740207908,0.0060174532920222,0.072743,0.310027,0.660301
297,2020,11.1468725204468,20.592603835108417,0.052,0.5,7.815044511822131,0.0214816029783719,0.2542009217974901,0.0037903173939363,0.082885,0.163619,-0.138541
297,2021,11.069785118103,20.733221091668646,0.06158,0.6666666666666667,6.541627159079824,0.0155536385591915,0.3467862225351495,0.0438777614758681,0.108297,0.202222,0.049818
297,2022,11.3586196899414,21.42485176473499,0.056559,0.6666666666666667,7.814749151242109,0.0173985579215768,0.2429704924855933,0.0436386168118411,0.083526,0.141691,-0.229426
297,2023,11.3111171722412,21.39116405358816,0.081638,0.5714285714285714,10.64720247967961,0.0143284832983379,0.3298141202169042,0.0409830542115032,0.034136,0.114467,0.209222
297,2024,11.3442640304565,21.50092957515979,0.073595,0.625,8.871551664190452,0.0100377501722696,0.4060682532704286,0.0535167242532914,0.050697,0.170897,0.309712
12,2021,10.9067497253418,20.69008735523401,0.087762,0.875,5.576460180100094,0.0205851895584831,0.3034356450092537,0.0828273513587629,0.07003,0.136253,0.015722
12,2022,11.4246644973755,20.85368224546278,0.073384,0.8888888888888888,5.417925039494541,0.0102231893221104,0.371575948300168,0.0672123669557257,0.042402,0.113596,0.083425
12,2023,11.7511396408081,20.885245767990117,0.082192,0.8,5.428734496321798,0.0094487875549999,0.4572543902482731,0.0405166668454135,0.022643,0.104821,-0.03134
12,2024,11.6319608688354,21.09612954139936,0.081535,0.6666666666666667,5.620317285459513,0.016192299328385,0.5623484952046108,0.0276549477112811,0.025489,0.257141,0.153606
433,2021,12.196798324585,21.05287870847781,0.044522,0.4285714285714286,5.708532748398524,0.0060288645176327,0.0,0.0811911528397677,0.101315,0.227181,0.018919
433,2022,12.4950742721558,21.367005371754907,0.053925,0.3333333333333333,6.983932754758839,0.0150914618948528,0.0,0.0558122219461532,0.045378,0.325709,-0.015765
433,2023,12.5005865097046,21.411542626523627,0.060469,0.25,6.05773980030374,0.0150141154238025,0.0,0.0510766980692536,0.032063,0.336039,-0.111942
433,2024,12.3491439819336,21.514360710045803,0.054674,0.25,6.165774289713647,0.0048038710039629,0.0,0.0303858257020327,0.030983,0.380974,0.220526
129,2021,9.25030136108398,22.360471631804423,0.026161,0.4666666666666667,6.510638646267836,0.0162479468841624,0.2382140014333319,0.1042964719341005,0.094052,0.462742,0.455582
129,2022,9.77893447875977,22.38833936598651,0.03351,0.4666666666666667,8.933472527724009,0.0231512865862355,0.232465381427387,-0.0111539626140081,0.094796,0.406199,0.582915
129,2023,9.90110206604004,22.442851751317573,0.042179,0.4,10.720170698562796,0.0313746525815258,0.2156987489590928,0.0677632043225515,0.021462,0.441081,0.427375
129,2024,10.0289058685303,22.39451232766263,0.034192,0.4375,10.79856689523079,0.025912628660893,0.219141370149547,0.0432882675680198,0.022536,0.446153,0.647878
100,2021,11.6691789627075,20.970684248277703,0.033016,0.3333333333333333,6.883173478958056,0.0454855127963419,0.0,-0.0578387361848959,0.053287,0.315614,0.333004
100,2022,12.3826942443848,21.24739439313492,0.034031,0.4,6.940835635027427,0.0082649291758854,0.2170218326590421,-0.048191070029552,0.046501,0.428245,0.104088
100,2023,12.7354745864868,21.635143219272607,0.04108,0.4,7.183867044098445,0.0071437414372946,0.3382934995708732,-0.0593216952139849,0.045886,0.54086,-0.004574
100,2024,13.0949945449829,21.679354923072484,0.043948,0.4545454545454546,8.244297206300773,0.0115673931670373,0.3943087498942594,0.0469038331569794,-0.008818,0.585786,0.025075
14,2021,11.4767808914185,23.31130394761953,0.017703,0.1999999999999999,7.432132044548592,0.0069639049158387,0.1328036464922986,0.033029597811742,0.094594,0.432509,0.110756
14,2022,11.8766498565674,23.622056495403925,0.055944,0.0999999999999999,9.175985317536732,0.0069317519456302,0.4653645845407899,0.0243998544151714,0.024175,0.565043,0.075693
14,2023,15.3016805648804,23.72910823630845,0.053096,0.1111111111111111,16.93315103035968,0.0306409440918656,0.4847452357004312,0.0200489087523205,0.002388,0.60997,0.123208
14,2024,15.038649559021,23.833212904614868,0.035451,0.1111111111111111,14.909751560170632,0.0335340356657379,0.4511124417071309,0.0427064693554512,0.008332,0.653222,0.036919
121,2021,11.6754121780396,21.428696302557857,0.022833,0.125,8.295106744033658,0.0161969018222561,0.0242219079654941,0.0897835711084226,0.143798,0.045833,-0.10508
121,2022,11.4750776290894,21.60145792214078,0.036034,0.125,16.067155012846282,0.0231546769562927,0.0328440478183609,-0.0542038112055863,0.03455,0.17553,-0.170948
121,2023,11.5427141189575,21.472155523689214,0.041097,0.0999999999999999,16.972919654841323,0.0074501234960215,0.0563179567821316,0.0103236160435229,-0.022828,0.087902,0.20543
121,2024,11.2330179214478,21.6704805568068,0.032481,0.0999999999999999,13.416018214223213,0.0119288955980394,0.1293637227978387,0.0413250983310776,0.113405,0.14002,-0.070919
159,2021,9.7702112197876,21.425513156543914,0.106842,0.4166666666666666,4.336923347636355,0.0228920959212582,0.0728222248649603,0.0255306739881413,0.081683,0.19473,0.610189
159,2022,10.3017807006836,21.5334705908786,0.066117,0.4,4.899422074077389,0.0021755688561591,0.0774286765520704,0.0052031787544034,0.073853,0.2244,0.067608
159,2023,10.5667810440063,21.58378961307152,0.080919,0.3636363636363636,5.244255524718888,0.0116467709967421,0.0959276021380991,0.03600950096812,0.038215,0.223089,0.196918
159,2024,10.7348823547363,21.61863855807331,0.107992,0.4545454545454546,6.823776756838283,0.0032914129748388,0.1353462213990669,0.0475713066005056,0.019218,0.244838,-0.204423
50,2020,9.36481094360352,21.859919934758462,0.087309,0.2857142857142857,27.742505147752077,0.0109974135868069,0.0,0.0177446199513003,0.056383,0.087435,5.596993
50,2021,10.1826238632202,21.851516537793906,0.078783,0.2857142857142857,32.53830977723657,0.0215239151279307,0.0,-0.0292829135571171,0.057074,0.045126,-0.634642
50,2022,9.93876934051514,21.768057722023737,0.222079,0.3636363636363636,87.20196181264464,0.03704906350381,0.0,-0.004517932797056,-0.068929,0.054614,-0.121517
50,2023,9.87258815765381,21.668023605442663,0.256843,0.3,104.27831034958128,0.0144015360641685,0.0,-0.0501845544791201,-0.086127,0.053027,0.346271
50,2024,9.85872173309326,21.557917599554784,0.272683,0.3333333333333333,113.0357435924144,0.0056570006520102,0.0,-0.0306018705648054,-0.120963,0.064536,-0.376738
107,2021,12.5244464874268,22.21672512514773,0.056317,0.2857142857142857,17.908250635112356,0.0137827747827216,0.1468135530083262,0.0643425966370245,0.064762,0.162736,0.119217
107,2024,12.7539024353027,22.350246412146205,0.049279,0.25,17.35882128477266,0.022248857136251,0.2778093449999005,0.0790969136742131,0.05009,0.229024,-0.27763
298,2021,11.2150211334229,21.15301865747906,0.032636,0.4285714285714286,5.133420448978022,0.0103285647869187,0.1400724615344637,0.0250839682681437,0.074041,0.350822,0.189896
298,2022,11.1790456771851,21.81615143806569,0.024561,0.4285714285714286,5.423961065094164,0.0094546757719424,0.1513403522683141,0.0361756182478399,0.084876,0.366154,0.071613
298,2023,11.3139848709106,21.951298662978317,0.055593,0.3333333333333333,7.449216949358445,0.0078228553158954,0.2659575290928038,0.0480805991959259,0.039992,0.421834,0.311034
298,2024,11.4257173538208,22.186813777832445,0.048264,0.3333333333333333,6.088116343677456,0.0115909205562208,0.2732253264977844,0.0132280189727477,0.041165,0.506684,0.307092
187,2020,14.7624702453613,26.04433077449773,0.056876,0.375,17.00691088824828,0.0906061798404984,0.0,0.0643899486755859,0.019654,0.307748,-0.126616
187,2021,15.0096464157104,26.16105295536003,0.046131,0.3333333333333333,11.564745101083522,0.0684956097048399,0.0,0.0906568939101278,0.048721,0.295556,0.105492
187,2022,15.0890760421753,26.443917526268752,0.061426,0.2857142857142857,10.00286290814112,0.0,0.0,0.119930404250665,0.048028,0.338898,-0.107718
187,2023,15.2406616210937,26.54768119960649,0.069676,0.2857142857142857,11.030948328109623,0.0568105603428034,0.0,0.068095323817437,0.018898,0.354523,0.031555
187,2024,15.4858503341675,26.5909096782949,0.066361,0.2857142857142857,9.424808856457338,0.0493127414436781,0.0,0.0641133229275962,0.015203,0.351732,0.019696
29,2021,10.429461479187,22.76090137033153,0.056881,0.5,5.505264862447182,0.0018099779304819,0.0,-0.021043048783094,0.053177,0.443086,-0.217491
29,2022,10.5887384414673,22.963217209843386,0.059296,0.4666666666666667,5.75967310578984,0.0028510418677526,0.0,0.1691810371588356,0.04776,0.473471,-0.113635
29,2023,10.7002754211426,23.107396767879763,0.066113,0.5,6.025587857078506,0.0040427503860661,0.0,0.2137828811693738,0.054952,0.489964,-0.14299
29,2024,10.5843992233276,23.475519126008688,0.058939,0.4545454545454546,5.819538049105646,0.0055639836726504,0.0,0.2139108085692379,0.069223,0.602344,-0.223759
391,2021,11.6964302062988,21.98465668930525,0.048217,1.0,4.573112075986462,0.0178229649497424,0.3231832494655268,0.0861370147213699,0.042825,0.569124,0.254132
